[1/942] Scanning /Users/swayamsingal/Desktop/Programming/Kairo/Foundation/KairoMath/Transform.cppm for CXX dependencies
[2/942] Scanning /Users/swayamsingal/Desktop/Programming/Kairo/Foundation/KairoMath/Vector.cppm for CXX dependencies
[3/942] Scanning /Users/swayamsingal/Desktop/Programming/Kairo/Foundation/KairoMath/Quaternion.cppm for CXX dependencies
[4/942] Scanning /Users/swayamsingal/Desktop/Programming/Kairo/Foundation/KairoMath/Matrix.cppm for CXX dependencies
[5/942] Scanning /Users/swayamsingal/Desktop/Programming/Kairo/Foundation/KairoMath/TensorAutograd.cppm for CXX dependencies
[6/942] Scanning /Users/swayamsingal/Desktop/Programming/Kairo/Foundation/KairoMath/Decomposition.cppm for CXX dependencies
[7/942] Scanning /Users/swayamsingal/Desktop/Programming/Kairo/Foundation/KairoMath/LinearSolve.cppm for CXX dependencies
[8/942] Scanning /Users/swayamsingal/Desktop/Programming/Kairo/Foundation/KairoMath/Tensor.cppm for CXX dependencies
[9/942] Scanning /Users/swayamsingal/Desktop/Programming/Kairo/Foundation/KairoMath/DynamicMatrix.cppm for CXX dependencies
[10/942] Scanning /Users/swayamsingal/Desktop/Programming/Kairo/Foundation/KairoMath/TensorTraining.cppm for CXX dependencies
[11/942] Scanning /Users/swayamsingal/Desktop/Programming/Kairo/Foundation/KairoMath/Eigen.cppm for CXX dependencies
[12/942] Scanning /Users/swayamsingal/Desktop/Programming/Kairo/Foundation/KairoMath/TensorData.cppm for CXX dependencies
[13/942] Scanning /Users/swayamsingal/Desktop/Programming/Kairo/Foundation/KairoMath/MatrixFunctions.cppm for CXX dependencies
[14/942] Scanning /Users/swayamsingal/Desktop/Programming/Kairo/Foundation/KairoMath/SVD.cppm for CXX dependencies
[15/942] Scanning /Users/swayamsingal/Desktop/Programming/Kairo/Foundation/KairoMath/KairoMath.cppm for CXX dependencies
[16/942] Scanning /Users/swayamsingal/Desktop/Programming/Kairo/Foundation/KairoMath/Optimization.cppm for CXX dependencies
[17/942] Scanning /Users/swayamsingal/Desktop/Programming/Kairo/Foundation/KairoMath/Statistics.cppm for CXX dependencies
[18/942] Scanning /Users/swayamsingal/Desktop/Programming/Kairo/Foundation/KairoGeometry/Ray.cppm for CXX dependencies
[19/942] Scanning /Users/swayamsingal/Desktop/Programming/Kairo/Foundation/KairoGeometry/Line.cppm for CXX dependencies
[20/942] Scanning /Users/swayamsingal/Desktop/Programming/Kairo/Foundation/KairoGeometry/Plane.cppm for CXX dependencies
[21/942] Scanning /Users/swayamsingal/Desktop/Programming/Kairo/Foundation/KairoGeometry/Segment.cppm for CXX dependencies
[22/942] Scanning /Users/swayamsingal/Desktop/Programming/Kairo/Foundation/KairoGeometry/Sphere.cppm for CXX dependencies
[23/942] Scanning /Users/swayamsingal/Desktop/Programming/Kairo/Foundation/KairoGeometry/Triangle.cppm for CXX dependencies
[24/942] Scanning /Users/swayamsingal/Desktop/Programming/Kairo/Foundation/KairoMath/Probability.cppm for CXX dependencies
[25/942] Scanning /Users/swayamsingal/Desktop/Programming/Kairo/Foundation/KairoGeometry/Capsule.cppm for CXX dependencies
[26/942] Scanning /Users/swayamsingal/Desktop/Programming/Kairo/Foundation/KairoGeometry/KairoGeometry.cppm for CXX dependencies
[27/942] Scanning /Users/swayamsingal/Desktop/Programming/Kairo/Foundation/KairoGeometry/OBB.cppm for CXX dependencies
[28/942] Scanning /Users/swayamsingal/Desktop/Programming/Kairo/Foundation/KairoGeometry/Distance.cppm for CXX dependencies
[29/942] Scanning /Users/swayamsingal/Desktop/Programming/Kairo/Foundation/KairoGeometry/ClosestPoint.cppm for CXX dependencies
[30/942] Generating CXX dyndep file Foundation/KairoPhysicsEngine/_deps/KairoPhysicsMath/_deps/KairoMath/CMakeFiles/KairoMath.dir/CXX.dd
[31/942] Scanning /Users/swayamsingal/Desktop/Programming/Kairo/Foundation/KairoGeometry/Frustum.cppm for CXX dependencies
[32/942] Scanning /Users/swayamsingal/Desktop/Programming/Kairo/Foundation/KairoGeometry/Intersection.cppm for CXX dependencies
[33/942] Scanning /Users/swayamsingal/Desktop/Programming/Kairo/Foundation/KairoGeometry/AABB.cppm for CXX dependencies
[34/942] Scanning /Users/swayamsingal/Desktop/Programming/Kairo/Foundation/KairoPhysicsMath/PhysicsTypes.cppm for CXX dependencies
[35/942] Scanning /Users/swayamsingal/Desktop/Programming/Kairo/Foundation/KairoPhysicsMath/RigidBodyMath.cppm for CXX dependencies
[36/942] Scanning /Users/swayamsingal/Desktop/Programming/Kairo/Foundation/KairoPhysicsMath/Integrators.cppm for CXX dependencies
[37/942] Scanning /Users/swayamsingal/Desktop/Programming/Kairo/Foundation/KairoPhysicsMath/InertiaTensor.cppm for CXX dependencies
[38/942] Scanning /Users/swayamsingal/Desktop/Programming/Kairo/Foundation/KairoPhysicsMath/KairoPhysicsMath.cppm for CXX dependencies
[39/942] Scanning /Users/swayamsingal/Desktop/Programming/Kairo/Foundation/KairoPhysicsMath/MassProperties.cppm for CXX dependencies
[40/942] Scanning /Users/swayamsingal/Desktop/Programming/Kairo/Foundation/KairoPhysicsMath/Force.cppm for CXX dependencies
[41/942] Scanning /Users/swayamsingal/Desktop/Programming/Kairo/Foundation/KairoPhysicsMath/Impulse.cppm for CXX dependencies
[42/942] Scanning /Users/swayamsingal/Desktop/Programming/Kairo/Foundation/KairoPhysicsMath/Contact.cppm for CXX dependencies
[43/942] Scanning /Users/swayamsingal/Desktop/Programming/Kairo/Foundation/KairoPhysicsMath/ConstraintMath.cppm for CXX dependencies
[44/942] Building CXX object Foundation/KairoPhysicsEngine/_deps/KairoPhysicsMath/_deps/KairoMath/CMakeFiles/KairoMath.dir/Vector.cppm.o
[45/942] Scanning /Users/swayamsingal/Desktop/Programming/Kairo/Foundation/Spatial/SpatialTypes.cppm for CXX dependencies
[46/942] Scanning /Users/swayamsingal/Desktop/Programming/Kairo/Foundation/Spatial/BVH.cppm for CXX dependencies
[47/942] Scanning /Users/swayamsingal/Desktop/Programming/Kairo/Foundation/Spatial/BVHBuilder.cppm for CXX dependencies
[48/942] Scanning /Users/swayamsingal/Desktop/Programming/Kairo/Foundation/Spatial/BVHTraversal.cppm for CXX dependencies
[49/942] Scanning /Users/swayamsingal/Desktop/Programming/Kairo/Foundation/Spatial/SpatialQuery.cppm for CXX dependencies
[50/942] Scanning /Users/swayamsingal/Desktop/Programming/Kairo/Foundation/Spatial/DynamicAABBTree.cppm for CXX dependencies
[51/942] Scanning /Users/swayamsingal/Desktop/Programming/Kairo/Foundation/Spatial/SweepAndPrune.cppm for CXX dependencies
[52/942] Scanning /Users/swayamsingal/Desktop/Programming/Kairo/Foundation/Spatial/Octree.cppm for CXX dependencies
[53/942] Scanning /Users/swayamsingal/Desktop/Programming/Kairo/Foundation/Spatial/SpatialHash.cppm for CXX dependencies
[54/942] Scanning /Users/swayamsingal/Desktop/Programming/Kairo/Foundation/Spatial/Quadtree.cppm for CXX dependencies
[55/942] Scanning /Users/swayamsingal/Desktop/Programming/Kairo/Foundation/Spatial/KDTree.cppm for CXX dependencies
[56/942] Generating CXX dyndep file Foundation/KairoPhysicsEngine/_deps/KairoSpatial/_deps/KairoGeometry/CMakeFiles/KairoGeometry.dir/CXX.dd
[57/942] Scanning /Users/swayamsingal/Desktop/Programming/Kairo/Foundation/Spatial/KairoSpatial.cppm for CXX dependencies
[58/942] Scanning /Users/swayamsingal/Desktop/Programming/Kairo/Foundation/Spatial/NavigationGraph.cppm for CXX dependencies
[59/942] Scanning /Users/swayamsingal/Desktop/Programming/Kairo/KairoReflection/KairoReflection.cppm for CXX dependencies
[60/942] Scanning /Users/swayamsingal/Desktop/Programming/Kairo/Foundation/Spatial/AStar.cppm for CXX dependencies
[61/942] Scanning /Users/swayamsingal/Desktop/Programming/Kairo/Foundation/Spatial/SpatialDebug.cppm for CXX dependencies
[62/942] Scanning /Users/swayamsingal/Desktop/Programming/Kairo/KairoReflection/ReflectionTypes.cppm for CXX dependencies
[63/942] Scanning /Users/swayamsingal/Desktop/Programming/Kairo/KairoAssets/AssetTypes.cppm for CXX dependencies
[64/942] Scanning /Users/swayamsingal/Desktop/Programming/Kairo/KairoAssets/AssetID.cppm for CXX dependencies
[65/942] Scanning /Users/swayamsingal/Desktop/Programming/Kairo/KairoReflection/ReflectionRegistry.cppm for CXX dependencies
[66/942] Building CXX object Foundation/KairoPhysicsEngine/_deps/KairoPhysicsMath/_deps/KairoMath/CMakeFiles/KairoMath.dir/Matrix.cppm.o
[67/942] Scanning /Users/swayamsingal/Desktop/Programming/Kairo/KairoAssets/AtomicFile.cppm for CXX dependencies
[68/942] Scanning /Users/swayamsingal/Desktop/Programming/Kairo/KairoAssets/BinaryFormat.cppm for CXX dependencies
[69/942] Scanning /Users/swayamsingal/Desktop/Programming/Kairo/KairoAssets/AssetFingerprint.cppm for CXX dependencies
[70/942] Scanning /Users/swayamsingal/Desktop/Programming/Kairo/KairoAssets/ImportDatabase.cppm for CXX dependencies
[71/942] Scanning /Users/swayamsingal/Desktop/Programming/Kairo/KairoAssets/DerivedDataCache.cppm for CXX dependencies
[72/942] Scanning /Users/swayamsingal/Desktop/Programming/Kairo/KairoAssets/DerivedArtifact.cppm for CXX dependencies
[73/942] Scanning /Users/swayamsingal/Desktop/Programming/Kairo/KairoAssets/MeshArtifact.cppm for CXX dependencies
[74/942] Scanning /Users/swayamsingal/Desktop/Programming/Kairo/KairoAssets/ModelingOperations.cppm for CXX dependencies
[75/942] Scanning /Users/swayamsingal/Desktop/Programming/Kairo/KairoAssets/EditableMesh.cppm for CXX dependencies
[76/942] Building CXX object Foundation/KairoPhysicsEngine/_deps/KairoPhysicsMath/_deps/KairoMath/CMakeFiles/KairoMath.dir/Quaternion.cppm.o
[77/942] Scanning /Users/swayamsingal/Desktop/Programming/Kairo/KairoAssets/AdvancedModelingOperations.cppm for CXX dependencies
[78/942] Scanning /Users/swayamsingal/Desktop/Programming/Kairo/KairoAssets/UVAuthoring.cppm for CXX dependencies
[79/942] Scanning /Users/swayamsingal/Desktop/Programming/Kairo/KairoAssets/MaterialAuthoring.cppm for CXX dependencies
[80/942] Scanning /Users/swayamsingal/Desktop/Programming/Kairo/KairoAssets/EditableMeshDocument.cppm for CXX dependencies
[81/942] Scanning /Users/swayamsingal/Desktop/Programming/Kairo/KairoAssets/SculptProduction.cppm for CXX dependencies
[82/942] Scanning /Users/swayamsingal/Desktop/Programming/Kairo/KairoAssets/Sculpting.cppm for CXX dependencies
[83/942] Scanning /Users/swayamsingal/Desktop/Programming/Kairo/KairoAssets/GltfSceneArtifact.cppm for CXX dependencies
[84/942] Scanning /Users/swayamsingal/Desktop/Programming/Kairo/KairoAssets/TextureArtifact.cppm for CXX dependencies
[85/942] Scanning /Users/swayamsingal/Desktop/Programming/Kairo/KairoAssets/MaterialArtifact.cppm for CXX dependencies
[86/942] Scanning /Users/swayamsingal/Desktop/Programming/Kairo/KairoAssets/SourceWatcher.cppm for CXX dependencies
[87/942] Scanning /Users/swayamsingal/Desktop/Programming/Kairo/KairoAssets/Importer.cppm for CXX dependencies
[88/942] Scanning /Users/swayamsingal/Desktop/Programming/Kairo/KairoAssets/ImporterRegistry.cppm for CXX dependencies
[89/942] Building CXX object Foundation/KairoPhysicsEngine/_deps/KairoPhysicsMath/_deps/KairoMath/CMakeFiles/KairoMath.dir/Transform.cppm.o
[90/942] Scanning /Users/swayamsingal/Desktop/Programming/Kairo/KairoAssets/BuiltinImporters.cppm for CXX dependencies
[91/942] Scanning /Users/swayamsingal/Desktop/Programming/Kairo/KairoAssets/TextureImporter.cppm for CXX dependencies
[92/942] Scanning /Users/swayamsingal/Desktop/Programming/Kairo/KairoAssets/OBJImporter.cppm for CXX dependencies
[93/942] Scanning /Users/swayamsingal/Desktop/Programming/Kairo/KairoAssets/GltfImporter.cppm for CXX dependencies
[94/942] Scanning /Users/swayamsingal/Desktop/Programming/Kairo/KairoAssets/KairoAssets.cppm for CXX dependencies
[95/942] Scanning /Users/swayamsingal/Desktop/Programming/Kairo/KairoAssets/GLBImporter.cppm for CXX dependencies
[96/942] Scanning /Users/swayamsingal/Desktop/Programming/Kairo/KairoAssets/AssetManifest.cppm for CXX dependencies
[97/942] Scanning /Users/swayamsingal/Desktop/Programming/Kairo/KairoAssets/AssetMetadata.cppm for CXX dependencies
[98/942] Scanning /Users/swayamsingal/Desktop/Programming/Kairo/KairoAssets/AssetRegistry.cppm for CXX dependencies
[99/942] Scanning /Users/swayamsingal/Desktop/Programming/Kairo/Foundation/KairoPhysicsEngine/PhysicsEngineTypes.cppm for CXX dependencies
[100/942] Generating shaders/debug_line.frag.spv
/Users/swayamsingal/Desktop/Programming/Kairo/KairoRenderer/shaders/debug_line.frag
[101/942] Generating shaders/debug_line.vert.spv
/Users/swayamsingal/Desktop/Programming/Kairo/KairoRenderer/shaders/debug_line.vert
[102/942] Generating shaders/triangle.frag.spv
/Users/swayamsingal/Desktop/Programming/Kairo/KairoRenderer/shaders/triangle.frag
[103/942] Generating shaders/shadow.vert.spv
/Users/swayamsingal/Desktop/Programming/Kairo/KairoRenderer/shaders/shadow.vert
[104/942] Generating shaders/triangle.vert.spv
/Users/swayamsingal/Desktop/Programming/Kairo/KairoRenderer/shaders/triangle.vert
[105/942] Scanning /Users/swayamsingal/Desktop/Programming/Kairo/Foundation/KairoPhysicsEngine/Collider.cppm for CXX dependencies
[106/942] Scanning /Users/swayamsingal/Desktop/Programming/Kairo/Foundation/KairoPhysicsEngine/RigidBody.cppm for CXX dependencies
[107/942] Scanning /Users/swayamsingal/Desktop/Programming/Kairo/Foundation/KairoPhysicsEngine/PhysicsMaterial.cppm for CXX dependencies
[108/942] Generating CXX dyndep file Foundation/KairoPhysicsEngine/_deps/KairoPhysicsMath/CMakeFiles/KairoPhysicsMath.dir/CXX.dd
[109/942] Scanning /Users/swayamsingal/Desktop/Programming/Kairo/Foundation/KairoPhysicsEngine/Broadphase.cppm for CXX dependencies
[110/942] Generating CXX dyndep file Foundation/KairoPhysicsEngine/_deps/KairoSpatial/CMakeFiles/KairoSpatial.dir/CXX.dd
[111/942] Scanning /Users/swayamsingal/Desktop/Programming/Kairo/Foundation/KairoPhysicsEngine/KairoPhysicsEngine.cppm for CXX dependencies
[112/942] Scanning /Users/swayamsingal/Desktop/Programming/Kairo/Foundation/KairoPhysicsEngine/ContactSolver.cppm for CXX dependencies
[113/942] Scanning /Users/swayamsingal/Desktop/Programming/Kairo/Foundation/KairoPhysicsEngine/PhysicsDebug.cppm for CXX dependencies
[114/942] Scanning /Users/swayamsingal/Desktop/Programming/Kairo/Foundation/KairoPhysicsEngine/Narrowphase.cppm for CXX dependencies
[115/942] Scanning /Users/swayamsingal/Desktop/Programming/Kairo/Foundation/KairoPhysicsEngine/ProjectileSystem.cppm for CXX dependencies
[116/942] Building CXX object Foundation/KairoPhysicsEngine/_deps/KairoPhysicsMath/_deps/KairoMath/CMakeFiles/KairoMath.dir/Probability.cppm.o
[117/942] Scanning /Users/swayamsingal/Desktop/Programming/Kairo/Foundation/KairoPhysicsEngine/Buoyancy.cppm for CXX dependencies
[118/942] Scanning /Users/swayamsingal/Desktop/Programming/Kairo/Foundation/KairoPhysicsEngine/PhysicsWorld.cppm for CXX dependencies
[119/942] Building CXX object Foundation/KairoPhysicsEngine/_deps/KairoSpatial/_deps/KairoGeometry/CMakeFiles/KairoGeometry.dir/Line.cppm.o
[120/942] Building CXX object Foundation/KairoPhysicsEngine/_deps/KairoSpatial/_deps/KairoGeometry/CMakeFiles/KairoGeometry.dir/Ray.cppm.o
[121/942] Building CXX object Foundation/KairoPhysicsEngine/_deps/KairoSpatial/_deps/KairoGeometry/CMakeFiles/KairoGeometry.dir/Segment.cppm.o
[122/942] Building CXX object Foundation/KairoPhysicsEngine/_deps/KairoSpatial/_deps/KairoGeometry/CMakeFiles/KairoGeometry.dir/Plane.cppm.o
[123/942] Generating CXX dyndep file KairoReflection/CMakeFiles/KairoReflection.dir/CXX.dd
[124/942] Building CXX object Foundation/KairoPhysicsEngine/_deps/KairoSpatial/_deps/KairoGeometry/CMakeFiles/KairoGeometry.dir/Capsule.cppm.o
[125/942] Building CXX object Foundation/KairoPhysicsEngine/_deps/KairoSpatial/_deps/KairoGeometry/CMakeFiles/KairoGeometry.dir/Sphere.cppm.o
[126/942] Scanning /Users/swayamsingal/Desktop/Programming/Kairo/KairoAI/AIToolPolicy.cppm for CXX dependencies
[127/942] Scanning /Users/swayamsingal/Desktop/Programming/Kairo/KairoAI/KairoAI.cppm for CXX dependencies
[128/942] Scanning /Users/swayamsingal/Desktop/Programming/Kairo/KairoAI/AIContracts.cppm for CXX dependencies
[129/942] Scanning /Users/swayamsingal/Desktop/Programming/Kairo/KairoAI/AIProvider.cppm for CXX dependencies
[130/942] Scanning /Users/swayamsingal/Desktop/Programming/Kairo/KairoAI/MockAIProvider.cppm for CXX dependencies
[131/942] Scanning /Users/swayamsingal/Desktop/Programming/Kairo/KairoEngineCore/Entity.cppm for CXX dependencies
[132/942] Scanning /Users/swayamsingal/Desktop/Programming/Kairo/KairoEngineCore/TextValidation.cppm for CXX dependencies
[133/942] Building CXX object Foundation/KairoPhysicsEngine/_deps/KairoPhysicsMath/_deps/KairoMath/CMakeFiles/KairoMath.dir/DynamicMatrix.cppm.o
[134/942] Scanning /Users/swayamsingal/Desktop/Programming/Kairo/KairoEngineCore/Components.cppm for CXX dependencies
[135/942] Scanning /Users/swayamsingal/Desktop/Programming/Kairo/KairoAI/DeviceAgent.cppm for CXX dependencies
[136/942] Building CXX object Foundation/KairoPhysicsEngine/_deps/KairoSpatial/_deps/KairoGeometry/CMakeFiles/KairoGeometry.dir/Triangle.cppm.o
[137/942] Scanning /Users/swayamsingal/Desktop/Programming/Kairo/KairoEngineCore/TextFormat.cppm for CXX dependencies
[138/942] Scanning /Users/swayamsingal/Desktop/Programming/Kairo/KairoEngineCore/ProjectDescriptor.cppm for CXX dependencies
[139/942] Scanning /Users/swayamsingal/Desktop/Programming/Kairo/KairoEngineCore/Scene.cppm for CXX dependencies
[140/942] Scanning /Users/swayamsingal/Desktop/Programming/Kairo/KairoEngineCore/RuntimeComponents.cppm for CXX dependencies
[141/942] Scanning /Users/swayamsingal/Desktop/Programming/Kairo/KairoEngineCore/SceneSerialization.cppm for CXX dependencies
[142/942] Building CXX object Foundation/KairoPhysicsEngine/_deps/KairoSpatial/_deps/KairoGeometry/CMakeFiles/KairoGeometry.dir/AABB.cppm.o
[143/942] Scanning /Users/swayamsingal/Desktop/Programming/Kairo/KairoEngineCore/RuntimeSceneCommands.cppm for CXX dependencies
[144/942] Scanning /Users/swayamsingal/Desktop/Programming/Kairo/KairoEngineCore/RuntimeWorld.cppm for CXX dependencies
[145/942] Scanning /Users/swayamsingal/Desktop/Programming/Kairo/KairoEngineCore/NativeGameplay.cppm for CXX dependencies
[146/942] Scanning /Users/swayamsingal/Desktop/Programming/Kairo/KairoEngineCore/ProductionSystems.cppm for CXX dependencies
[147/942] Scanning /Users/swayamsingal/Desktop/Programming/Kairo/KairoEngineCore/NativeGameplayManifest.cppm for CXX dependencies
[148/942] Scanning /Users/swayamsingal/Desktop/Programming/Kairo/KairoEngineCore/CoreReflection.cppm for CXX dependencies
[149/942] Scanning /Users/swayamsingal/Desktop/Programming/Kairo/KairoEngineCore/Event.cppm for CXX dependencies
[150/942] Scanning /Users/swayamsingal/Desktop/Programming/Kairo/KairoEngineCore/ProductionSystemsManifest.cppm for CXX dependencies
[151/942] Scanning /Users/swayamsingal/Desktop/Programming/Kairo/KairoEngineCore/ProductionRuntime.cppm for CXX dependencies
[152/942] Scanning /Users/swayamsingal/Desktop/Programming/Kairo/KairoEngineCore/Input.cppm for CXX dependencies
[153/942] Scanning /Users/swayamsingal/Desktop/Programming/Kairo/KairoEngineCore/Time.cppm for CXX dependencies
[154/942] Scanning /Users/swayamsingal/Desktop/Programming/Kairo/KairoEngineCore/Layer.cppm for CXX dependencies
[155/942] Scanning /Users/swayamsingal/Desktop/Programming/Kairo/KairoEngineCore/InputMap.cppm for CXX dependencies
[156/942] Scanning /Users/swayamsingal/Desktop/Programming/Kairo/KairoEngineCore/Platform.cppm for CXX dependencies
[157/942] Scanning /Users/swayamsingal/Desktop/Programming/Kairo/KairoEngineCore/GameplayVM.cppm for CXX dependencies
[158/942] Scanning /Users/swayamsingal/Desktop/Programming/Kairo/KairoEngineCore/LogicArtifact.cppm for CXX dependencies
[159/942] Scanning /Users/swayamsingal/Desktop/Programming/Kairo/KairoEngineCore/LogicState.cppm for CXX dependencies
[160/942] Scanning /Users/swayamsingal/Desktop/Programming/Kairo/KairoEngineCore/LogicBytecode.cppm for CXX dependencies
[161/942] Generating CXX dyndep file KairoEngineCore/_deps/KairoAssets/CMakeFiles/KairoAssets.dir/CXX.dd
[162/942] Scanning /Users/swayamsingal/Desktop/Programming/Kairo/KairoEngineCore/KairoEngineCore.cppm for CXX dependencies
[163/942] Scanning /Users/swayamsingal/Desktop/Programming/Kairo/KairoEngineCore/CoreDiagnostics.cppm for CXX dependencies
[164/942] Scanning /Users/swayamsingal/Desktop/Programming/Kairo/KairoEngineCore/Logger.cppm for CXX dependencies
[165/942] Scanning /Users/swayamsingal/Desktop/Programming/Kairo/KairoRenderer/Camera.cppm for CXX dependencies
[166/942] Building CXX object Foundation/KairoPhysicsEngine/_deps/KairoSpatial/_deps/KairoGeometry/CMakeFiles/KairoGeometry.dir/OBB.cppm.o
[167/942] Scanning /Users/swayamsingal/Desktop/Programming/Kairo/KairoRenderer/RendererTypes.cppm for CXX dependencies
[168/942] Scanning /Users/swayamsingal/Desktop/Programming/Kairo/KairoEngineCore/Application.cppm for CXX dependencies
[169/942] Scanning /Users/swayamsingal/Desktop/Programming/Kairo/KairoEngineCore/JobSystem.cppm for CXX dependencies
[170/942] Scanning /Users/swayamsingal/Desktop/Programming/Kairo/KairoRenderer/Texture.cppm for CXX dependencies
[171/942] Scanning /Users/swayamsingal/Desktop/Programming/Kairo/KairoRenderer/Mesh.cppm for CXX dependencies
[172/942] Scanning /Users/swayamsingal/Desktop/Programming/Kairo/KairoRenderer/ShadowSettings.cppm for CXX dependencies
[173/942] Scanning /Users/swayamsingal/Desktop/Programming/Kairo/KairoRenderer/Material.cppm for CXX dependencies
[174/942] Scanning /Users/swayamsingal/Desktop/Programming/Kairo/KairoRenderer/AssetAdapters.cppm for CXX dependencies
[175/942] Scanning /Users/swayamsingal/Desktop/Programming/Kairo/KairoRenderer/RenderScene.cppm for CXX dependencies
[176/942] Scanning /Users/swayamsingal/Desktop/Programming/Kairo/KairoRenderer/Window.cppm for CXX dependencies
[177/942] Scanning /Users/swayamsingal/Desktop/Programming/Kairo/KairoRenderer/VulkanSurface.cppm for CXX dependencies
[178/942] Scanning /Users/swayamsingal/Desktop/Programming/Kairo/KairoRenderer/DebugDraw.cppm for CXX dependencies
[179/942] Scanning /Users/swayamsingal/Desktop/Programming/Kairo/KairoRenderer/VulkanDevice.cppm for CXX dependencies
[180/942] Scanning /Users/swayamsingal/Desktop/Programming/Kairo/KairoRenderer/VulkanInstance.cppm for CXX dependencies
[181/942] Scanning /Users/swayamsingal/Desktop/Programming/Kairo/KairoRenderer/VulkanSwapchain.cppm for CXX dependencies
[182/942] Building CXX object Foundation/KairoPhysicsEngine/_deps/KairoSpatial/_deps/KairoGeometry/CMakeFiles/KairoGeometry.dir/ClosestPoint.cppm.o
[183/942] Scanning /Users/swayamsingal/Desktop/Programming/Kairo/KairoRenderer/VulkanCommand.cppm for CXX dependencies
[184/942] Scanning /Users/swayamsingal/Desktop/Programming/Kairo/KairoRenderer/VulkanBuffer.cppm for CXX dependencies
[185/942] Scanning /Users/swayamsingal/Desktop/Programming/Kairo/KairoRenderer/VulkanSync.cppm for CXX dependencies
[186/942] Scanning /Users/swayamsingal/Desktop/Programming/Kairo/KairoRenderer/VulkanDepth.cppm for CXX dependencies
[187/942] Scanning /Users/swayamsingal/Desktop/Programming/Kairo/KairoRenderer/VulkanDescriptor.cppm for CXX dependencies
[188/942] Scanning /Users/swayamsingal/Desktop/Programming/Kairo/KairoRenderer/VulkanTexture.cppm for CXX dependencies
[189/942] Scanning /Users/swayamsingal/Desktop/Programming/Kairo/KairoRenderer/VulkanShadowMap.cppm for CXX dependencies
[190/942] Scanning /Users/swayamsingal/Desktop/Programming/Kairo/KairoRenderer/VulkanViewportTarget.cppm for CXX dependencies
[191/942] Generating CXX dyndep file Foundation/KairoPhysicsEngine/CMakeFiles/KairoPhysicsEngine.dir/CXX.dd
[192/942] Generating CXX dyndep file KairoAI/CMakeFiles/KairoAI.dir/CXX.dd
[193/942] Building CXX object Foundation/KairoPhysicsEngine/_deps/KairoSpatial/_deps/KairoGeometry/CMakeFiles/KairoGeometry.dir/Frustum.cppm.o
[194/942] Scanning /Users/swayamsingal/Desktop/Programming/Kairo/KairoRenderer/KairoRenderer.cppm for CXX dependencies
[195/942] Scanning /Users/swayamsingal/Desktop/Programming/Kairo/KairoRenderer/VulkanBackendContext.cppm for CXX dependencies
[196/942] Building CXX object Foundation/KairoPhysicsEngine/_deps/KairoPhysicsMath/_deps/KairoMath/CMakeFiles/KairoMath.dir/Decomposition.cppm.o
[197/942] Generating CXX dyndep file KairoEngineCore/CMakeFiles/KairoEngineCore.dir/CXX.dd
[198/942] Building CXX object Foundation/KairoPhysicsEngine/_deps/KairoSpatial/_deps/KairoGeometry/CMakeFiles/KairoGeometry.dir/Distance.cppm.o
[199/942] Scanning /Users/swayamsingal/Desktop/Programming/Kairo/KairoRenderer/VulkanTriangle.cppm for CXX dependencies
[200/942] Scanning /Users/swayamsingal/Desktop/Programming/Kairo/KairoRenderer/Renderer.cppm for CXX dependencies
[201/942] Building CXX object Foundation/KairoPhysicsEngine/_deps/KairoPhysicsMath/_deps/KairoMath/CMakeFiles/KairoMath.dir/Tensor.cppm.o
[202/942] Generating CXX dyndep file KairoRenderer/CMakeFiles/KairoRenderer.dir/CXX.dd
[203/942] Building CXX object KairoEngineCore/_deps/KairoAssets/CMakeFiles/KairoAssets.dir/AssetTypes.cppm.o
[204/942] Building CXX object Foundation/KairoPhysicsEngine/_deps/KairoSpatial/_deps/KairoGeometry/CMakeFiles/KairoGeometry.dir/Intersection.cppm.o
[205/942] Scanning /Users/swayamsingal/Desktop/Programming/Kairo/KairoRenderer/PhysicsDebugBridge.cppm for CXX dependencies
[206/942] Building CXX object Foundation/KairoPhysicsEngine/_deps/KairoSpatial/_deps/KairoGeometry/CMakeFiles/KairoGeometry.dir/KairoGeometry.cppm.o
[207/942] Scanning /Users/swayamsingal/Desktop/Programming/Kairo/KairoEditor/TextValidation.cppm for CXX dependencies
[208/942] Scanning /Users/swayamsingal/Desktop/Programming/Kairo/KairoEditor/EditorTypes.cppm for CXX dependencies
[209/942] Scanning /Users/swayamsingal/Desktop/Programming/Kairo/KairoEditor/TextFormat.cppm for CXX dependencies
[210/942] Building CXX object Foundation/KairoPhysicsEngine/_deps/KairoPhysicsMath/CMakeFiles/KairoPhysicsMath.dir/PhysicsTypes.cppm.o
[211/942] Scanning /Users/swayamsingal/Desktop/Programming/Kairo/KairoEditor/DocumentTypes.cppm for CXX dependencies
[212/942] Scanning /Users/swayamsingal/Desktop/Programming/Kairo/KairoEditor/ProjectPaths.cppm for CXX dependencies
[213/942] Building CXX object KairoReflection/CMakeFiles/KairoReflection.dir/ReflectionTypes.cppm.o
[214/942] Scanning /Users/swayamsingal/Desktop/Programming/Kairo/KairoEditor/DocumentSchema.cppm for CXX dependencies
[215/942] Building CXX object Foundation/KairoPhysicsEngine/_deps/KairoPhysicsMath/CMakeFiles/KairoPhysicsMath.dir/RigidBodyMath.cppm.o
[216/942] Building CXX object Foundation/KairoPhysicsEngine/_deps/KairoPhysicsMath/CMakeFiles/KairoPhysicsMath.dir/Integrators.cppm.o
[217/942] Building CXX object KairoEngineCore/_deps/KairoAssets/CMakeFiles/KairoAssets.dir/AssetID.cppm.o
[218/942] Building CXX object KairoEngineCore/_deps/KairoAssets/CMakeFiles/KairoAssets.dir/AtomicFile.cppm.o
[219/942] Building CXX object KairoEngineCore/_deps/KairoAssets/CMakeFiles/KairoAssets.dir/BinaryFormat.cppm.o
[220/942] Building CXX object Foundation/KairoPhysicsEngine/_deps/KairoPhysicsMath/CMakeFiles/KairoPhysicsMath.dir/Force.cppm.o
[221/942] Building CXX object Foundation/KairoPhysicsEngine/_deps/KairoSpatial/CMakeFiles/KairoSpatial.dir/SpatialTypes.cppm.o
[222/942] Building CXX object Foundation/KairoPhysicsEngine/_deps/KairoPhysicsMath/CMakeFiles/KairoPhysicsMath.dir/InertiaTensor.cppm.o
[223/942] Scanning /Users/swayamsingal/Desktop/Programming/Kairo/KairoEditor/CoreDocumentSchemas.cppm for CXX dependencies
[224/942] Building CXX object Foundation/KairoPhysicsEngine/_deps/KairoPhysicsMath/CMakeFiles/KairoPhysicsMath.dir/Impulse.cppm.o
[225/942] Building CXX object Foundation/KairoPhysicsEngine/_deps/KairoPhysicsMath/CMakeFiles/KairoPhysicsMath.dir/ConstraintMath.cppm.o
[226/942] Building CXX object Foundation/KairoPhysicsEngine/_deps/KairoPhysicsMath/_deps/KairoMath/CMakeFiles/KairoMath.dir/LinearSolve.cppm.o
[227/942] Building CXX object KairoEngineCore/_deps/KairoAssets/CMakeFiles/KairoAssets.dir/AssetFingerprint.cppm.o
[228/942] Building CXX object Foundation/KairoPhysicsEngine/_deps/KairoPhysicsMath/_deps/KairoMath/CMakeFiles/KairoMath.dir/MatrixFunctions.cppm.o
[229/942] Building CXX object Foundation/KairoPhysicsEngine/_deps/KairoPhysicsMath/CMakeFiles/KairoPhysicsMath.dir/Contact.cppm.o
[230/942] Building CXX object Foundation/KairoPhysicsEngine/_deps/KairoPhysicsMath/CMakeFiles/KairoPhysicsMath.dir/MassProperties.cppm.o
[231/942] Building CXX object Foundation/KairoPhysicsEngine/_deps/KairoPhysicsMath/_deps/KairoMath/CMakeFiles/KairoMath.dir/TensorAutograd.cppm.o
[232/942] Building CXX object Foundation/KairoPhysicsEngine/_deps/KairoSpatial/CMakeFiles/KairoSpatial.dir/BVH.cppm.o
[233/942] Building CXX object KairoEngineCore/_deps/KairoAssets/CMakeFiles/KairoAssets.dir/DerivedArtifact.cppm.o
[234/942] Building CXX object Foundation/KairoPhysicsEngine/_deps/KairoPhysicsMath/CMakeFiles/KairoPhysicsMath.dir/KairoPhysicsMath.cppm.o
[235/942] Building CXX object KairoEngineCore/_deps/KairoAssets/CMakeFiles/KairoAssets.dir/AssetMetadata.cppm.o
[236/942] Building CXX object Foundation/KairoPhysicsEngine/_deps/KairoPhysicsMath/_deps/KairoMath/CMakeFiles/KairoMath.dir/Eigen.cppm.o
[237/942] Building CXX object KairoReflection/CMakeFiles/KairoReflection.dir/ReflectionRegistry.cppm.o
[238/942] Building CXX object Foundation/KairoPhysicsEngine/_deps/KairoSpatial/CMakeFiles/KairoSpatial.dir/SweepAndPrune.cppm.o
[239/942] Building CXX object Foundation/KairoPhysicsEngine/_deps/KairoSpatial/CMakeFiles/KairoSpatial.dir/SpatialQuery.cppm.o
[240/942] Building CXX object Foundation/KairoPhysicsEngine/_deps/KairoPhysicsMath/_deps/KairoMath/CMakeFiles/KairoMath.dir/Optimization.cppm.o
[241/942] Building CXX object KairoReflection/CMakeFiles/KairoReflection.dir/KairoReflection.cppm.o
[242/942] Building CXX object Foundation/KairoPhysicsEngine/_deps/KairoSpatial/CMakeFiles/KairoSpatial.dir/DynamicAABBTree.cppm.o
[243/942] Building CXX object Foundation/KairoPhysicsEngine/_deps/KairoSpatial/CMakeFiles/KairoSpatial.dir/Octree.cppm.o
[244/942] Building CXX object Foundation/KairoPhysicsEngine/_deps/KairoSpatial/CMakeFiles/KairoSpatial.dir/SpatialHash.cppm.o
[245/942] Building CXX object Foundation/KairoPhysicsEngine/_deps/KairoSpatial/CMakeFiles/KairoSpatial.dir/BVHTraversal.cppm.o
[246/942] Building CXX object Foundation/KairoPhysicsEngine/_deps/KairoSpatial/CMakeFiles/KairoSpatial.dir/Quadtree.cppm.o
[247/942] Scanning /Users/swayamsingal/Desktop/Programming/Kairo/KairoEditor/AuthoringDocument.cppm for CXX dependencies
[248/942] Building CXX object Foundation/KairoPhysicsEngine/_deps/KairoPhysicsMath/_deps/KairoMath/CMakeFiles/KairoMath.dir/SVD.cppm.o
[249/942] Building CXX object Foundation/KairoPhysicsEngine/_deps/KairoPhysicsMath/_deps/KairoMath/CMakeFiles/KairoMath.dir/TensorTraining.cppm.o
[250/942] Scanning /Users/swayamsingal/Desktop/Programming/Kairo/KairoEditor/DocumentValidation.cppm for CXX dependencies
[251/942] Building CXX object KairoEngineCore/_deps/KairoAssets/CMakeFiles/KairoAssets.dir/MeshArtifact.cppm.o
[252/942] Scanning /Users/swayamsingal/Desktop/Programming/Kairo/KairoEditor/DocumentSerialization.cppm for CXX dependencies
[253/942] Building CXX object Foundation/KairoPhysicsEngine/_deps/KairoSpatial/CMakeFiles/KairoSpatial.dir/BVHBuilder.cppm.o
[254/942] Building CXX object Foundation/KairoPhysicsEngine/_deps/KairoSpatial/CMakeFiles/KairoSpatial.dir/NavigationGraph.cppm.o
[255/942] Building CXX object Foundation/KairoPhysicsEngine/_deps/KairoSpatial/CMakeFiles/KairoSpatial.dir/KDTree.cppm.o
[256/942] Building CXX object KairoEngineCore/_deps/KairoAssets/CMakeFiles/KairoAssets.dir/TextureArtifact.cppm.o
[257/942] Scanning /Users/swayamsingal/Desktop/Programming/Kairo/KairoEditor/DocumentCommands.cppm for CXX dependencies
[258/942] Scanning /Users/swayamsingal/Desktop/Programming/Kairo/KairoEditor/DocumentCompiler.cppm for CXX dependencies
[259/942] Scanning /Users/swayamsingal/Desktop/Programming/Kairo/KairoEditor/LogicDocumentCompiler.cppm for CXX dependencies
[260/942] Building CXX object KairoEngineCore/_deps/KairoAssets/CMakeFiles/KairoAssets.dir/DerivedDataCache.cppm.o
[261/942] Scanning /Users/swayamsingal/Desktop/Programming/Kairo/KairoEditor/ProjectLogicBuild.cppm for CXX dependencies
[262/942] Scanning /Users/swayamsingal/Desktop/Programming/Kairo/KairoEditor/ProjectDocuments.cppm for CXX dependencies
[263/942] Scanning /Users/swayamsingal/Desktop/Programming/Kairo/KairoEditor/GraphCanvas.cppm for CXX dependencies
[264/942] Scanning /Users/swayamsingal/Desktop/Programming/Kairo/KairoEditor/ProjectDescriptor.cppm for CXX dependencies
[265/942] Scanning /Users/swayamsingal/Desktop/Programming/Kairo/KairoEditor/DocumentProjection.cppm for CXX dependencies
[266/942] Scanning /Users/swayamsingal/Desktop/Programming/Kairo/KairoEditor/AuthoringWorkspaceState.cppm for CXX dependencies
[267/942] Scanning /Users/swayamsingal/Desktop/Programming/Kairo/KairoEditor/ProjectRecovery.cppm for CXX dependencies
[268/942] Scanning /Users/swayamsingal/Desktop/Programming/Kairo/KairoEditor/ProjectSession.cppm for CXX dependencies
[269/942] Scanning /Users/swayamsingal/Desktop/Programming/Kairo/KairoEditor/CommandHistory.cppm for CXX dependencies
[270/942] Scanning /Users/swayamsingal/Desktop/Programming/Kairo/KairoEditor/CommandTransaction.cppm for CXX dependencies
[271/942] Scanning /Users/swayamsingal/Desktop/Programming/Kairo/KairoEditor/EditorActions.cppm for CXX dependencies
[272/942] Building CXX object Foundation/KairoPhysicsEngine/_deps/KairoSpatial/CMakeFiles/KairoSpatial.dir/SpatialDebug.cppm.o
[273/942] Scanning /Users/swayamsingal/Desktop/Programming/Kairo/KairoEditor/EditorInputRouter.cppm for CXX dependencies
[274/942] Scanning /Users/swayamsingal/Desktop/Programming/Kairo/KairoEditor/KeymapSettings.cppm for CXX dependencies
[275/942] Scanning /Users/swayamsingal/Desktop/Programming/Kairo/KairoEditor/EditorLayoutRecovery.cppm for CXX dependencies
[276/942] Scanning /Users/swayamsingal/Desktop/Programming/Kairo/KairoEditor/PrimitiveTypes.cppm for CXX dependencies
[277/942] Scanning /Users/swayamsingal/Desktop/Programming/Kairo/KairoEditor/ViewportController.cppm for CXX dependencies
[278/942] Scanning /Users/swayamsingal/Desktop/Programming/Kairo/KairoEditor/SceneCommands.cppm for CXX dependencies
[279/942] Building CXX object Foundation/KairoPhysicsEngine/_deps/KairoPhysicsMath/_deps/KairoMath/CMakeFiles/KairoMath.dir/Statistics.cppm.o
[280/942] Scanning /Users/swayamsingal/Desktop/Programming/Kairo/KairoEditor/AssetBrowserModel.cppm for CXX dependencies
[281/942] Scanning /Users/swayamsingal/Desktop/Programming/Kairo/KairoEditor/SceneSelection.cppm for CXX dependencies
[282/942] Building CXX object KairoEngineCore/_deps/KairoAssets/CMakeFiles/KairoAssets.dir/MaterialArtifact.cppm.o
[283/942] Scanning /Users/swayamsingal/Desktop/Programming/Kairo/KairoEditor/SceneFragment.cppm for CXX dependencies
[284/942] Scanning /Users/swayamsingal/Desktop/Programming/Kairo/KairoEditor/EditorDiagnostics.cppm for CXX dependencies
[285/942] Scanning /Users/swayamsingal/Desktop/Programming/Kairo/KairoEditor/ProjectLifecycle.cppm for CXX dependencies
[286/942] Scanning /Users/swayamsingal/Desktop/Programming/Kairo/KairoEditor/ProductionAuthoring.cppm for CXX dependencies
[287/942] Scanning /Users/swayamsingal/Desktop/Programming/Kairo/KairoEditor/MaterialPreviewAuthoring.cppm for CXX dependencies
[288/942] Scanning /Users/swayamsingal/Desktop/Programming/Kairo/KairoEditor/AdvancedProductionAuthoring.cppm for CXX dependencies
[289/942] Scanning /Users/swayamsingal/Desktop/Programming/Kairo/KairoEditor/OfflineRenderAuthoring.cppm for CXX dependencies
[290/942] Scanning /Users/swayamsingal/Desktop/Programming/Kairo/KairoEditor/NativeGameplayAuthoring.cppm for CXX dependencies
[291/942] Scanning /Users/swayamsingal/Desktop/Programming/Kairo/KairoEditor/ProductionSystemsAuthoring.cppm for CXX dependencies
[292/942] Scanning /Users/swayamsingal/Desktop/Programming/Kairo/KairoEditor/KairoEditor.cppm for CXX dependencies
[293/942] Scanning /Users/swayamsingal/Desktop/Programming/Kairo/KairoEditor/EditorState.cppm for CXX dependencies
[294/942] Scanning /Users/swayamsingal/Desktop/Programming/Kairo/KairoEditor/PanelState.cppm for CXX dependencies
[295/942] Scanning /Users/swayamsingal/Desktop/Programming/Kairo/build/dev-clang/_deps/dearimgui-src/imgui.cpp for CXX dependencies
[296/942] Building CXX object KairoEngineCore/_deps/KairoAssets/CMakeFiles/KairoAssets.dir/GltfSceneArtifact.cppm.o
[297/942] Scanning /Users/swayamsingal/Desktop/Programming/Kairo/KairoEditor/AIEditorTools.cppm for CXX dependencies
[298/942] Scanning /Users/swayamsingal/Desktop/Programming/Kairo/KairoEditor/AIEditorSession.cppm for CXX dependencies
[299/942] Scanning /Users/swayamsingal/Desktop/Programming/Kairo/build/dev-clang/_deps/dearimgui-src/imgui_draw.cpp for CXX dependencies
[300/942] Scanning /Users/swayamsingal/Desktop/Programming/Kairo/build/dev-clang/_deps/dearimgui-src/imgui_tables.cpp for CXX dependencies
[301/942] Scanning /Users/swayamsingal/Desktop/Programming/Kairo/build/dev-clang/_deps/dearimgui-src/imgui_widgets.cpp for CXX dependencies
[302/942] Scanning /Users/swayamsingal/Desktop/Programming/Kairo/build/dev-clang/_deps/dearimgui-src/backends/imgui_impl_vulkan.cpp for CXX dependencies
[303/942] Scanning /Users/swayamsingal/Desktop/Programming/Kairo/build/dev-clang/_deps/dearimgui-src/misc/cpp/imgui_stdlib.cpp for CXX dependencies
[304/942] Scanning /Users/swayamsingal/Desktop/Programming/Kairo/KairoRayTracer/Color.cppm for CXX dependencies
[305/942] Scanning /Users/swayamsingal/Desktop/Programming/Kairo/KairoRayTracer/RayTracerTypes.cppm for CXX dependencies
[306/942] Scanning /Users/swayamsingal/Desktop/Programming/Kairo/KairoRayTracer/Film.cppm for CXX dependencies
[307/942] Scanning /Users/swayamsingal/Desktop/Programming/Kairo/KairoRayTracer/ImageIO.cppm for CXX dependencies
[308/942] Scanning /Users/swayamsingal/Desktop/Programming/Kairo/KairoRayTracer/Camera.cppm for CXX dependencies
[309/942] Building CXX object Foundation/KairoPhysicsEngine/_deps/KairoSpatial/CMakeFiles/KairoSpatial.dir/AStar.cppm.o
[310/942] Scanning /Users/swayamsingal/Desktop/Programming/Kairo/KairoRayTracer/Light.cppm for CXX dependencies
[311/942] Scanning /Users/swayamsingal/Desktop/Programming/Kairo/KairoRayTracer/Material.cppm for CXX dependencies
[312/942] Scanning /Users/swayamsingal/Desktop/Programming/Kairo/KairoRayTracer/Texture.cppm for CXX dependencies
[313/942] Scanning /Users/swayamsingal/Desktop/Programming/Kairo/KairoRayTracer/Environment.cppm for CXX dependencies
[314/942] Scanning /Users/swayamsingal/Desktop/Programming/Kairo/KairoRayTracer/Primitive.cppm for CXX dependencies
[315/942] Scanning /Users/swayamsingal/Desktop/Programming/Kairo/KairoRayTracer/Shading.cppm for CXX dependencies
[316/942] Scanning /Users/swayamsingal/Desktop/Programming/Kairo/KairoRayTracer/Mesh.cppm for CXX dependencies
[317/942] Building CXX object Foundation/KairoPhysicsEngine/_deps/KairoSpatial/CMakeFiles/KairoSpatial.dir/KairoSpatial.cppm.o
[318/942] Scanning /Users/swayamsingal/Desktop/Programming/Kairo/build/dev-clang/_deps/dearimgui-src/backends/imgui_impl_glfw.cpp for CXX dependencies
[319/942] Building CXX object Foundation/KairoPhysicsEngine/_deps/KairoPhysicsMath/_deps/KairoMath/CMakeFiles/KairoMath.dir/TensorData.cppm.o
[320/942] Scanning /Users/swayamsingal/Desktop/Programming/Kairo/KairoRayTracer/OBJLoader.cppm for CXX dependencies
[321/942] Scanning /Users/swayamsingal/Desktop/Programming/Kairo/KairoRayTracer/Sampler.cppm for CXX dependencies
[322/942] Scanning /Users/swayamsingal/Desktop/Programming/Kairo/KairoRayTracer/Scene.cppm for CXX dependencies
[323/942] Scanning /Users/swayamsingal/Desktop/Programming/Kairo/KairoRayTracer/SceneParser.cppm for CXX dependencies
[324/942] Scanning /Users/swayamsingal/Desktop/Programming/Kairo/KairoRayTracer/Integrator.cppm for CXX dependencies
[325/942] Building CXX object KairoEngineCore/_deps/KairoAssets/CMakeFiles/KairoAssets.dir/AssetRegistry.cppm.o
[326/942] Scanning /Users/swayamsingal/Desktop/Programming/Kairo/KairoRayTracer/NormalIntegrator.cppm for CXX dependencies
[327/942] Building CXX object Foundation/KairoPhysicsEngine/_deps/KairoPhysicsMath/_deps/KairoMath/CMakeFiles/KairoMath.dir/KairoMath.cppm.o
[328/942] Building CXX object KairoEngineCore/_deps/KairoAssets/CMakeFiles/KairoAssets.dir/EditableMesh.cppm.o
[329/942] Scanning /Users/swayamsingal/Desktop/Programming/Kairo/KairoRayTracer/DepthIntegrator.cppm for CXX dependencies
[330/942] Scanning /Users/swayamsingal/Desktop/Programming/Kairo/KairoRayTracer/WhittedIntegrator.cppm for CXX dependencies
[331/942] Scanning /Users/swayamsingal/Desktop/Programming/Kairo/KairoRayTracer/KairoRayTracer.cppm for CXX dependencies
[332/942] Scanning /Users/swayamsingal/Desktop/Programming/Kairo/KairoRayTracer/ProgressiveRenderer.cppm for CXX dependencies
[333/942] Scanning /Users/swayamsingal/Desktop/Programming/Kairo/KairoRayTracer/PBRIntegrator.cppm for CXX dependencies
[334/942] Scanning /Users/swayamsingal/Desktop/Programming/Kairo/KairoRayTracer/PathIntegrator.cppm for CXX dependencies
[335/942] Scanning /Users/swayamsingal/Desktop/Programming/Kairo/KairoRayTracer/OfflineRenderJob.cppm for CXX dependencies
[336/942] Linking CXX static library Foundation/KairoPhysicsEngine/_deps/KairoPhysicsMath/_deps/KairoMath/libKairoMath.a
[337/942] Scanning /Users/swayamsingal/Desktop/Programming/Kairo/KairoRayTracer/Renderer.cppm for CXX dependencies
[338/942] Scanning /Users/swayamsingal/Desktop/Programming/Kairo/KairoECS/Entity.cppm for CXX dependencies
[339/942] Linking CXX static library Foundation/KairoPhysicsEngine/_deps/KairoSpatial/_deps/KairoGeometry/libKairoGeometry.a
[340/942] Scanning /Users/swayamsingal/Desktop/Programming/Kairo/KairoECS/SparseSet.cppm for CXX dependencies
[341/942] Linking CXX static library Foundation/KairoPhysicsEngine/_deps/KairoPhysicsMath/libKairoPhysicsMath.a
[342/942] Scanning /Users/swayamsingal/Desktop/Programming/Kairo/KairoECS/Registry.cppm for CXX dependencies
[343/942] Scanning /Users/swayamsingal/Desktop/Programming/Kairo/KairoECS/KairoECS.cppm for CXX dependencies
[344/942] Linking CXX static library KairoReflection/libKairoReflection.a
[345/942] Linking CXX static library Foundation/KairoPhysicsEngine/_deps/KairoSpatial/libKairoSpatial.a
[346/942] Building CXX object KairoEngineCore/CMakeFiles/KairoEngineCore.dir/Entity.cppm.o
[347/942] Building CXX object KairoEngineCore/CMakeFiles/KairoEngineCore.dir/TextValidation.cppm.o
[348/942] Building CXX object KairoEngineCore/CMakeFiles/KairoEngineCore.dir/Event.cppm.o
[349/942] Building CXX object Foundation/KairoPhysicsEngine/CMakeFiles/KairoPhysicsEngine.dir/PhysicsMaterial.cppm.o
[350/942] Building CXX object Foundation/KairoPhysicsEngine/CMakeFiles/KairoPhysicsEngine.dir/PhysicsEngineTypes.cppm.o
[351/942] Building CXX object KairoAI/CMakeFiles/KairoAI.dir/AIContracts.cppm.o
[352/942] Building CXX object Foundation/KairoPhysicsEngine/CMakeFiles/KairoPhysicsEngine.dir/RigidBody.cppm.o
[353/942] Building CXX object KairoEngineCore/CMakeFiles/KairoEngineCore.dir/Input.cppm.o
[354/942] Building CXX object KairoEngineCore/CMakeFiles/KairoEngineCore.dir/Time.cppm.o
[355/942] Building CXX object KairoEngineCore/_deps/KairoAssets/CMakeFiles/KairoAssets.dir/UVAuthoring.cppm.o
[356/942] Building CXX object KairoEngineCore/CMakeFiles/KairoEngineCore.dir/ProductionSystems.cppm.o
[357/942] Building CXX object KairoEngineCore/CMakeFiles/KairoEngineCore.dir/Components.cppm.o
[358/942] Building CXX object Foundation/KairoPhysicsEngine/CMakeFiles/KairoPhysicsEngine.dir/Collider.cppm.o
[359/942] Building CXX object KairoEngineCore/_deps/KairoAssets/CMakeFiles/KairoAssets.dir/Sculpting.cppm.o
[360/942] Building CXX object KairoEngineCore/_deps/KairoAssets/CMakeFiles/KairoAssets.dir/AssetManifest.cppm.o
[361/942] Building CXX object KairoEngineCore/CMakeFiles/KairoEngineCore.dir/Layer.cppm.o
[362/942] Building CXX object KairoAI/CMakeFiles/KairoAI.dir/AIToolPolicy.cppm.o
[363/942] Building CXX object KairoAI/CMakeFiles/KairoAI.dir/AIProvider.cppm.o
[364/942] Building CXX object KairoEngineCore/CMakeFiles/KairoEngineCore.dir/LogicBytecode.cppm.o
[365/942] Building CXX object KairoEngineCore/_deps/KairoAssets/CMakeFiles/KairoAssets.dir/ImportDatabase.cppm.o
[366/942] Building CXX object KairoEngineCore/CMakeFiles/KairoEngineCore.dir/LogicState.cppm.o
[367/942] Building CXX object KairoAI/CMakeFiles/KairoAI.dir/DeviceAgent.cppm.o
[368/942] Building CXX object KairoEngineCore/CMakeFiles/KairoEngineCore.dir/Platform.cppm.o
[369/942] Building CXX object KairoEngineCore/CMakeFiles/KairoEngineCore.dir/GameplayVM.cppm.o
[370/942] Building CXX object Foundation/KairoPhysicsEngine/CMakeFiles/KairoPhysicsEngine.dir/PhysicsDebug.cppm.o
[371/942] Building CXX object Foundation/KairoPhysicsEngine/CMakeFiles/KairoPhysicsEngine.dir/ContactSolver.cppm.o
[372/942] Building CXX object KairoRenderer/CMakeFiles/KairoRenderer.dir/RendererTypes.cppm.o
[373/942] Building CXX object KairoEngineCore/CMakeFiles/KairoEngineCore.dir/Logger.cppm.o
[374/942] Building CXX object KairoRenderer/CMakeFiles/KairoRenderer.dir/Texture.cppm.o
[375/942] Building CXX object KairoEngineCore/_deps/KairoAssets/CMakeFiles/KairoAssets.dir/MaterialAuthoring.cppm.o
[376/942] Building CXX object KairoEngineCore/_deps/KairoAssets/CMakeFiles/KairoAssets.dir/ModelingOperations.cppm.o
[377/942] Building CXX object KairoAI/CMakeFiles/KairoAI.dir/MockAIProvider.cppm.o
[378/942] Building CXX object KairoRenderer/CMakeFiles/KairoRenderer.dir/ShadowSettings.cppm.o
[379/942] Building CXX object KairoRenderer/CMakeFiles/KairoRenderer.dir/Camera.cppm.o
[380/942] Building CXX object KairoEngineCore/_deps/KairoAssets/CMakeFiles/KairoAssets.dir/SculptProduction.cppm.o
[381/942] Building CXX object KairoAI/CMakeFiles/KairoAI.dir/KairoAI.cppm.o
[382/942] Building CXX object KairoRenderer/CMakeFiles/KairoRenderer.dir/Material.cppm.o
[383/942] Building CXX object KairoEngineCore/_deps/KairoAssets/CMakeFiles/KairoAssets.dir/SourceWatcher.cppm.o
[384/942] Building CXX object KairoRenderer/CMakeFiles/KairoRenderer.dir/Window.cppm.o
[385/942] Building CXX object KairoEngineCore/CMakeFiles/KairoEngineCore.dir/JobSystem.cppm.o
[386/942] Generating CXX dyndep file KairoRenderer/CMakeFiles/KairoRendererPhysicsDebug.dir/CXX.dd
[387/942] Generating CXX dyndep file KairoEditor/CMakeFiles/KairoDearImGui.dir/CXX.dd
[388/942] Generating CXX dyndep file KairoEditor/CMakeFiles/KairoEditor.dir/CXX.dd
[389/942] Building CXX object KairoEngineCore/CMakeFiles/KairoEngineCore.dir/CoreDiagnostics.cppm.o
[390/942] Generating CXX dyndep file KairoRayTracer/CMakeFiles/KairoRayTracer.dir/CXX.dd
[391/942] Scanning /Users/swayamsingal/Desktop/Programming/Kairo/build/dev-clang/_deps/imguizmo-src/src/ImGuizmo.cpp for CXX dependencies
[392/942] Scanning /Users/swayamsingal/Desktop/Programming/Kairo/KairoEditor/PhysicsPreview.cppm for CXX dependencies
[393/942] Scanning /Users/swayamsingal/Desktop/Programming/Kairo/Runtime/KairoRenderBridge/SceneSnapshotBridge.cppm for CXX dependencies
[394/942] Scanning /Users/swayamsingal/Desktop/Programming/Kairo/Runtime/KairoRenderBridge/OfflineRenderSession.cppm for CXX dependencies
[395/942] Scanning /Users/swayamsingal/Desktop/Programming/Kairo/Foundation/KairoPhysicsEngine/sandbox/SandboxTypes.cppm for CXX dependencies
[396/942] Scanning /Users/swayamsingal/Desktop/Programming/Kairo/Foundation/KairoPhysicsEngine/sandbox/DemoScene.cppm for CXX dependencies
[397/942] Scanning /Users/swayamsingal/Desktop/Programming/Kairo/Foundation/KairoPhysicsEngine/sandbox/PhysicsDebugRenderer.cppm for CXX dependencies
[398/942] Building CXX object KairoRenderer/CMakeFiles/KairoRenderer.dir/VulkanBackendContext.cppm.o
[399/942] Building CXX object KairoEngineCore/_deps/KairoAssets/CMakeFiles/KairoAssets.dir/Importer.cppm.o
[400/942] Scanning /Users/swayamsingal/Desktop/Programming/Kairo/Foundation/KairoPhysicsEngine/sandbox/TerminalRenderer.cppm for CXX dependencies
[401/942] Scanning /Users/swayamsingal/Desktop/Programming/Kairo/Foundation/KairoPhysicsEngine/sandbox/KairoPhysicsSandbox.cppm for CXX dependencies
[402/942] Scanning /Users/swayamsingal/Desktop/Programming/Kairo/Foundation/KairoPhysicsEngine/sandbox/SandboxApp.cppm for CXX dependencies
[403/942] Linking CXX static library KairoAI/libKairoAI.a
[404/942] Building CXX object Foundation/KairoPhysicsEngine/CMakeFiles/KairoPhysicsEngine.dir/Broadphase.cppm.o
[405/942] Building CXX object KairoRenderer/CMakeFiles/KairoRenderer.dir/VulkanInstance.cppm.o
[406/942] Building CXX object KairoEngineCore/_deps/KairoAssets/CMakeFiles/KairoAssets.dir/AdvancedModelingOperations.cppm.o
[407/942] Generating CXX dyndep file KairoECS/CMakeFiles/KairoECS.dir/CXX.dd
[408/942] Building CXX object KairoRenderer/CMakeFiles/KairoRenderer.dir/VulkanSurface.cppm.o
[409/942] Building CXX object KairoRenderer/CMakeFiles/KairoRenderer.dir/DebugDraw.cppm.o
[410/942] Building CXX object KairoEditor/CMakeFiles/KairoEditor.dir/EditorTypes.cppm.o
[411/942] Building CXX object KairoEditor/CMakeFiles/KairoEditor.dir/TextValidation.cppm.o
[412/942] Building CXX object KairoRenderer/CMakeFiles/KairoRenderer.dir/Mesh.cppm.o
[413/942] Building CXX object KairoEditor/CMakeFiles/KairoEditor.dir/EditorActions.cppm.o
[414/942] Building CXX object KairoRenderer/CMakeFiles/KairoRenderer.dir/RenderScene.cppm.o
[415/942] Building CXX object KairoEngineCore/_deps/KairoAssets/CMakeFiles/KairoAssets.dir/EditableMeshDocument.cppm.o
[416/942] Building CXX object KairoEditor/CMakeFiles/KairoEditor.dir/CommandHistory.cppm.o
[417/942] Building CXX object KairoEngineCore/_deps/KairoAssets/CMakeFiles/KairoAssets.dir/ImporterRegistry.cppm.o
[418/942] Building CXX object KairoEngineCore/_deps/KairoAssets/CMakeFiles/KairoAssets.dir/TextureImporter.cppm.o
[419/942] Building CXX object KairoRenderer/CMakeFiles/KairoRenderer.dir/VulkanDevice.cppm.o
/Users/swayamsingal/Desktop/Programming/Kairo/KairoRenderer/VulkanDevice.cppm:63:90: warning: missing field 'pNext' initializer [-Wmissing-field-initializers]
   63 |                 VkDeviceQueueCreateInfo info{ VK_STRUCTURE_TYPE_DEVICE_QUEUE_CREATE_INFO };
      |                                                                                          ^
/Users/swayamsingal/Desktop/Programming/Kairo/KairoRenderer/VulkanDevice.cppm:79:77: warning: missing field 'pNext' initializer [-Wmissing-field-initializers]
   79 |             VkDeviceCreateInfo create{ VK_STRUCTURE_TYPE_DEVICE_CREATE_INFO };
      |                                                                             ^
2 warnings generated.
[420/942] Building CXX object KairoEditor/CMakeFiles/KairoEditor.dir/EditorLayoutRecovery.cppm.o
[421/942] Building CXX object KairoEditor/CMakeFiles/KairoEditor.dir/EditorInputRouter.cppm.o
[422/942] Building CXX object KairoEditor/CMakeFiles/KairoEditor.dir/CommandTransaction.cppm.o
[423/942] Building CXX object KairoEditor/CMakeFiles/KairoEditor.dir/ViewportController.cppm.o
[424/942] Building CXX object KairoEngineCore/_deps/KairoAssets/CMakeFiles/KairoAssets.dir/OBJImporter.cppm.o
[425/942] Building CXX object KairoRenderer/CMakeFiles/KairoRenderer.dir/VulkanCommand.cppm.o
[426/942] Building CXX object KairoRenderer/CMakeFiles/KairoRenderer.dir/VulkanBuffer.cppm.o
[427/942] Building CXX object KairoEngineCore/_deps/KairoAssets/CMakeFiles/KairoAssets.dir/GltfImporter.cppm.o
[428/942] Building CXX object KairoRenderer/CMakeFiles/KairoRenderer.dir/VulkanDepth.cppm.o
[429/942] Building CXX object KairoRenderer/CMakeFiles/KairoRenderer.dir/VulkanShadowMap.cppm.o
[430/942] Building CXX object KairoRenderer/CMakeFiles/KairoRenderer.dir/VulkanViewportTarget.cppm.o
/Users/swayamsingal/Desktop/Programming/Kairo/KairoRenderer/VulkanViewportTarget.cppm:129:79: warning: missing field 'pNext' initializer [-Wmissing-field-initializers]
  129 |             VkSamplerCreateInfo create{ VK_STRUCTURE_TYPE_SAMPLER_CREATE_INFO };
      |                                                                               ^
/Users/swayamsingal/Desktop/Programming/Kairo/KairoRenderer/VulkanViewportTarget.cppm:198:86: warning: missing field 'pNext' initializer [-Wmissing-field-initializers]
  198 |             VkRenderPassCreateInfo create{ VK_STRUCTURE_TYPE_RENDER_PASS_CREATE_INFO };
      |                                                                                      ^
/Users/swayamsingal/Desktop/Programming/Kairo/KairoRenderer/VulkanViewportTarget.cppm:226:74: warning: missing field 'pNext' initializer [-Wmissing-field-initializers]
  226 |             VkImageCreateInfo image{ VK_STRUCTURE_TYPE_IMAGE_CREATE_INFO };
      |                                                                          ^
/Users/swayamsingal/Desktop/Programming/Kairo/KairoRenderer/VulkanViewportTarget.cppm:242:85: warning: missing field 'pNext' initializer [-Wmissing-field-initializers]
  242 |             VkMemoryAllocateInfo allocation{ VK_STRUCTURE_TYPE_MEMORY_ALLOCATE_INFO };
      |                                                                                     ^
/Users/swayamsingal/Desktop/Programming/Kairo/KairoRenderer/VulkanViewportTarget.cppm:249:82: warning: missing field 'pNext' initializer [-Wmissing-field-initializers]
  249 |             VkImageViewCreateInfo view{ VK_STRUCTURE_TYPE_IMAGE_VIEW_CREATE_INFO };
      |                                                                                  ^
/Users/swayamsingal/Desktop/Programming/Kairo/KairoRenderer/VulkanViewportTarget.cppm:263:87: warning: missing field 'pNext' initializer [-Wmissing-field-initializers]
  263 |             VkFramebufferCreateInfo create{ VK_STRUCTURE_TYPE_FRAMEBUFFER_CREATE_INFO };
      |                                                                                       ^
6 warnings generated.
[431/942] Building CXX object KairoEditor/CMakeFiles/KairoEditor.dir/MaterialPreviewAuthoring.cppm.o
[432/942] Building CXX object KairoEditor/CMakeFiles/KairoEditor.dir/EditorDiagnostics.cppm.o
[433/942] Building CXX object KairoEditor/CMakeFiles/KairoEditor.dir/PanelState.cppm.o
[434/942] Building CXX object Foundation/KairoPhysicsEngine/CMakeFiles/KairoPhysicsEngine.dir/Narrowphase.cppm.o
[435/942] Building CXX object KairoRenderer/CMakeFiles/KairoRenderer.dir/VulkanSwapchain.cppm.o
[436/942] Building CXX object KairoRenderer/CMakeFiles/KairoRenderer.dir/VulkanSync.cppm.o
[437/942] Building CXX object KairoEngineCore/_deps/KairoAssets/CMakeFiles/KairoAssets.dir/BuiltinImporters.cppm.o
[438/942] Building CXX object KairoEditor/CMakeFiles/KairoDearImGui.dir/__/_deps/dearimgui-src/imgui_tables.cpp.o
[439/942] Building CXX object KairoRenderer/CMakeFiles/KairoRenderer.dir/VulkanTexture.cppm.o
/Users/swayamsingal/Desktop/Programming/Kairo/KairoRenderer/VulkanTexture.cppm:107:75: warning: missing field 'pNext' initializer [-Wmissing-field-initializers]
  107 |             VkImageCreateInfo create{ VK_STRUCTURE_TYPE_IMAGE_CREATE_INFO };
      |                                                                           ^
/Users/swayamsingal/Desktop/Programming/Kairo/KairoRenderer/VulkanTexture.cppm:123:85: warning: missing field 'pNext' initializer [-Wmissing-field-initializers]
  123 |             VkMemoryAllocateInfo allocation{ VK_STRUCTURE_TYPE_MEMORY_ALLOCATE_INFO };
      |                                                                                     ^
/Users/swayamsingal/Desktop/Programming/Kairo/KairoRenderer/VulkanTexture.cppm:135:84: warning: missing field 'pNext' initializer [-Wmissing-field-initializers]
  135 |             VkImageViewCreateInfo create{ VK_STRUCTURE_TYPE_IMAGE_VIEW_CREATE_INFO };
      |                                                                                    ^
/Users/swayamsingal/Desktop/Programming/Kairo/KairoRenderer/VulkanTexture.cppm:157:79: warning: missing field 'pNext' initializer [-Wmissing-field-initializers]
  157 |             VkSamplerCreateInfo create{ VK_STRUCTURE_TYPE_SAMPLER_CREATE_INFO };
      |                                                                               ^
/Users/swayamsingal/Desktop/Programming/Kairo/KairoRenderer/VulkanTexture.cppm:186:92: warning: missing field 'pNext' initializer [-Wmissing-field-initializers]
  186 |             VkCommandPoolCreateInfo poolCreate{ VK_STRUCTURE_TYPE_COMMAND_POOL_CREATE_INFO };
      |                                                                                            ^
/Users/swayamsingal/Desktop/Programming/Kairo/KairoRenderer/VulkanTexture.cppm:193:102: warning: missing field 'pNext' initializer [-Wmissing-field-initializers]
  193 |                 VkCommandBufferAllocateInfo allocate{ VK_STRUCTURE_TYPE_COMMAND_BUFFER_ALLOCATE_INFO };
      |                                                                                                      ^
/Users/swayamsingal/Desktop/Programming/Kairo/KairoRenderer/VulkanTexture.cppm:199:93: warning: missing field 'pNext' initializer [-Wmissing-field-initializers]
  199 |                 VkCommandBufferBeginInfo begin{ VK_STRUCTURE_TYPE_COMMAND_BUFFER_BEGIN_INFO };
      |                                                                                             ^
/Users/swayamsingal/Desktop/Programming/Kairo/KairoRenderer/VulkanTexture.cppm:204:89: warning: missing field 'pNext' initializer [-Wmissing-field-initializers]
  204 |                 VkImageMemoryBarrier toTransfer{ VK_STRUCTURE_TYPE_IMAGE_MEMORY_BARRIER };
      |                                                                                         ^
/Users/swayamsingal/Desktop/Programming/Kairo/KairoRenderer/VulkanTexture.cppm:233:87: warning: missing field 'pNext' initializer [-Wmissing-field-initializers]
  233 |                 VkImageMemoryBarrier toShader{ VK_STRUCTURE_TYPE_IMAGE_MEMORY_BARRIER };
      |                                                                                       ^
/Users/swayamsingal/Desktop/Programming/Kairo/KairoRenderer/VulkanTexture.cppm:247:68: warning: missing field 'pNext' initializer [-Wmissing-field-initializers]
  247 |                 VkSubmitInfo submit{ VK_STRUCTURE_TYPE_SUBMIT_INFO };
      |                                                                    ^
10 warnings generated.
[440/942] Building CXX object KairoEditor/CMakeFiles/KairoDearImGui.dir/__/_deps/dearimgui-src/imgui_draw.cpp.o
[441/942] Generating CXX dyndep file KairoEditor/CMakeFiles/KairoImGuizmo.dir/CXX.dd
[442/942] Building CXX object KairoEditor/CMakeFiles/KairoDearImGui.dir/__/_deps/dearimgui-src/misc/cpp/imgui_stdlib.cpp.o
[443/942] Building CXX object KairoEditor/CMakeFiles/KairoDearImGui.dir/__/_deps/dearimgui-src/backends/imgui_impl_vulkan.cpp.o
[444/942] Scanning /Users/swayamsingal/Desktop/Programming/Kairo/KairoEditor/KairoUI.cppm for CXX dependencies
[445/942] Scanning /Users/swayamsingal/Desktop/Programming/Kairo/KairoEditor/EditorTheme.cppm for CXX dependencies
[446/942] Building CXX object KairoEditor/CMakeFiles/KairoEditor.dir/ProductionAuthoring.cppm.o
[447/942] Building CXX object KairoEditor/CMakeFiles/KairoDearImGui.dir/__/_deps/dearimgui-src/imgui_widgets.cpp.o
[448/942] Building CXX object KairoRenderer/CMakeFiles/KairoRenderer.dir/AssetAdapters.cppm.o
[449/942] Scanning /Users/swayamsingal/Desktop/Programming/Kairo/KairoEditor/TransformGizmo.cppm for CXX dependencies
[450/942] Scanning /Users/swayamsingal/Desktop/Programming/Kairo/KairoEditor/ImGuiRuntime.cppm for CXX dependencies
[451/942] Scanning /Users/swayamsingal/Desktop/Programming/Kairo/KairoEditor/ImGuiGraphCanvas.cppm for CXX dependencies
[452/942] Generating CXX dyndep file KairoEditor/CMakeFiles/KairoEditorPhysics.dir/CXX.dd
[453/942] Building CXX object KairoEngineCore/_deps/KairoAssets/CMakeFiles/KairoAssets.dir/GLBImporter.cppm.o
[454/942] Scanning /Users/swayamsingal/Desktop/Programming/Kairo/KairoEditor/ImGuiReflectionInspector.cppm for CXX dependencies
[455/942] Scanning /Users/swayamsingal/Desktop/Programming/Kairo/KairoEditor/SceneRenderBridge.cppm for CXX dependencies
[456/942] Building CXX object KairoEditor/CMakeFiles/KairoDearImGui.dir/__/_deps/dearimgui-src/backends/imgui_impl_glfw.cpp.o
[457/942] Scanning /Users/swayamsingal/Desktop/Programming/Kairo/KairoEditor/EditorShell.cppm for CXX dependencies
[458/942] Generating CXX dyndep file Runtime/KairoRenderBridge/CMakeFiles/KairoRenderBridge.dir/CXX.dd
[459/942] Building CXX object KairoEngineCore/_deps/KairoAssets/CMakeFiles/KairoAssets.dir/KairoAssets.cppm.o
[460/942] Building CXX object KairoRayTracer/CMakeFiles/KairoRayTracer.dir/Camera.cppm.o
[461/942] Building CXX object KairoEditor/CMakeFiles/KairoEditor.dir/KeymapSettings.cppm.o
[462/942] Scanning /Users/swayamsingal/Desktop/Programming/Kairo/Runtime/KairoRenderBridge/MaterialPreviewBridge.cppm for CXX dependencies
[463/942] Scanning /Users/swayamsingal/Desktop/Programming/Kairo/Runtime/KairoRenderBridge/EditorOfflineRenderService.cppm for CXX dependencies
[464/942] Building CXX object KairoEditor/CMakeFiles/KairoDearImGui.dir/__/_deps/dearimgui-src/imgui.cpp.o
[465/942] Building CXX object KairoRayTracer/CMakeFiles/KairoRayTracer.dir/Color.cppm.o
[466/942] Linking CXX static library KairoEngineCore/_deps/KairoAssets/libKairoAssets.a
[467/942] Building CXX object KairoRayTracer/CMakeFiles/KairoRayTracer.dir/Sampler.cppm.o
[468/942] Building CXX object KairoRayTracer/CMakeFiles/KairoRayTracer.dir/Mesh.cppm.o
[469/942] Building CXX object KairoRenderer/CMakeFiles/KairoRenderer.dir/VulkanDescriptor.cppm.o
/Users/swayamsingal/Desktop/Programming/Kairo/KairoRenderer/VulkanDescriptor.cppm:157:105: warning: missing field 'pNext' initializer [-Wmissing-field-initializers]
  157 |             VkDescriptorSetLayoutCreateInfo create{ VK_STRUCTURE_TYPE_DESCRIPTOR_SET_LAYOUT_CREATE_INFO };
      |                                                                                                         ^
/Users/swayamsingal/Desktop/Programming/Kairo/KairoRenderer/VulkanDescriptor.cppm:200:92: warning: missing field 'pNext' initializer [-Wmissing-field-initializers]
  200 |             VkDescriptorPoolCreateInfo pool{ VK_STRUCTURE_TYPE_DESCRIPTOR_POOL_CREATE_INFO };
      |                                                                                            ^
/Users/swayamsingal/Desktop/Programming/Kairo/KairoRenderer/VulkanDescriptor.cppm:209:100: warning: missing field 'pNext' initializer [-Wmissing-field-initializers]
  209 |             VkDescriptorSetAllocateInfo allocation{ VK_STRUCTURE_TYPE_DESCRIPTOR_SET_ALLOCATE_INFO };
      |                                                                                                    ^
/Users/swayamsingal/Desktop/Programming/Kairo/KairoRenderer/VulkanDescriptor.cppm:289:80: warning: missing field 'pNext' initializer [-Wmissing-field-initializers]
  289 |             VkWriteDescriptorSet write{ VK_STRUCTURE_TYPE_WRITE_DESCRIPTOR_SET };
      |                                                                                ^
4 warnings generated.
[470/942] Building CXX object KairoRayTracer/CMakeFiles/KairoRayTracer.dir/RayTracerTypes.cppm.o
[471/942] Building CXX object KairoEditor/CMakeFiles/KairoEditor.dir/OfflineRenderAuthoring.cppm.o
[472/942] Building CXX object KairoRayTracer/CMakeFiles/KairoRayTracer.dir/Film.cppm.o
[473/942] Building CXX object KairoEditor/CMakeFiles/KairoEditor.dir/PrimitiveTypes.cppm.o
[474/942] Building CXX object KairoRayTracer/CMakeFiles/KairoRayTracer.dir/Material.cppm.o
[475/942] Building CXX object KairoRayTracer/CMakeFiles/KairoRayTracer.dir/Light.cppm.o
[476/942] Building CXX object KairoRayTracer/CMakeFiles/KairoRayTracer.dir/Texture.cppm.o
[477/942] Building CXX object KairoRayTracer/CMakeFiles/KairoRayTracer.dir/Environment.cppm.o
[478/942] Building CXX object KairoRayTracer/CMakeFiles/KairoRayTracer.dir/Primitive.cppm.o
[479/942] Building CXX object KairoRayTracer/CMakeFiles/KairoRayTracer.dir/ImageIO.cppm.o
[480/942] Building CXX object KairoRayTracer/CMakeFiles/KairoRayTracer.dir/Integrator.cppm.o
[481/942] Scanning /Users/swayamsingal/Desktop/Programming/Kairo/Runtime/KairoPlayer/RuntimeProject.cppm for CXX dependencies
[482/942] Scanning /Users/swayamsingal/Desktop/Programming/Kairo/Runtime/KairoPlayer/RuntimeRenderBridge.cppm for CXX dependencies
[483/942] Scanning /Users/swayamsingal/Desktop/Programming/Kairo/Runtime/KairoPlayer/RuntimePhysicsBridge.cppm for CXX dependencies
[484/942] Building CXX object KairoEditor/CMakeFiles/KairoEditor.dir/ProjectPaths.cppm.o
[485/942] Scanning /Users/swayamsingal/Desktop/Programming/Kairo/Runtime/KairoPlayer/RuntimeInputBridge.cppm for CXX dependencies
[486/942] Scanning /Users/swayamsingal/Desktop/Programming/Kairo/Runtime/KairoPlayer/RuntimeLogicBridge.cppm for CXX dependencies
[487/942] Scanning /Users/swayamsingal/Desktop/Programming/Kairo/Runtime/KairoPlayer/RuntimeNativeGameplayBridge.cppm for CXX dependencies
[488/942] Building CXX object KairoEngineCore/CMakeFiles/KairoEngineCore.dir/RuntimeComponents.cppm.o
[489/942] Scanning /Users/swayamsingal/Desktop/Programming/Kairo/Runtime/KairoPlayer/RuntimeProductionSystemsBridge.cppm for CXX dependencies
[490/942] Scanning /Users/swayamsingal/Desktop/Programming/Kairo/Runtime/KairoPlayer/RuntimePackaging.cppm for CXX dependencies
[491/942] Scanning /Users/swayamsingal/Desktop/Programming/Kairo/Samples/Phase1Game/Phase1GameState.cppm for CXX dependencies
[492/942] Scanning /Users/swayamsingal/Desktop/Programming/Kairo/tests/CompatibilityContentTests.cpp for CXX dependencies
[493/942] Building CXX object Foundation/KairoPhysicsEngine/CMakeFiles/KairoPhysicsEngine.dir/PhysicsWorld.cppm.o
[494/942] Scanning /Users/swayamsingal/Desktop/Programming/Kairo/Foundation/KairoPhysicsEngine/sandbox/KairoPhysicsGlfwSandbox.cpp for CXX dependencies
[495/942] Generating CXX dyndep file Foundation/KairoPhysicsEngine/CMakeFiles/KairoPhysicsSandboxCore.dir/CXX.dd
[496/942] Scanning /Users/swayamsingal/Desktop/Programming/Kairo/Foundation/KairoPhysicsEngine/sandbox/examples/main.cpp for CXX dependencies
[497/942] Scanning /Users/swayamsingal/Desktop/Programming/Kairo/Foundation/KairoPhysicsEngine/tests/PhysicsEngineTests.cpp for CXX dependencies
[498/942] Building CXX object KairoEngineCore/CMakeFiles/KairoEngineCore.dir/TextFormat.cppm.o
[499/942] Scanning /Users/swayamsingal/Desktop/Programming/Kairo/Foundation/KairoPhysicsMath/tests/PhysicsMathTests.cpp for CXX dependencies
[500/942] Building CXX object KairoEditor/CMakeFiles/KairoEditor.dir/DocumentTypes.cppm.o
[501/942] Building CXX object KairoRayTracer/CMakeFiles/KairoRayTracer.dir/OBJLoader.cppm.o
[502/942] Building CXX object KairoEditor/CMakeFiles/KairoEditor.dir/TextFormat.cppm.o
[503/942] Building CXX object KairoEngineCore/CMakeFiles/KairoEngineCore.dir/LogicArtifact.cppm.o
[504/942] Scanning /Users/swayamsingal/Desktop/Programming/Kairo/Foundation/KairoMath/tests/TensorAutogradSmoke.cpp for CXX dependencies
[505/942] Scanning /Users/swayamsingal/Desktop/Programming/Kairo/Foundation/KairoMath/tests/TensorTrainingSmoke.cpp for CXX dependencies
[506/942] Building CXX object KairoEditor/CMakeFiles/KairoEditor.dir/AssetBrowserModel.cppm.o
/Users/swayamsingal/Desktop/Programming/Kairo/KairoEditor/AssetBrowserModel.cppm:45:21: warning: explicitly defaulted equality comparison operator is implicitly deleted [-Wdefaulted-function-deleted]
   45 |         friend bool operator==(const AssetBrowserEntry&, const AssetBrowserEntry&) = default;
      |                     ^
/Users/swayamsingal/Desktop/Programming/Kairo/KairoEditor/AssetBrowserModel.cppm:40:38: note: defaulted 'operator==' is implicitly deleted because there is no viable 'operator==' for member 'Metadata'
   40 |         kairo::assets::AssetMetadata Metadata;
      |                                      ^
/Users/swayamsingal/Desktop/Programming/Kairo/KairoEditor/AssetBrowserModel.cppm:45:86: note: replace 'default' with 'delete'
   45 |         friend bool operator==(const AssetBrowserEntry&, const AssetBrowserEntry&) = default;
      |                                                                                      ^~~~~~~
      |                                                                                      delete
1 warning generated.
[507/942] Scanning /Users/swayamsingal/Desktop/Programming/Kairo/Foundation/KairoMath/tests/TensorDTypeSmoke.cpp for CXX dependencies
[508/942] Scanning /Users/swayamsingal/Desktop/Programming/Kairo/Foundation/KairoMath/tests/TensorDataSmoke.cpp for CXX dependencies
[509/942] Scanning /Users/swayamsingal/Desktop/Programming/Kairo/Foundation/KairoMath/tests/MathTests.cpp for CXX dependencies
[510/942] Building CXX object KairoRayTracer/CMakeFiles/KairoRayTracer.dir/Scene.cppm.o
[511/942] Building CXX object KairoRayTracer/CMakeFiles/KairoRayTracer.dir/Shading.cppm.o
[512/942] Building CXX object _deps/catch2-build/src/CMakeFiles/Catch2.dir/catch2/benchmark/catch_chronometer.cpp.o
[513/942] Building CXX object KairoEditor/CMakeFiles/KairoEditor.dir/AdvancedProductionAuthoring.cppm.o
[514/942] Building CXX object _deps/catch2-build/src/CMakeFiles/Catch2.dir/catch2/benchmark/detail/catch_analyse.cpp.o
[515/942] Building CXX object KairoRayTracer/CMakeFiles/KairoRayTracer.dir/NormalIntegrator.cppm.o
[516/942] Building CXX object KairoRenderer/CMakeFiles/KairoRenderer.dir/VulkanTriangle.cppm.o
/Users/swayamsingal/Desktop/Programming/Kairo/KairoRenderer/VulkanTriangle.cppm:268:89: warning: missing field 'pNext' initializer [-Wmissing-field-initializers]
  268 |                 VkImageMemoryBarrier toTransfer{ VK_STRUCTURE_TYPE_IMAGE_MEMORY_BARRIER };
      |                                                                                         ^
/Users/swayamsingal/Desktop/Programming/Kairo/KairoRenderer/VulkanTriangle.cppm:457:108: warning: missing field 'pNext' initializer [-Wmissing-field-initializers]
  457 |                 VkPipelineShaderStageCreateInfo stage{ VK_STRUCTURE_TYPE_PIPELINE_SHADER_STAGE_CREATE_INFO };
      |                                                                                                            ^
/Users/swayamsingal/Desktop/Programming/Kairo/KairoRenderer/VulkanTriangle.cppm:461:126: warning: missing field 'pNext' initializer [-Wmissing-field-initializers]
  461 |                 VkPipelineInputAssemblyStateCreateInfo assembly{ VK_STRUCTURE_TYPE_PIPELINE_INPUT_ASSEMBLY_STATE_CREATE_INFO };
      |                                                                                                                              ^
/Users/swayamsingal/Desktop/Programming/Kairo/KairoRenderer/VulkanTriangle.cppm:463:115: warning: missing field 'pNext' initializer [-Wmissing-field-initializers]
  463 |                 VkPipelineViewportStateCreateInfo viewport{ VK_STRUCTURE_TYPE_PIPELINE_VIEWPORT_STATE_CREATE_INFO };
      |                                                                                                                   ^
/Users/swayamsingal/Desktop/Programming/Kairo/KairoRenderer/VulkanTriangle.cppm:466:127: warning: missing field 'pNext' initializer [-Wmissing-field-initializers]
  466 |                 VkPipelineRasterizationStateCreateInfo rasterizer{ VK_STRUCTURE_TYPE_PIPELINE_RASTERIZATION_STATE_CREATE_INFO };
      |                                                                                                                               ^
/Users/swayamsingal/Desktop/Programming/Kairo/KairoRenderer/VulkanTriangle.cppm:472:126: warning: missing field 'pNext' initializer [-Wmissing-field-initializers]
  472 |                 VkPipelineMultisampleStateCreateInfo multisampling{ VK_STRUCTURE_TYPE_PIPELINE_MULTISAMPLE_STATE_CREATE_INFO };
      |                                                                                                                              ^
/Users/swayamsingal/Desktop/Programming/Kairo/KairoRenderer/VulkanTriangle.cppm:474:121: warning: missing field 'pNext' initializer [-Wmissing-field-initializers]
  474 |                 VkPipelineDepthStencilStateCreateInfo depth{ VK_STRUCTURE_TYPE_PIPELINE_DEPTH_STENCIL_STATE_CREATE_INFO };
      |                                                                                                                         ^
/Users/swayamsingal/Desktop/Programming/Kairo/KairoRenderer/VulkanTriangle.cppm:478:117: warning: missing field 'pNext' initializer [-Wmissing-field-initializers]
  478 |                 VkPipelineColorBlendStateCreateInfo blend{ VK_STRUCTURE_TYPE_PIPELINE_COLOR_BLEND_STATE_CREATE_INFO };
      |                                                                                                                     ^
/Users/swayamsingal/Desktop/Programming/Kairo/KairoRenderer/VulkanTriangle.cppm:482:112: warning: missing field 'pNext' initializer [-Wmissing-field-initializers]
  482 |                 VkPipelineDynamicStateCreateInfo dynamic{ VK_STRUCTURE_TYPE_PIPELINE_DYNAMIC_STATE_CREATE_INFO };
      |                                                                                                                ^
/Users/swayamsingal/Desktop/Programming/Kairo/KairoRenderer/VulkanTriangle.cppm:485:102: warning: missing field 'pNext' initializer [-Wmissing-field-initializers]
  485 |                 VkGraphicsPipelineCreateInfo create{ VK_STRUCTURE_TYPE_GRAPHICS_PIPELINE_CREATE_INFO };
      |                                                                                                      ^
/Users/swayamsingal/Desktop/Programming/Kairo/KairoRenderer/VulkanTriangle.cppm:534:110: warning: missing field 'pNext' initializer [-Wmissing-field-initializers]
  534 |             VkPipelineShaderStageCreateInfo vertexStage{ VK_STRUCTURE_TYPE_PIPELINE_SHADER_STAGE_CREATE_INFO };
      |                                                                                                              ^
/Users/swayamsingal/Desktop/Programming/Kairo/KairoRenderer/VulkanTriangle.cppm:536:112: warning: missing field 'pNext' initializer [-Wmissing-field-initializers]
  536 |             VkPipelineShaderStageCreateInfo fragmentStage{ VK_STRUCTURE_TYPE_PIPELINE_SHADER_STAGE_CREATE_INFO };
      |                                                                                                                ^
/Users/swayamsingal/Desktop/Programming/Kairo/KairoRenderer/VulkanTriangle.cppm:539:122: warning: missing field 'pNext' initializer [-Wmissing-field-initializers]
  539 |             VkPipelineInputAssemblyStateCreateInfo assembly{ VK_STRUCTURE_TYPE_PIPELINE_INPUT_ASSEMBLY_STATE_CREATE_INFO };
      |                                                                                                                          ^
/Users/swayamsingal/Desktop/Programming/Kairo/KairoRenderer/VulkanTriangle.cppm:541:111: warning: missing field 'pNext' initializer [-Wmissing-field-initializers]
  541 |             VkPipelineViewportStateCreateInfo viewport{ VK_STRUCTURE_TYPE_PIPELINE_VIEWPORT_STATE_CREATE_INFO };
      |                                                                                                               ^
/Users/swayamsingal/Desktop/Programming/Kairo/KairoRenderer/VulkanTriangle.cppm:543:123: warning: missing field 'pNext' initializer [-Wmissing-field-initializers]
  543 |             VkPipelineRasterizationStateCreateInfo rasterizer{ VK_STRUCTURE_TYPE_PIPELINE_RASTERIZATION_STATE_CREATE_INFO };
      |                                                                                                                           ^
/Users/swayamsingal/Desktop/Programming/Kairo/KairoRenderer/VulkanTriangle.cppm:545:122: warning: missing field 'pNext' initializer [-Wmissing-field-initializers]
  545 |             VkPipelineMultisampleStateCreateInfo multisampling{ VK_STRUCTURE_TYPE_PIPELINE_MULTISAMPLE_STATE_CREATE_INFO };
      |                                                                                                                          ^
/Users/swayamsingal/Desktop/Programming/Kairo/KairoRenderer/VulkanTriangle.cppm:547:117: warning: missing field 'pNext' initializer [-Wmissing-field-initializers]
  547 |             VkPipelineDepthStencilStateCreateInfo depth{ VK_STRUCTURE_TYPE_PIPELINE_DEPTH_STENCIL_STATE_CREATE_INFO };
      |                                                                                                                     ^
/Users/swayamsingal/Desktop/Programming/Kairo/KairoRenderer/VulkanTriangle.cppm:565:113: warning: missing field 'pNext' initializer [-Wmissing-field-initializers]
  565 |             VkPipelineColorBlendStateCreateInfo blend{ VK_STRUCTURE_TYPE_PIPELINE_COLOR_BLEND_STATE_CREATE_INFO };
      |                                                                                                                 ^
/Users/swayamsingal/Desktop/Programming/Kairo/KairoRenderer/VulkanTriangle.cppm:570:108: warning: missing field 'pNext' initializer [-Wmissing-field-initializers]
  570 |             VkPipelineDynamicStateCreateInfo dynamic{ VK_STRUCTURE_TYPE_PIPELINE_DYNAMIC_STATE_CREATE_INFO };
      |                                                                                                            ^
/Users/swayamsingal/Desktop/Programming/Kairo/KairoRenderer/VulkanTriangle.cppm:572:98: warning: missing field 'pNext' initializer [-Wmissing-field-initializers]
  572 |             VkGraphicsPipelineCreateInfo create{ VK_STRUCTURE_TYPE_GRAPHICS_PIPELINE_CREATE_INFO };
      |                                                                                                  ^
/Users/swayamsingal/Desktop/Programming/Kairo/KairoRenderer/VulkanTriangle.cppm:593:41: warning: suggest braces around initialization of subobject [-Wmissing-braces]
  593 |             const VkClearValue clear{ { 1.0f, 0u } };
      |                                         ^~~~~~~~
      |                                         {       }
/Users/swayamsingal/Desktop/Programming/Kairo/KairoRenderer/VulkanTriangle.cppm:849:90: warning: missing field 'pNext' initializer [-Wmissing-field-initializers]
  849 |             VkShaderModuleCreateInfo create{ VK_STRUCTURE_TYPE_SHADER_MODULE_CREATE_INFO };
      |                                                                                          ^
22 warnings generated.
[517/942] Building CXX object Foundation/KairoPhysicsEngine/CMakeFiles/KairoPhysicsEngine.dir/ProjectileSystem.cppm.o
[518/942] Building CXX object KairoRayTracer/CMakeFiles/KairoRayTracer.dir/DepthIntegrator.cppm.o
[519/942] Building CXX object Foundation/KairoPhysicsEngine/CMakeFiles/KairoPhysicsEngine.dir/Buoyancy.cppm.o
[520/942] Building CXX object Foundation/KairoPhysicsEngine/CMakeFiles/KairoPhysicsEngine.dir/KairoPhysicsEngine.cppm.o
[521/942] Building CXX object KairoRayTracer/CMakeFiles/KairoRayTracer.dir/WhittedIntegrator.cppm.o
[522/942] Linking CXX static library Foundation/KairoPhysicsEngine/libKairoPhysicsEngine.a
[523/942] Building CXX object KairoRayTracer/CMakeFiles/KairoRayTracer.dir/PBRIntegrator.cppm.o
[524/942] Building CXX object _deps/catch2-build/src/CMakeFiles/Catch2.dir/catch2/benchmark/detail/catch_benchmark_function.cpp.o
[525/942] Building CXX object _deps/catch2-build/src/CMakeFiles/Catch2.dir/catch2/generators/catch_generator_exception.cpp.o
[526/942] Building CXX object _deps/catch2-build/src/CMakeFiles/Catch2.dir/catch2/benchmark/detail/catch_run_for_at_least.cpp.o
[527/942] Building CXX object KairoRayTracer/CMakeFiles/KairoRayTracer.dir/PathIntegrator.cppm.o
[528/942] Building CXX object _deps/catch2-build/src/CMakeFiles/Catch2.dir/catch2/benchmark/detail/catch_stats.cpp.o
[529/942] Building CXX object _deps/catch2-build/src/CMakeFiles/Catch2.dir/catch2/generators/catch_generators.cpp.o
[530/942] Building CXX object KairoEngineCore/CMakeFiles/KairoEngineCore.dir/ProjectDescriptor.cppm.o
[531/942] Building CXX object KairoEngineCore/CMakeFiles/KairoEngineCore.dir/ProductionSystemsManifest.cppm.o
[532/942] Building CXX object _deps/catch2-build/src/CMakeFiles/Catch2.dir/catch2/generators/catch_generators_random.cpp.o
[533/942] Building CXX object KairoEditor/CMakeFiles/KairoEditor.dir/ProjectDescriptor.cppm.o
[534/942] Building CXX object _deps/catch2-build/src/CMakeFiles/Catch2.dir/catch2/reporters/catch_reporter_automake.cpp.o
[535/942] Building CXX object KairoEngineCore/CMakeFiles/KairoEngineCore.dir/InputMap.cppm.o
[536/942] Building CXX object KairoEngineCore/CMakeFiles/KairoEngineCore.dir/Scene.cppm.o
[537/942] Building CXX object _deps/catch2-build/src/CMakeFiles/Catch2.dir/catch2/reporters/catch_reporter_common_base.cpp.o
[538/942] Building CXX object _deps/catch2-build/src/CMakeFiles/Catch2.dir/catch2/reporters/catch_reporter_compact.cpp.o
[539/942] Building CXX object _deps/catch2-build/src/CMakeFiles/Catch2.dir/catch2/reporters/catch_reporter_console.cpp.o
[540/942] Building CXX object KairoRenderer/CMakeFiles/KairoRenderer.dir/Renderer.cppm.o
[541/942] Building CXX object _deps/catch2-build/src/CMakeFiles/Catch2.dir/catch2/reporters/catch_reporter_cumulative_base.cpp.o
[542/942] Building CXX object KairoRenderer/CMakeFiles/KairoRenderer.dir/KairoRenderer.cppm.o
[543/942] Building CXX object KairoRayTracer/CMakeFiles/KairoRayTracer.dir/SceneParser.cppm.o
[544/942] Building CXX object KairoEditor/CMakeFiles/KairoEditor.dir/DocumentSchema.cppm.o
[545/942] Linking CXX static library KairoRenderer/libKairoRenderer.a
[546/942] Building CXX object KairoRenderer/CMakeFiles/KairoRendererPhysicsDebug.dir/PhysicsDebugBridge.cppm.o
[547/942] Building CXX object KairoRayTracer/CMakeFiles/KairoRayTracer.dir/Renderer.cppm.o
[548/942] Building CXX object KairoEngineCore/CMakeFiles/KairoEngineCore.dir/ProductionRuntime.cppm.o
[549/942] Building CXX object KairoEditor/CMakeFiles/KairoEditor.dir/EditorState.cppm.o
[550/942] Building CXX object KairoEditor/CMakeFiles/KairoEditor.dir/ProjectLifecycle.cppm.o
[551/942] Building CXX object KairoRayTracer/CMakeFiles/KairoRayTracer.dir/ProgressiveRenderer.cppm.o
[552/942] Building CXX object KairoEditor/CMakeFiles/KairoEditor.dir/CoreDocumentSchemas.cppm.o
[553/942] Building CXX object KairoEngineCore/CMakeFiles/KairoEngineCore.dir/RuntimeSceneCommands.cppm.o
[554/942] Building CXX object _deps/catch2-build/src/CMakeFiles/Catch2.dir/catch2/reporters/catch_reporter_event_listener.cpp.o
[555/942] Building CXX object KairoEngineCore/CMakeFiles/KairoEngineCore.dir/CoreReflection.cppm.o
[556/942] Building CXX object KairoEngineCore/CMakeFiles/KairoEngineCore.dir/RuntimeWorld.cppm.o
[557/942] Building CXX object _deps/catch2-build/src/CMakeFiles/Catch2.dir/catch2/reporters/catch_reporter_helpers.cpp.o
[558/942] Building CXX object KairoEngineCore/CMakeFiles/KairoEngineCore.dir/Application.cppm.o
[559/942] Building CXX object _deps/catch2-build/src/CMakeFiles/Catch2.dir/catch2/reporters/catch_reporter_registrars.cpp.o
[560/942] Building CXX object KairoEngineCore/CMakeFiles/KairoEngineCore.dir/SceneSerialization.cppm.o
/Users/swayamsingal/Desktop/Programming/Kairo/KairoEngineCore/SceneSerialization.cppm:565:104: warning: missing field 'AdditionalMaterialSlots' initializer [-Wmissing-field-initializers]
  565 |                     scene.SetMeshRenderer(*current, { mesh, material, ParseBool(tokens[3], lineNumber) });
      |                                                                                                        ^
1 warning generated.
[561/942] Building CXX object _deps/catch2-build/src/CMakeFiles/Catch2.dir/catch2/reporters/catch_reporter_multi.cpp.o
[562/942] Building CXX object _deps/catch2-build/src/CMakeFiles/Catch2.dir/catch2/reporters/catch_reporter_json.cpp.o
[563/942] Building CXX object _deps/catch2-build/src/CMakeFiles/Catch2.dir/catch2/reporters/catch_reporter_junit.cpp.o
[564/942] Building CXX object KairoEditor/CMakeFiles/KairoEditor.dir/SceneSelection.cppm.o
[565/942] Building CXX object _deps/catch2-build/src/CMakeFiles/Catch2.dir/catch2/reporters/catch_reporter_streaming_base.cpp.o
[566/942] Building CXX object _deps/catch2-build/src/CMakeFiles/Catch2.dir/catch2/reporters/catch_reporter_sonarqube.cpp.o
[567/942] Building CXX object _deps/catch2-build/src/CMakeFiles/Catch2.dir/catch2/interfaces/catch_interfaces_capture.cpp.o
[568/942] Building CXX object _deps/catch2-build/src/CMakeFiles/Catch2.dir/catch2/reporters/catch_reporter_tap.cpp.o
[569/942] Building CXX object _deps/catch2-build/src/CMakeFiles/Catch2.dir/catch2/interfaces/catch_interfaces_config.cpp.o
[570/942] Building CXX object _deps/catch2-build/src/CMakeFiles/Catch2.dir/catch2/interfaces/catch_interfaces_exception.cpp.o
[571/942] Building CXX object _deps/catch2-build/src/CMakeFiles/Catch2.dir/catch2/reporters/catch_reporter_teamcity.cpp.o
[572/942] Building CXX object _deps/catch2-build/src/CMakeFiles/Catch2.dir/catch2/interfaces/catch_interfaces_generatortracker.cpp.o
[573/942] Building CXX object _deps/catch2-build/src/CMakeFiles/Catch2.dir/catch2/reporters/catch_reporter_xml.cpp.o
[574/942] Building CXX object _deps/catch2-build/src/CMakeFiles/Catch2.dir/catch2/interfaces/catch_interfaces_registry_hub.cpp.o
[575/942] Building CXX object _deps/catch2-build/src/CMakeFiles/Catch2.dir/catch2/interfaces/catch_interfaces_reporter_factory.cpp.o
[576/942] Building CXX object KairoRayTracer/CMakeFiles/KairoRayTracer.dir/OfflineRenderJob.cppm.o
[577/942] Building CXX object KairoRayTracer/CMakeFiles/KairoRayTracer.dir/KairoRayTracer.cppm.o
[578/942] Building CXX object _deps/catch2-build/src/CMakeFiles/Catch2.dir/catch2/interfaces/catch_interfaces_testcase.cpp.o
[579/942] Building CXX object KairoEditor/CMakeFiles/KairoEditor.dir/AuthoringDocument.cppm.o
[580/942] Building CXX object KairoEditor/CMakeFiles/KairoEditor.dir/SceneFragment.cppm.o
[581/942] Building CXX object _deps/catch2-build/src/CMakeFiles/Catch2.dir/catch2/catch_assertion_result.cpp.o
[582/942] Building CXX object _deps/catch2-build/src/CMakeFiles/Catch2.dir/catch2/catch_get_random_seed.cpp.o
[583/942] Building CXX object _deps/catch2-build/src/CMakeFiles/Catch2.dir/catch2/interfaces/catch_interfaces_reporter.cpp.o
[584/942] Building CXX object _deps/catch2-build/src/CMakeFiles/Catch2.dir/catch2/catch_approx.cpp.o
[585/942] Building CXX object KairoEditor/CMakeFiles/KairoEditor.dir/ProductionSystemsAuthoring.cppm.o
[586/942] Building CXX object _deps/catch2-build/src/CMakeFiles/Catch2.dir/catch2/catch_message.cpp.o
[587/942] Building CXX object _deps/catch2-build/src/CMakeFiles/Catch2.dir/catch2/catch_tag_alias_autoregistrar.cpp.o
[588/942] Building CXX object _deps/catch2-build/src/CMakeFiles/Catch2.dir/catch2/catch_registry_hub.cpp.o
[589/942] Building CXX object _deps/catch2-build/src/CMakeFiles/Catch2.dir/catch2/catch_config.cpp.o
[590/942] Building CXX object _deps/catch2-build/src/CMakeFiles/Catch2.dir/catch2/catch_totals.cpp.o
[591/942] Building CXX object _deps/catch2-build/src/CMakeFiles/Catch2.dir/catch2/catch_translate_exception.cpp.o
[592/942] Building CXX object _deps/catch2-build/src/CMakeFiles/Catch2.dir/catch2/catch_timer.cpp.o
[593/942] Building CXX object _deps/catch2-build/src/CMakeFiles/Catch2.dir/catch2/catch_test_case_info.cpp.o
[594/942] Building CXX object _deps/catch2-build/src/CMakeFiles/Catch2.dir/catch2/catch_session.cpp.o
[595/942] Building CXX object _deps/catch2-build/src/CMakeFiles/Catch2.dir/catch2/catch_tostring.cpp.o
[596/942] Building CXX object _deps/catch2-build/src/CMakeFiles/Catch2.dir/catch2/catch_test_spec.cpp.o
[597/942] Building CXX object _deps/catch2-build/src/CMakeFiles/Catch2.dir/catch2/catch_version.cpp.o
[598/942] Building CXX object _deps/catch2-build/src/CMakeFiles/Catch2.dir/catch2/internal/catch_context.cpp.o
[599/942] Building CXX object _deps/catch2-build/src/CMakeFiles/Catch2.dir/catch2/internal/catch_case_insensitive_comparisons.cpp.o
[600/942] Building CXX object _deps/catch2-build/src/CMakeFiles/Catch2.dir/catch2/internal/catch_assertion_handler.cpp.o
[601/942] Building CXX object _deps/catch2-build/src/CMakeFiles/Catch2.dir/catch2/internal/catch_console_colour.cpp.o
[602/942] Building CXX object _deps/catch2-build/src/CMakeFiles/Catch2.dir/catch2/internal/catch_debug_console.cpp.o
[603/942] Building CXX object _deps/catch2-build/src/CMakeFiles/Catch2.dir/catch2/internal/catch_debugger.cpp.o
[604/942] Building CXX object _deps/catch2-build/src/CMakeFiles/Catch2.dir/catch2/internal/catch_errno_guard.cpp.o
[605/942] Building CXX object _deps/catch2-build/src/CMakeFiles/Catch2.dir/catch2/internal/catch_clara.cpp.o
[606/942] Building CXX object _deps/catch2-build/src/CMakeFiles/Catch2.dir/catch2/internal/catch_decomposer.cpp.o
[607/942] Building CXX object _deps/catch2-build/src/CMakeFiles/Catch2.dir/catch2/internal/catch_floating_point_helpers.cpp.o
[608/942] Building CXX object _deps/catch2-build/src/CMakeFiles/Catch2.dir/catch2/internal/catch_enforce.cpp.o
[609/942] Building CXX object _deps/catch2-build/src/CMakeFiles/Catch2.dir/catch2/internal/catch_getenv.cpp.o
[610/942] Building CXX object _deps/catch2-build/src/CMakeFiles/Catch2.dir/catch2/internal/catch_enum_values_registry.cpp.o
[611/942] Building CXX object _deps/catch2-build/src/CMakeFiles/Catch2.dir/catch2/internal/catch_commandline.cpp.o
[612/942] Building CXX object _deps/catch2-build/src/CMakeFiles/Catch2.dir/catch2/internal/catch_leak_detector.cpp.o
[613/942] Building CXX object _deps/catch2-build/src/CMakeFiles/Catch2.dir/catch2/internal/catch_exception_translator_registry.cpp.o
[614/942] Building CXX object _deps/catch2-build/src/CMakeFiles/Catch2.dir/catch2/internal/catch_fatal_condition_handler.cpp.o
[615/942] Building CXX object _deps/catch2-build/src/CMakeFiles/Catch2.dir/catch2/internal/catch_message_info.cpp.o
[616/942] Building CXX object _deps/catch2-build/src/CMakeFiles/Catch2.dir/catch2/internal/catch_polyfills.cpp.o
[617/942] Building CXX object _deps/catch2-build/src/CMakeFiles/Catch2.dir/catch2/internal/catch_jsonwriter.cpp.o
[618/942] Building CXX object _deps/catch2-build/src/CMakeFiles/Catch2.dir/catch2/internal/catch_random_number_generator.cpp.o
[619/942] Building CXX object _deps/catch2-build/src/CMakeFiles/Catch2.dir/catch2/internal/catch_istream.cpp.o
[620/942] Building CXX object _deps/catch2-build/src/CMakeFiles/Catch2.dir/catch2/internal/catch_lazy_expr.cpp.o
[621/942] Building CXX object _deps/catch2-build/src/CMakeFiles/Catch2.dir/catch2/internal/catch_parse_numbers.cpp.o
[622/942] Building CXX object _deps/catch2-build/src/CMakeFiles/Catch2.dir/catch2/internal/catch_result_type.cpp.o
[623/942] Building CXX object _deps/catch2-build/src/CMakeFiles/Catch2.dir/catch2/internal/catch_output_redirect.cpp.o
[624/942] Building CXX object _deps/catch2-build/src/CMakeFiles/Catch2.dir/catch2/internal/catch_list.cpp.o
[625/942] Building CXX object _deps/catch2-build/src/CMakeFiles/Catch2.dir/catch2/internal/catch_random_seed_generation.cpp.o
[626/942] Building CXX object _deps/catch2-build/src/CMakeFiles/Catch2.dir/catch2/internal/catch_singletons.cpp.o
[627/942] Building CXX object _deps/catch2-build/src/CMakeFiles/Catch2.dir/catch2/internal/catch_reusable_string_stream.cpp.o
[628/942] Building CXX object _deps/catch2-build/src/CMakeFiles/Catch2.dir/catch2/internal/catch_section.cpp.o
[629/942] Building CXX object _deps/catch2-build/src/CMakeFiles/Catch2.dir/catch2/internal/catch_reporter_spec_parser.cpp.o
[630/942] Building CXX object _deps/catch2-build/src/CMakeFiles/Catch2.dir/catch2/internal/catch_reporter_registry.cpp.o
[631/942] Building CXX object _deps/catch2-build/src/CMakeFiles/Catch2.dir/catch2/internal/catch_startup_exception_registry.cpp.o
[632/942] Building CXX object _deps/catch2-build/src/CMakeFiles/Catch2.dir/catch2/internal/catch_run_context.cpp.o
[633/942] Building CXX object _deps/catch2-build/src/CMakeFiles/Catch2.dir/catch2/internal/catch_source_line_info.cpp.o
[634/942] Building CXX object _deps/catch2-build/src/CMakeFiles/Catch2.dir/catch2/internal/catch_stdstreams.cpp.o
[635/942] Building CXX object _deps/catch2-build/src/CMakeFiles/Catch2.dir/catch2/internal/catch_test_case_info_hasher.cpp.o
[636/942] Building CXX object _deps/catch2-build/src/CMakeFiles/Catch2.dir/catch2/internal/catch_stringref.cpp.o
[637/942] Building CXX object _deps/catch2-build/src/CMakeFiles/Catch2.dir/catch2/internal/catch_string_manip.cpp.o
[638/942] Building CXX object _deps/catch2-build/src/CMakeFiles/Catch2.dir/catch2/internal/catch_tag_alias_registry.cpp.o
[639/942] Building CXX object KairoEngineCore/CMakeFiles/KairoEngineCore.dir/NativeGameplay.cppm.o
[640/942] Building CXX object _deps/catch2-build/src/CMakeFiles/Catch2.dir/catch2/internal/catch_uncaught_exceptions.cpp.o
[641/942] Building CXX object _deps/catch2-build/src/CMakeFiles/Catch2.dir/catch2/internal/catch_test_registry.cpp.o
[642/942] Building CXX object _deps/catch2-build/src/CMakeFiles/Catch2.dir/catch2/internal/catch_test_failure_exception.cpp.o
[643/942] Building CXX object _deps/catch2-build/src/CMakeFiles/Catch2.dir/catch2/internal/catch_test_case_tracker.cpp.o
[644/942] Building CXX object _deps/catch2-build/src/CMakeFiles/Catch2.dir/catch2/internal/catch_test_spec_parser.cpp.o
[645/942] Building CXX object KairoEditor/CMakeFiles/KairoEditor.dir/DocumentValidation.cppm.o
[646/942] Building CXX object _deps/catch2-build/src/CMakeFiles/Catch2.dir/catch2/internal/catch_test_case_registry_impl.cpp.o
[647/942] Building CXX object _deps/catch2-build/src/CMakeFiles/Catch2.dir/catch2/internal/catch_wildcard_pattern.cpp.o
[648/942] Building CXX object _deps/catch2-build/src/CMakeFiles/Catch2.dir/catch2/internal/catch_textflow.cpp.o
[649/942] Building CXX object _deps/catch2-build/src/CMakeFiles/Catch2.dir/catch2/internal/catch_xmlwriter.cpp.o
[650/942] Building CXX object _deps/catch2-build/src/CMakeFiles/Catch2.dir/catch2/matchers/catch_matchers.cpp.o
[651/942] Building CXX object _deps/catch2-build/src/CMakeFiles/Catch2.dir/catch2/matchers/catch_matchers_exception.cpp.o
[652/942] Building CXX object _deps/catch2-build/src/CMakeFiles/Catch2.dir/catch2/matchers/catch_matchers_container_properties.cpp.o
[653/942] Scanning /Users/swayamsingal/Desktop/Programming/Kairo/Foundation/Spatial/tests/SpatialTests.cpp for CXX dependencies
[654/942] Building CXX object _deps/catch2-build/src/CMakeFiles/Catch2.dir/catch2/matchers/catch_matchers_floating_point.cpp.o
[655/942] Scanning /Users/swayamsingal/Desktop/Programming/Kairo/Foundation/KairoGeometry/tests/smoke.cpp for CXX dependencies
[656/942] Building CXX object _deps/catch2-build/src/CMakeFiles/Catch2.dir/catch2/matchers/catch_matchers_predicate.cpp.o
[657/942] Building CXX object _deps/catch2-build/src/CMakeFiles/Catch2.dir/catch2/matchers/catch_matchers_quantifiers.cpp.o
[658/942] Scanning /Users/swayamsingal/Desktop/Programming/Kairo/Foundation/KairoGeometry/tests/GeometryTests.cpp for CXX dependencies
[659/942] Scanning /Users/swayamsingal/Desktop/Programming/Kairo/KairoAI/tests/DeviceAgentTests.cpp for CXX dependencies
[660/942] Scanning /Users/swayamsingal/Desktop/Programming/Kairo/KairoAI/tests/KairoAITests.cpp for CXX dependencies
[661/942] Building CXX object KairoEditor/CMakeFiles/KairoEditor.dir/GraphCanvas.cppm.o
[662/942] Building CXX object KairoECS/CMakeFiles/KairoECS.dir/Entity.cppm.o
[663/942] Scanning /Users/swayamsingal/Desktop/Programming/Kairo/KairoECS/tests/ECSTests.cpp for CXX dependencies
[664/942] Scanning /Users/swayamsingal/Desktop/Programming/Kairo/KairoReflection/tests/ReflectionTests.cpp for CXX dependencies
[665/942] Scanning /Users/swayamsingal/Desktop/Programming/Kairo/KairoEngineCore/tests/EngineCoreTests.cpp for CXX dependencies
[666/942] Scanning /Users/swayamsingal/Desktop/Programming/Kairo/KairoEngineCore/tests/RenderingComponentTests.cpp for CXX dependencies
[667/942] Scanning /Users/swayamsingal/Desktop/Programming/Kairo/KairoEngineCore/tests/DeterministicBytecodeTests.cpp for CXX dependencies
[668/942] Scanning /Users/swayamsingal/Desktop/Programming/Kairo/KairoEngineCore/tests/LogicStateTests.cpp for CXX dependencies
[669/942] Scanning /Users/swayamsingal/Desktop/Programming/Kairo/KairoEngineCore/tests/RuntimeSceneCommandsTests.cpp for CXX dependencies
[670/942] Scanning /Users/swayamsingal/Desktop/Programming/Kairo/KairoEngineCore/tests/NativeGameplayTests.cpp for CXX dependencies
[671/942] Building CXX object _deps/catch2-build/src/CMakeFiles/Catch2.dir/catch2/matchers/catch_matchers_templated.cpp.o
[672/942] Scanning /Users/swayamsingal/Desktop/Programming/Kairo/KairoEngineCore/tests/NativeGameplayManifestTests.cpp for CXX dependencies
[673/942] Scanning /Users/swayamsingal/Desktop/Programming/Kairo/KairoEngineCore/tests/ProductionSystemsTests.cpp for CXX dependencies
[674/942] Scanning /Users/swayamsingal/Desktop/Programming/Kairo/KairoEngineCore/tests/ProductionRuntimeTests.cpp for CXX dependencies
[675/942] Building CXX object _deps/catch2-build/src/CMakeFiles/Catch2.dir/catch2/matchers/internal/catch_matchers_impl.cpp.o
[676/942] Scanning /Users/swayamsingal/Desktop/Programming/Kairo/KairoEngineCore/tests/Phase3RuntimeTests.cpp for CXX dependencies
[677/942] Scanning /Users/swayamsingal/Desktop/Programming/Kairo/KairoEngineCore/tests/PlatformTests.cpp for CXX dependencies
[678/942] Building CXX object KairoEditor/CMakeFiles/KairoEditor.dir/DocumentSerialization.cppm.o
[679/942] Scanning /Users/swayamsingal/Desktop/Programming/Kairo/KairoAssets/tests/AssetTests.cpp for CXX dependencies
[680/942] Building CXX object KairoEditor/CMakeFiles/KairoEditor.dir/DocumentCommands.cppm.o
[681/942] Scanning /Users/swayamsingal/Desktop/Programming/Kairo/KairoAssets/tests/TextureArtifactTests.cpp for CXX dependencies
[682/942] Scanning /Users/swayamsingal/Desktop/Programming/Kairo/KairoAssets/tests/MaterialArtifactTests.cpp for CXX dependencies
[683/942] Building CXX object KairoECS/CMakeFiles/KairoECS.dir/SparseSet.cppm.o
[684/942] Scanning /Users/swayamsingal/Desktop/Programming/Kairo/KairoAssets/tests/AuthoringMeshTests.cpp for CXX dependencies
[685/942] Scanning /Users/swayamsingal/Desktop/Programming/Kairo/KairoAssets/tests/AuthoringCompletionTests.cpp for CXX dependencies
[686/942] Scanning /Users/swayamsingal/Desktop/Programming/Kairo/KairoAssets/tests/GLBImporterTests.cpp for CXX dependencies
[687/942] Scanning /Users/swayamsingal/Desktop/Programming/Kairo/KairoAssets/tests/AuthoringDocumentTests.cpp for CXX dependencies
[688/942] Scanning /Users/swayamsingal/Desktop/Programming/Kairo/KairoAssets/tests/AdvancedModelingOperationsTests.cpp for CXX dependencies
[689/942] Linking CXX static library KairoRenderer/libKairoRendererPhysicsDebug.a
[690/942] Scanning /Users/swayamsingal/Desktop/Programming/Kairo/KairoAssets/tests/SculptProductionTests.cpp for CXX dependencies
[691/942] Scanning /Users/swayamsingal/Desktop/Programming/Kairo/KairoAssets/tests/Phase2AssetTests.cpp for CXX dependencies
[692/942] Scanning /Users/swayamsingal/Desktop/Programming/Kairo/KairoRenderer/examples/clear_window.cpp for CXX dependencies
[693/942] Generating CXX dyndep file KairoEditor/CMakeFiles/KairoEditorImGui.dir/CXX.dd
[694/942] Linking CXX static library KairoEditor/libKairoDearImGui.a
[695/942] Scanning /Users/swayamsingal/Desktop/Programming/Kairo/KairoEditor/examples/project_compiler_main.cpp for CXX dependencies
[696/942] Scanning /Users/swayamsingal/Desktop/Programming/Kairo/KairoRenderer/tests/PhysicsDebugBridgeTests.cpp for CXX dependencies
[697/942] Scanning /Users/swayamsingal/Desktop/Programming/Kairo/KairoRenderer/tests/RendererTests.cpp for CXX dependencies
[698/942] Generating CXX dyndep file KairoEditor/CMakeFiles/KairoEditorRendererBridge.dir/CXX.dd
[699/942] Building CXX object _deps/catch2-build/src/CMakeFiles/Catch2.dir/catch2/matchers/catch_matchers_string.cpp.o
[700/942] Scanning /Users/swayamsingal/Desktop/Programming/Kairo/KairoEditor/examples/editor_main.cpp for CXX dependencies
[701/942] Scanning /Users/swayamsingal/Desktop/Programming/Kairo/KairoEditor/tests/AdvancedProductionAuthoringTests.cpp for CXX dependencies
[702/942] Scanning /Users/swayamsingal/Desktop/Programming/Kairo/KairoEditor/tests/ProductionSystemsAuthoringTests.cpp for CXX dependencies
[703/942] Scanning /Users/swayamsingal/Desktop/Programming/Kairo/KairoEditor/tests/ProductionAuthoringTests.cpp for CXX dependencies
[704/942] Scanning /Users/swayamsingal/Desktop/Programming/Kairo/KairoEditor/tests/EditorTests.cpp for CXX dependencies
[705/942] Building CXX object KairoEditor/CMakeFiles/KairoImGuizmo.dir/__/_deps/imguizmo-src/src/ImGuizmo.cpp.o
/Users/swayamsingal/Desktop/Programming/Kairo/build/dev-clang/_deps/imguizmo-src/src/ImGuizmo.cpp:327:10: warning: anonymous types declared in an anonymous union are an extension [-Wnested-anon-types]
  327 |          struct
      |          ^
1 warning generated.
[706/942] Scanning /Users/swayamsingal/Desktop/Programming/Kairo/KairoEditor/tests/Phase4WorkflowTests.cpp for CXX dependencies
[707/942] Scanning /Users/swayamsingal/Desktop/Programming/Kairo/KairoEditor/tests/DocumentCompilerTests.cpp for CXX dependencies
[708/942] Linking CXX static library KairoRayTracer/libKairoRayTracer.a
[709/942] Scanning /Users/swayamsingal/Desktop/Programming/Kairo/KairoEditor/tests/SceneRenderBridgeTests.cpp for CXX dependencies
[710/942] Scanning /Users/swayamsingal/Desktop/Programming/Kairo/KairoEditor/tests/KairoUITests.cpp for CXX dependencies
[711/942] Scanning /Users/swayamsingal/Desktop/Programming/Kairo/KairoEditor/tests/PhysicsPreviewTests.cpp for CXX dependencies
[712/942] Scanning /Users/swayamsingal/Desktop/Programming/Kairo/KairoRayTracer/examples/preview.cpp for CXX dependencies
[713/942] Scanning /Users/swayamsingal/Desktop/Programming/Kairo/KairoRayTracer/examples/cli.cpp for CXX dependencies
[714/942] Generating CXX dyndep file Runtime/KairoRenderBridge/CMakeFiles/KairoEditorOfflineRenderBridge.dir/CXX.dd
[715/942] Scanning /Users/swayamsingal/Desktop/Programming/Kairo/KairoRayTracer/PreviewWindow.cppm for CXX dependencies
[716/942] Scanning /Users/swayamsingal/Desktop/Programming/Kairo/KairoRayTracer/tests/RayTracerTests.cpp for CXX dependencies
[717/942] Scanning /Users/swayamsingal/Desktop/Programming/Kairo/KairoRayTracer/tests/OfflineRenderJobTests.cpp for CXX dependencies
[718/942] Scanning /Users/swayamsingal/Desktop/Programming/Kairo/KairoRayTracer/tests/SharedLightSemanticsTests.cpp for CXX dependencies
[719/942] Generating CXX dyndep file Runtime/KairoPlayer/CMakeFiles/KairoPlayerRuntime.dir/CXX.dd
[720/942] Scanning /Users/swayamsingal/Desktop/Programming/Kairo/Runtime/KairoRenderBridge/tests/SceneSnapshotBridgeTests.cpp for CXX dependencies
[721/942] Scanning /Users/swayamsingal/Desktop/Programming/Kairo/Runtime/KairoRenderBridge/tests/EditorOfflineRenderServiceTests.cpp for CXX dependencies
[722/942] Scanning /Users/swayamsingal/Desktop/Programming/Kairo/Runtime/KairoRenderBridge/tests/MaterialPreviewBridgeTests.cpp for CXX dependencies
[723/942] Generating CXX dyndep file Samples/Phase1Game/CMakeFiles/KairoPhase1GameState.dir/CXX.dd
[724/942] Generating CXX dyndep file CMakeFiles/KairoCompatibilityContentTests.dir/CXX.dd
[725/942] Scanning /Users/swayamsingal/Desktop/Programming/Kairo/Runtime/KairoPlayer/tests/RuntimeProjectTests.cpp for CXX dependencies
[726/942] Building CXX object KairoECS/CMakeFiles/KairoECS.dir/Registry.cppm.o
[727/942] Scanning /Users/swayamsingal/Desktop/Programming/Kairo/Runtime/KairoPlayer/main.cpp for CXX dependencies
[728/942] Generating CXX dyndep file Foundation/KairoPhysicsEngine/CMakeFiles/KairoPhysicsGlfwSandbox.dir/CXX.dd
[729/942] Scanning /Users/swayamsingal/Desktop/Programming/Kairo/Runtime/KairoPlayer/tests/RuntimeProductionSystemsTests.cpp for CXX dependencies
[730/942] Scanning /Users/swayamsingal/Desktop/Programming/Kairo/Runtime/KairoPlayer/tests/RuntimeNativeGameplayTests.cpp for CXX dependencies
[731/942] Generating CXX dyndep file Foundation/KairoPhysicsEngine/CMakeFiles/KairoPhysicsSandbox.dir/CXX.dd
[732/942] Generating CXX dyndep file Foundation/KairoPhysicsEngine/_deps/KairoPhysicsMath/CMakeFiles/KairoPhysicsMathTests.dir/CXX.dd
[733/942] Generating CXX dyndep file Foundation/KairoPhysicsEngine/CMakeFiles/KairoPhysicsEngineTests.dir/CXX.dd
[734/942] Scanning /Users/swayamsingal/Desktop/Programming/Kairo/Samples/Phase1Game/tests/Phase1GameStateTests.cpp for CXX dependencies
[735/942] Generating CXX dyndep file Foundation/KairoPhysicsEngine/_deps/KairoPhysicsMath/_deps/KairoMath/CMakeFiles/TensorAutogradSmoke.dir/CXX.dd
[736/942] Generating CXX dyndep file Foundation/KairoPhysicsEngine/_deps/KairoPhysicsMath/_deps/KairoMath/CMakeFiles/TensorTrainingSmoke.dir/CXX.dd
[737/942] Generating CXX dyndep file Foundation/KairoPhysicsEngine/_deps/KairoPhysicsMath/_deps/KairoMath/CMakeFiles/TensorDataSmoke.dir/CXX.dd
[738/942] Building CXX object KairoECS/CMakeFiles/KairoECS.dir/KairoECS.cppm.o
[739/942] Scanning /Users/swayamsingal/Desktop/Programming/Kairo/Samples/Phase1Game/main.cpp for CXX dependencies
[740/942] Generating CXX dyndep file Foundation/KairoPhysicsEngine/_deps/KairoPhysicsMath/_deps/KairoMath/CMakeFiles/TensorDTypeSmoke.dir/CXX.dd
[741/942] Generating CXX dyndep file Foundation/KairoPhysicsEngine/_deps/KairoPhysicsMath/_deps/KairoMath/CMakeFiles/MathTests.dir/CXX.dd
[742/942] Generating CXX dyndep file Foundation/KairoPhysicsEngine/_deps/KairoSpatial/_deps/KairoGeometry/CMakeFiles/KairoGeometrySmoke.dir/CXX.dd
[743/942] Generating CXX dyndep file Foundation/KairoPhysicsEngine/_deps/KairoSpatial/CMakeFiles/SpatialTests.dir/CXX.dd
[744/942] Generating CXX dyndep file Foundation/KairoPhysicsEngine/_deps/KairoSpatial/_deps/KairoGeometry/CMakeFiles/KairoGeometryTests.dir/CXX.dd
[745/942] Generating CXX dyndep file KairoAI/CMakeFiles/KairoAITests.dir/CXX.dd
[746/942] Generating CXX dyndep file KairoAI/CMakeFiles/KairoAIDeviceAgentTests.dir/CXX.dd
[747/942] Generating CXX dyndep file KairoReflection/CMakeFiles/KairoReflectionTests.dir/CXX.dd
[748/942] Generating CXX dyndep file KairoECS/CMakeFiles/KairoECSTests.dir/CXX.dd
[749/942] Generating CXX dyndep file KairoEngineCore/CMakeFiles/KairoEngineCorePhase3Tests.dir/CXX.dd
[750/942] Generating CXX dyndep file KairoEngineCore/CMakeFiles/KairoEngineCoreTests.dir/CXX.dd
[751/942] Generating CXX dyndep file KairoEngineCore/_deps/KairoAssets/CMakeFiles/KairoAssetsTests.dir/CXX.dd
[752/942] Generating CXX dyndep file KairoEngineCore/_deps/KairoAssets/CMakeFiles/KairoAssetsPhase2Tests.dir/CXX.dd
[753/942] Generating CXX dyndep file KairoRenderer/CMakeFiles/KairoRendererClear.dir/CXX.dd
[754/942] Generating CXX dyndep file KairoRenderer/CMakeFiles/KairoRendererTests.dir/CXX.dd
[755/942] Linking CXX static library KairoECS/libKairoECS.a
[756/942] Generating CXX dyndep file KairoRenderer/CMakeFiles/KairoRendererPhysicsDebugTests.dir/CXX.dd
[757/942] Generating CXX dyndep file KairoEditor/CMakeFiles/KairoProjectCompiler.dir/CXX.dd
[758/942] Linking CXX static library _deps/catch2-build/src/libCatch2d.a
[759/942] Linking CXX static library KairoEditor/libKairoImGuizmo.a
[760/942] Generating CXX dyndep file KairoEditor/CMakeFiles/KairoEditorApp.dir/CXX.dd
[761/942] Generating CXX dyndep file KairoEditor/CMakeFiles/KairoEditorTests.dir/CXX.dd
[762/942] Generating CXX dyndep file KairoEditor/CMakeFiles/KairoEditorPhase4Tests.dir/CXX.dd
[763/942] Generating CXX dyndep file KairoEditor/CMakeFiles/KairoEditorDocumentCompilerTests.dir/CXX.dd
[764/942] Generating CXX dyndep file KairoEditor/CMakeFiles/KairoEditorRenderBridgeTests.dir/CXX.dd
[765/942] Generating CXX dyndep file KairoEditor/CMakeFiles/KairoEditorUITests.dir/CXX.dd
[766/942] Generating CXX dyndep file KairoRayTracer/CMakeFiles/KairoRayTracerCLI.dir/CXX.dd
[767/942] Generating CXX dyndep file KairoEditor/CMakeFiles/KairoEditorPhysicsPreviewTests.dir/CXX.dd
[768/942] Generating CXX dyndep file KairoRayTracer/CMakeFiles/KairoRayTracerPreview.dir/CXX.dd
[769/942] Generating CXX dyndep file KairoRayTracer/CMakeFiles/KairoRayTracerTests.dir/CXX.dd
[770/942] Generating CXX dyndep file Runtime/KairoRenderBridge/CMakeFiles/KairoRenderBridgeTests.dir/CXX.dd
[771/942] Generating CXX dyndep file Runtime/KairoRenderBridge/CMakeFiles/KairoEditorOfflineRenderBridgeTests.dir/CXX.dd
[772/942] Building CXX object KairoEditor/CMakeFiles/KairoEditorImGui.dir/KairoUI.cppm.o
[773/942] Generating CXX dyndep file Runtime/KairoPlayer/CMakeFiles/KairoPlayer.dir/CXX.dd
[774/942] Building CXX object KairoEditor/CMakeFiles/KairoEditorImGui.dir/EditorTheme.cppm.o
[775/942] Generating CXX dyndep file Runtime/KairoPlayer/CMakeFiles/KairoPlayerRuntimeTests.dir/CXX.dd
[776/942] Generating CXX dyndep file Runtime/KairoPlayer/CMakeFiles/KairoPlayerNativeGameplayTests.dir/CXX.dd
[777/942] Generating CXX dyndep file Runtime/KairoPlayer/CMakeFiles/KairoPlayerProductionSystemsTests.dir/CXX.dd
[778/942] Building CXX object KairoEditor/CMakeFiles/KairoEditorImGui.dir/TransformGizmo.cppm.o
[779/942] Generating CXX dyndep file Samples/Phase1Game/CMakeFiles/KairoPhase1Game.dir/CXX.dd
[780/942] Generating CXX dyndep file Samples/Phase1Game/CMakeFiles/KairoPhase1GameStateTests.dir/CXX.dd
[781/942] Building CXX object _deps/catch2-build/src/CMakeFiles/Catch2WithMain.dir/catch2/internal/catch_main.cpp.o
[782/942] Building CXX object Runtime/KairoRenderBridge/CMakeFiles/KairoEditorOfflineRenderBridge.dir/MaterialPreviewBridge.cppm.o
[783/942] Building CXX object Samples/Phase1Game/CMakeFiles/KairoPhase1GameState.dir/Phase1GameState.cppm.o
[784/942] Building CXX object Foundation/KairoPhysicsEngine/CMakeFiles/KairoPhysicsGlfwSandbox.dir/sandbox/KairoPhysicsGlfwSandbox.cpp.o
[785/942] Building CXX object Foundation/KairoPhysicsEngine/CMakeFiles/KairoPhysicsSandboxCore.dir/sandbox/PhysicsDebugRenderer.cppm.o
[786/942] Building CXX object Foundation/KairoPhysicsEngine/_deps/KairoPhysicsMath/CMakeFiles/KairoPhysicsMathTests.dir/tests/PhysicsMathTests.cpp.o
[787/942] Building CXX object Foundation/KairoPhysicsEngine/CMakeFiles/KairoPhysicsSandboxCore.dir/sandbox/SandboxTypes.cppm.o
[788/942] Building CXX object KairoEditor/CMakeFiles/KairoEditor.dir/DocumentCompiler.cppm.o
[789/942] Building CXX object CMakeFiles/KairoCompatibilityContentTests.dir/tests/CompatibilityContentTests.cpp.o
[790/942] Building CXX object Foundation/KairoPhysicsEngine/_deps/KairoPhysicsMath/_deps/KairoMath/CMakeFiles/TensorAutogradSmoke.dir/tests/TensorAutogradSmoke.cpp.o
[791/942] Building CXX object Foundation/KairoPhysicsEngine/_deps/KairoPhysicsMath/_deps/KairoMath/CMakeFiles/TensorDataSmoke.dir/tests/TensorDataSmoke.cpp.o
[792/942] Building CXX object Foundation/KairoPhysicsEngine/_deps/KairoPhysicsMath/_deps/KairoMath/CMakeFiles/TensorTrainingSmoke.dir/tests/TensorTrainingSmoke.cpp.o
[793/942] Building CXX object Foundation/KairoPhysicsEngine/CMakeFiles/KairoPhysicsEngineTests.dir/tests/PhysicsEngineTests.cpp.o
[794/942] Linking CXX static library _deps/catch2-build/src/libCatch2Maind.a
[795/942] Building CXX object Foundation/KairoPhysicsEngine/_deps/KairoPhysicsMath/_deps/KairoMath/CMakeFiles/TensorDTypeSmoke.dir/tests/TensorDTypeSmoke.cpp.o
[796/942] Building CXX object Foundation/KairoPhysicsEngine/_deps/KairoSpatial/_deps/KairoGeometry/CMakeFiles/KairoGeometrySmoke.dir/tests/smoke.cpp.o
[797/942] Building CXX object KairoEditor/CMakeFiles/KairoEditorImGui.dir/ImGuiRuntime.cppm.o
[798/942] Building CXX object KairoEngineCore/CMakeFiles/KairoEngineCore.dir/NativeGameplayManifest.cppm.o
[799/942] Building CXX object KairoEngineCore/CMakeFiles/KairoEngineCore.dir/KairoEngineCore.cppm.o
[800/942] Linking CXX static library KairoEngineCore/libKairoEngineCore.a
[801/942] Building CXX object Foundation/KairoPhysicsEngine/_deps/KairoSpatial/_deps/KairoGeometry/CMakeFiles/KairoGeometryTests.dir/tests/GeometryTests.cpp.o
[802/942] Building CXX object KairoAI/CMakeFiles/KairoAIDeviceAgentTests.dir/tests/DeviceAgentTests.cpp.o
/Users/swayamsingal/Desktop/Programming/Kairo/KairoAI/tests/DeviceAgentTests.cpp:38:1: warning: '__COUNTER__' is a C2y extension [-Wc2y-extensions]
   38 | TEST_CASE("Device agent proposes only a verified registered app action", "[KairoAI][DeviceAgent]")
      | ^
/Users/swayamsingal/Desktop/Programming/Kairo/build/dev-clang/_deps/catch2-src/src/catch2/../catch2/catch_test_macros.hpp:142:28: note: expanded from macro 'TEST_CASE'
  142 |   #define TEST_CASE( ... ) INTERNAL_CATCH_TESTCASE( __VA_ARGS__ )
      |                            ^
/Users/swayamsingal/Desktop/Programming/Kairo/build/dev-clang/_deps/catch2-src/src/catch2/../catch2/internal/catch_test_registry.hpp:89:35: note: expanded from macro 'INTERNAL_CATCH_TESTCASE'
   89 |         INTERNAL_CATCH_TESTCASE2( INTERNAL_CATCH_UNIQUE_NAME( CATCH2_INTERNAL_TEST_ ), __VA_ARGS__ )
      |                                   ^
/Users/swayamsingal/Desktop/Programming/Kairo/build/dev-clang/_deps/catch2-src/src/catch2/../catch2/internal/catch_unique_name.hpp:15:85: note: expanded from macro 'INTERNAL_CATCH_UNIQUE_NAME'
   15 | #  define INTERNAL_CATCH_UNIQUE_NAME( name ) INTERNAL_CATCH_UNIQUE_NAME_LINE( name, __COUNTER__ )
      |                                                                                     ^
/Users/swayamsingal/Desktop/Programming/Kairo/KairoAI/tests/DeviceAgentTests.cpp:38:1: warning: '__COUNTER__' is a C2y extension [-Wc2y-extensions]
/Users/swayamsingal/Desktop/Programming/Kairo/build/dev-clang/_deps/catch2-src/src/catch2/../catch2/catch_test_macros.hpp:142:28: note: expanded from macro 'TEST_CASE'
  142 |   #define TEST_CASE( ... ) INTERNAL_CATCH_TESTCASE( __VA_ARGS__ )
      |                            ^
/Users/swayamsingal/Desktop/Programming/Kairo/build/dev-clang/_deps/catch2-src/src/catch2/../catch2/internal/catch_test_registry.hpp:89:9: note: expanded from macro 'INTERNAL_CATCH_TESTCASE'
   89 |         INTERNAL_CATCH_TESTCASE2( INTERNAL_CATCH_UNIQUE_NAME( CATCH2_INTERNAL_TEST_ ), __VA_ARGS__ )
      |         ^
/Users/swayamsingal/Desktop/Programming/Kairo/build/dev-clang/_deps/catch2-src/src/catch2/../catch2/internal/catch_test_registry.hpp:85:41: note: expanded from macro 'INTERNAL_CATCH_TESTCASE2'
   85 |         namespace{ const Catch::AutoReg INTERNAL_CATCH_UNIQUE_NAME( autoRegistrar )( Catch::makeTestInvoker( &TestName ), CATCH_INTERNAL_LINEINFO, Catch::StringRef(), Catch::NameAndTags{ __VA_ARGS__ } ); } /* NOLINT */ \
      |                                         ^
/Users/swayamsingal/Desktop/Programming/Kairo/build/dev-clang/_deps/catch2-src/src/catch2/../catch2/internal/catch_unique_name.hpp:15:85: note: expanded from macro 'INTERNAL_CATCH_UNIQUE_NAME'
   15 | #  define INTERNAL_CATCH_UNIQUE_NAME( name ) INTERNAL_CATCH_UNIQUE_NAME_LINE( name, __COUNTER__ )
      |                                                                                     ^
/Users/swayamsingal/Desktop/Programming/Kairo/KairoAI/tests/DeviceAgentTests.cpp:58:1: warning: '__COUNTER__' is a C2y extension [-Wc2y-extensions]
   58 | TEST_CASE("Device agent refuses weak, missing, mismatched, and unbound requests", "[KairoAI][DeviceAgent]")
      | ^
/Users/swayamsingal/Desktop/Programming/Kairo/build/dev-clang/_deps/catch2-src/src/catch2/../catch2/catch_test_macros.hpp:142:28: note: expanded from macro 'TEST_CASE'
  142 |   #define TEST_CASE( ... ) INTERNAL_CATCH_TESTCASE( __VA_ARGS__ )
      |                            ^
/Users/swayamsingal/Desktop/Programming/Kairo/build/dev-clang/_deps/catch2-src/src/catch2/../catch2/internal/catch_test_registry.hpp:89:35: note: expanded from macro 'INTERNAL_CATCH_TESTCASE'
   89 |         INTERNAL_CATCH_TESTCASE2( INTERNAL_CATCH_UNIQUE_NAME( CATCH2_INTERNAL_TEST_ ), __VA_ARGS__ )
      |                                   ^
/Users/swayamsingal/Desktop/Programming/Kairo/build/dev-clang/_deps/catch2-src/src/catch2/../catch2/internal/catch_unique_name.hpp:15:85: note: expanded from macro 'INTERNAL_CATCH_UNIQUE_NAME'
   15 | #  define INTERNAL_CATCH_UNIQUE_NAME( name ) INTERNAL_CATCH_UNIQUE_NAME_LINE( name, __COUNTER__ )
      |                                                                                     ^
/Users/swayamsingal/Desktop/Programming/Kairo/KairoAI/tests/DeviceAgentTests.cpp:58:1: warning: '__COUNTER__' is a C2y extension [-Wc2y-extensions]
/Users/swayamsingal/Desktop/Programming/Kairo/build/dev-clang/_deps/catch2-src/src/catch2/../catch2/catch_test_macros.hpp:142:28: note: expanded from macro 'TEST_CASE'
  142 |   #define TEST_CASE( ... ) INTERNAL_CATCH_TESTCASE( __VA_ARGS__ )
      |                            ^
/Users/swayamsingal/Desktop/Programming/Kairo/build/dev-clang/_deps/catch2-src/src/catch2/../catch2/internal/catch_test_registry.hpp:89:9: note: expanded from macro 'INTERNAL_CATCH_TESTCASE'
   89 |         INTERNAL_CATCH_TESTCASE2( INTERNAL_CATCH_UNIQUE_NAME( CATCH2_INTERNAL_TEST_ ), __VA_ARGS__ )
      |         ^
/Users/swayamsingal/Desktop/Programming/Kairo/build/dev-clang/_deps/catch2-src/src/catch2/../catch2/internal/catch_test_registry.hpp:85:41: note: expanded from macro 'INTERNAL_CATCH_TESTCASE2'
   85 |         namespace{ const Catch::AutoReg INTERNAL_CATCH_UNIQUE_NAME( autoRegistrar )( Catch::makeTestInvoker( &TestName ), CATCH_INTERNAL_LINEINFO, Catch::StringRef(), Catch::NameAndTags{ __VA_ARGS__ } ); } /* NOLINT */ \
      |                                         ^
/Users/swayamsingal/Desktop/Programming/Kairo/build/dev-clang/_deps/catch2-src/src/catch2/../catch2/internal/catch_unique_name.hpp:15:85: note: expanded from macro 'INTERNAL_CATCH_UNIQUE_NAME'
   15 | #  define INTERNAL_CATCH_UNIQUE_NAME( name ) INTERNAL_CATCH_UNIQUE_NAME_LINE( name, __COUNTER__ )
      |                                                                                     ^
/Users/swayamsingal/Desktop/Programming/Kairo/KairoAI/tests/DeviceAgentTests.cpp:81:1: warning: '__COUNTER__' is a C2y extension [-Wc2y-extensions]
   81 | TEST_CASE("Device agent joins only exact execution and verification records into replay", "[KairoAI][DeviceAgent]")
      | ^
/Users/swayamsingal/Desktop/Programming/Kairo/build/dev-clang/_deps/catch2-src/src/catch2/../catch2/catch_test_macros.hpp:142:28: note: expanded from macro 'TEST_CASE'
  142 |   #define TEST_CASE( ... ) INTERNAL_CATCH_TESTCASE( __VA_ARGS__ )
      |                            ^
/Users/swayamsingal/Desktop/Programming/Kairo/build/dev-clang/_deps/catch2-src/src/catch2/../catch2/internal/catch_test_registry.hpp:89:35: note: expanded from macro 'INTERNAL_CATCH_TESTCASE'
   89 |         INTERNAL_CATCH_TESTCASE2( INTERNAL_CATCH_UNIQUE_NAME( CATCH2_INTERNAL_TEST_ ), __VA_ARGS__ )
      |                                   ^
/Users/swayamsingal/Desktop/Programming/Kairo/build/dev-clang/_deps/catch2-src/src/catch2/../catch2/internal/catch_unique_name.hpp:15:85: note: expanded from macro 'INTERNAL_CATCH_UNIQUE_NAME'
   15 | #  define INTERNAL_CATCH_UNIQUE_NAME( name ) INTERNAL_CATCH_UNIQUE_NAME_LINE( name, __COUNTER__ )
      |                                                                                     ^
/Users/swayamsingal/Desktop/Programming/Kairo/KairoAI/tests/DeviceAgentTests.cpp:81:1: warning: '__COUNTER__' is a C2y extension [-Wc2y-extensions]
/Users/swayamsingal/Desktop/Programming/Kairo/build/dev-clang/_deps/catch2-src/src/catch2/../catch2/catch_test_macros.hpp:142:28: note: expanded from macro 'TEST_CASE'
  142 |   #define TEST_CASE( ... ) INTERNAL_CATCH_TESTCASE( __VA_ARGS__ )
      |                            ^
/Users/swayamsingal/Desktop/Programming/Kairo/build/dev-clang/_deps/catch2-src/src/catch2/../catch2/internal/catch_test_registry.hpp:89:9: note: expanded from macro 'INTERNAL_CATCH_TESTCASE'
   89 |         INTERNAL_CATCH_TESTCASE2( INTERNAL_CATCH_UNIQUE_NAME( CATCH2_INTERNAL_TEST_ ), __VA_ARGS__ )
      |         ^
/Users/swayamsingal/Desktop/Programming/Kairo/build/dev-clang/_deps/catch2-src/src/catch2/../catch2/internal/catch_test_registry.hpp:85:41: note: expanded from macro 'INTERNAL_CATCH_TESTCASE2'
   85 |         namespace{ const Catch::AutoReg INTERNAL_CATCH_UNIQUE_NAME( autoRegistrar )( Catch::makeTestInvoker( &TestName ), CATCH_INTERNAL_LINEINFO, Catch::StringRef(), Catch::NameAndTags{ __VA_ARGS__ } ); } /* NOLINT */ \
      |                                         ^
/Users/swayamsingal/Desktop/Programming/Kairo/build/dev-clang/_deps/catch2-src/src/catch2/../catch2/internal/catch_unique_name.hpp:15:85: note: expanded from macro 'INTERNAL_CATCH_UNIQUE_NAME'
   15 | #  define INTERNAL_CATCH_UNIQUE_NAME( name ) INTERNAL_CATCH_UNIQUE_NAME_LINE( name, __COUNTER__ )
      |                                                                                     ^
/Users/swayamsingal/Desktop/Programming/Kairo/KairoAI/tests/DeviceAgentTests.cpp:105:1: warning: '__COUNTER__' is a C2y extension [-Wc2y-extensions]
  105 | TEST_CASE("Device action contracts reject unsafe approval and rollback combinations", "[KairoAI][DeviceAgent]")
      | ^
/Users/swayamsingal/Desktop/Programming/Kairo/build/dev-clang/_deps/catch2-src/src/catch2/../catch2/catch_test_macros.hpp:142:28: note: expanded from macro 'TEST_CASE'
  142 |   #define TEST_CASE( ... ) INTERNAL_CATCH_TESTCASE( __VA_ARGS__ )
      |                            ^
/Users/swayamsingal/Desktop/Programming/Kairo/build/dev-clang/_deps/catch2-src/src/catch2/../catch2/internal/catch_test_registry.hpp:89:35: note: expanded from macro 'INTERNAL_CATCH_TESTCASE'
   89 |         INTERNAL_CATCH_TESTCASE2( INTERNAL_CATCH_UNIQUE_NAME( CATCH2_INTERNAL_TEST_ ), __VA_ARGS__ )
      |                                   ^
/Users/swayamsingal/Desktop/Programming/Kairo/build/dev-clang/_deps/catch2-src/src/catch2/../catch2/internal/catch_unique_name.hpp:15:85: note: expanded from macro 'INTERNAL_CATCH_UNIQUE_NAME'
   15 | #  define INTERNAL_CATCH_UNIQUE_NAME( name ) INTERNAL_CATCH_UNIQUE_NAME_LINE( name, __COUNTER__ )
      |                                                                                     ^
/Users/swayamsingal/Desktop/Programming/Kairo/KairoAI/tests/DeviceAgentTests.cpp:105:1: warning: '__COUNTER__' is a C2y extension [-Wc2y-extensions]
/Users/swayamsingal/Desktop/Programming/Kairo/build/dev-clang/_deps/catch2-src/src/catch2/../catch2/catch_test_macros.hpp:142:28: note: expanded from macro 'TEST_CASE'
  142 |   #define TEST_CASE( ... ) INTERNAL_CATCH_TESTCASE( __VA_ARGS__ )
      |                            ^
/Users/swayamsingal/Desktop/Programming/Kairo/build/dev-clang/_deps/catch2-src/src/catch2/../catch2/internal/catch_test_registry.hpp:89:9: note: expanded from macro 'INTERNAL_CATCH_TESTCASE'
   89 |         INTERNAL_CATCH_TESTCASE2( INTERNAL_CATCH_UNIQUE_NAME( CATCH2_INTERNAL_TEST_ ), __VA_ARGS__ )
      |         ^
/Users/swayamsingal/Desktop/Programming/Kairo/build/dev-clang/_deps/catch2-src/src/catch2/../catch2/internal/catch_test_registry.hpp:85:41: note: expanded from macro 'INTERNAL_CATCH_TESTCASE2'
   85 |         namespace{ const Catch::AutoReg INTERNAL_CATCH_UNIQUE_NAME( autoRegistrar )( Catch::makeTestInvoker( &TestName ), CATCH_INTERNAL_LINEINFO, Catch::StringRef(), Catch::NameAndTags{ __VA_ARGS__ } ); } /* NOLINT */ \
      |                                         ^
/Users/swayamsingal/Desktop/Programming/Kairo/build/dev-clang/_deps/catch2-src/src/catch2/../catch2/internal/catch_unique_name.hpp:15:85: note: expanded from macro 'INTERNAL_CATCH_UNIQUE_NAME'
   15 | #  define INTERNAL_CATCH_UNIQUE_NAME( name ) INTERNAL_CATCH_UNIQUE_NAME_LINE( name, __COUNTER__ )
      |                                                                                     ^
8 warnings generated.
[803/942] Building CXX object KairoEditor/CMakeFiles/KairoEditor.dir/DocumentProjection.cppm.o
[804/942] Building CXX object KairoAI/CMakeFiles/KairoAITests.dir/tests/KairoAITests.cpp.o
/Users/swayamsingal/Desktop/Programming/Kairo/KairoAI/tests/KairoAITests.cpp:22:1: warning: '__COUNTER__' is a C2y extension [-Wc2y-extensions]
   22 | TEST_CASE("AI requests enforce bounded provider-neutral contracts", "[KairoAI][Validation]")
      | ^
/Users/swayamsingal/Desktop/Programming/Kairo/build/dev-clang/_deps/catch2-src/src/catch2/../catch2/catch_test_macros.hpp:142:28: note: expanded from macro 'TEST_CASE'
  142 |   #define TEST_CASE( ... ) INTERNAL_CATCH_TESTCASE( __VA_ARGS__ )
      |                            ^
/Users/swayamsingal/Desktop/Programming/Kairo/build/dev-clang/_deps/catch2-src/src/catch2/../catch2/internal/catch_test_registry.hpp:89:35: note: expanded from macro 'INTERNAL_CATCH_TESTCASE'
   89 |         INTERNAL_CATCH_TESTCASE2( INTERNAL_CATCH_UNIQUE_NAME( CATCH2_INTERNAL_TEST_ ), __VA_ARGS__ )
      |                                   ^
/Users/swayamsingal/Desktop/Programming/Kairo/build/dev-clang/_deps/catch2-src/src/catch2/../catch2/internal/catch_unique_name.hpp:15:85: note: expanded from macro 'INTERNAL_CATCH_UNIQUE_NAME'
   15 | #  define INTERNAL_CATCH_UNIQUE_NAME( name ) INTERNAL_CATCH_UNIQUE_NAME_LINE( name, __COUNTER__ )
      |                                                                                     ^
/Users/swayamsingal/Desktop/Programming/Kairo/KairoAI/tests/KairoAITests.cpp:22:1: warning: '__COUNTER__' is a C2y extension [-Wc2y-extensions]
/Users/swayamsingal/Desktop/Programming/Kairo/build/dev-clang/_deps/catch2-src/src/catch2/../catch2/catch_test_macros.hpp:142:28: note: expanded from macro 'TEST_CASE'
  142 |   #define TEST_CASE( ... ) INTERNAL_CATCH_TESTCASE( __VA_ARGS__ )
      |                            ^
/Users/swayamsingal/Desktop/Programming/Kairo/build/dev-clang/_deps/catch2-src/src/catch2/../catch2/internal/catch_test_registry.hpp:89:9: note: expanded from macro 'INTERNAL_CATCH_TESTCASE'
   89 |         INTERNAL_CATCH_TESTCASE2( INTERNAL_CATCH_UNIQUE_NAME( CATCH2_INTERNAL_TEST_ ), __VA_ARGS__ )
      |         ^
/Users/swayamsingal/Desktop/Programming/Kairo/build/dev-clang/_deps/catch2-src/src/catch2/../catch2/internal/catch_test_registry.hpp:85:41: note: expanded from macro 'INTERNAL_CATCH_TESTCASE2'
   85 |         namespace{ const Catch::AutoReg INTERNAL_CATCH_UNIQUE_NAME( autoRegistrar )( Catch::makeTestInvoker( &TestName ), CATCH_INTERNAL_LINEINFO, Catch::StringRef(), Catch::NameAndTags{ __VA_ARGS__ } ); } /* NOLINT */ \
      |                                         ^
/Users/swayamsingal/Desktop/Programming/Kairo/build/dev-clang/_deps/catch2-src/src/catch2/../catch2/internal/catch_unique_name.hpp:15:85: note: expanded from macro 'INTERNAL_CATCH_UNIQUE_NAME'
   15 | #  define INTERNAL_CATCH_UNIQUE_NAME( name ) INTERNAL_CATCH_UNIQUE_NAME_LINE( name, __COUNTER__ )
      |                                                                                     ^
/Users/swayamsingal/Desktop/Programming/Kairo/KairoAI/tests/KairoAITests.cpp:41:1: warning: '__COUNTER__' is a C2y extension [-Wc2y-extensions]
   41 | TEST_CASE("Mock provider streams deterministic text and structured tool calls", "[KairoAI][Mock]")
      | ^
/Users/swayamsingal/Desktop/Programming/Kairo/build/dev-clang/_deps/catch2-src/src/catch2/../catch2/catch_test_macros.hpp:142:28: note: expanded from macro 'TEST_CASE'
  142 |   #define TEST_CASE( ... ) INTERNAL_CATCH_TESTCASE( __VA_ARGS__ )
      |                            ^
/Users/swayamsingal/Desktop/Programming/Kairo/build/dev-clang/_deps/catch2-src/src/catch2/../catch2/internal/catch_test_registry.hpp:89:35: note: expanded from macro 'INTERNAL_CATCH_TESTCASE'
   89 |         INTERNAL_CATCH_TESTCASE2( INTERNAL_CATCH_UNIQUE_NAME( CATCH2_INTERNAL_TEST_ ), __VA_ARGS__ )
      |                                   ^
/Users/swayamsingal/Desktop/Programming/Kairo/build/dev-clang/_deps/catch2-src/src/catch2/../catch2/internal/catch_unique_name.hpp:15:85: note: expanded from macro 'INTERNAL_CATCH_UNIQUE_NAME'
   15 | #  define INTERNAL_CATCH_UNIQUE_NAME( name ) INTERNAL_CATCH_UNIQUE_NAME_LINE( name, __COUNTER__ )
      |                                                                                     ^
/Users/swayamsingal/Desktop/Programming/Kairo/KairoAI/tests/KairoAITests.cpp:41:1: warning: '__COUNTER__' is a C2y extension [-Wc2y-extensions]
/Users/swayamsingal/Desktop/Programming/Kairo/build/dev-clang/_deps/catch2-src/src/catch2/../catch2/catch_test_macros.hpp:142:28: note: expanded from macro 'TEST_CASE'
  142 |   #define TEST_CASE( ... ) INTERNAL_CATCH_TESTCASE( __VA_ARGS__ )
      |                            ^
/Users/swayamsingal/Desktop/Programming/Kairo/build/dev-clang/_deps/catch2-src/src/catch2/../catch2/internal/catch_test_registry.hpp:89:9: note: expanded from macro 'INTERNAL_CATCH_TESTCASE'
   89 |         INTERNAL_CATCH_TESTCASE2( INTERNAL_CATCH_UNIQUE_NAME( CATCH2_INTERNAL_TEST_ ), __VA_ARGS__ )
      |         ^
/Users/swayamsingal/Desktop/Programming/Kairo/build/dev-clang/_deps/catch2-src/src/catch2/../catch2/internal/catch_test_registry.hpp:85:41: note: expanded from macro 'INTERNAL_CATCH_TESTCASE2'
   85 |         namespace{ const Catch::AutoReg INTERNAL_CATCH_UNIQUE_NAME( autoRegistrar )( Catch::makeTestInvoker( &TestName ), CATCH_INTERNAL_LINEINFO, Catch::StringRef(), Catch::NameAndTags{ __VA_ARGS__ } ); } /* NOLINT */ \
      |                                         ^
/Users/swayamsingal/Desktop/Programming/Kairo/build/dev-clang/_deps/catch2-src/src/catch2/../catch2/internal/catch_unique_name.hpp:15:85: note: expanded from macro 'INTERNAL_CATCH_UNIQUE_NAME'
   15 | #  define INTERNAL_CATCH_UNIQUE_NAME( name ) INTERNAL_CATCH_UNIQUE_NAME_LINE( name, __COUNTER__ )
      |                                                                                     ^
/Users/swayamsingal/Desktop/Programming/Kairo/KairoAI/tests/KairoAITests.cpp:58:1: warning: '__COUNTER__' is a C2y extension [-Wc2y-extensions]
   58 | TEST_CASE("Asynchronous AI tasks cancel cooperatively without detached callbacks", "[KairoAI][Cancellation]")
      | ^
/Users/swayamsingal/Desktop/Programming/Kairo/build/dev-clang/_deps/catch2-src/src/catch2/../catch2/catch_test_macros.hpp:142:28: note: expanded from macro 'TEST_CASE'
  142 |   #define TEST_CASE( ... ) INTERNAL_CATCH_TESTCASE( __VA_ARGS__ )
      |                            ^
/Users/swayamsingal/Desktop/Programming/Kairo/build/dev-clang/_deps/catch2-src/src/catch2/../catch2/internal/catch_test_registry.hpp:89:35: note: expanded from macro 'INTERNAL_CATCH_TESTCASE'
   89 |         INTERNAL_CATCH_TESTCASE2( INTERNAL_CATCH_UNIQUE_NAME( CATCH2_INTERNAL_TEST_ ), __VA_ARGS__ )
      |                                   ^
/Users/swayamsingal/Desktop/Programming/Kairo/build/dev-clang/_deps/catch2-src/src/catch2/../catch2/internal/catch_unique_name.hpp:15:85: note: expanded from macro 'INTERNAL_CATCH_UNIQUE_NAME'
   15 | #  define INTERNAL_CATCH_UNIQUE_NAME( name ) INTERNAL_CATCH_UNIQUE_NAME_LINE( name, __COUNTER__ )
      |                                                                                     ^
/Users/swayamsingal/Desktop/Programming/Kairo/KairoAI/tests/KairoAITests.cpp:58:1: warning: '__COUNTER__' is a C2y extension [-Wc2y-extensions]
/Users/swayamsingal/Desktop/Programming/Kairo/build/dev-clang/_deps/catch2-src/src/catch2/../catch2/catch_test_macros.hpp:142:28: note: expanded from macro 'TEST_CASE'
  142 |   #define TEST_CASE( ... ) INTERNAL_CATCH_TESTCASE( __VA_ARGS__ )
      |                            ^
/Users/swayamsingal/Desktop/Programming/Kairo/build/dev-clang/_deps/catch2-src/src/catch2/../catch2/internal/catch_test_registry.hpp:89:9: note: expanded from macro 'INTERNAL_CATCH_TESTCASE'
   89 |         INTERNAL_CATCH_TESTCASE2( INTERNAL_CATCH_UNIQUE_NAME( CATCH2_INTERNAL_TEST_ ), __VA_ARGS__ )
      |         ^
/Users/swayamsingal/Desktop/Programming/Kairo/build/dev-clang/_deps/catch2-src/src/catch2/../catch2/internal/catch_test_registry.hpp:85:41: note: expanded from macro 'INTERNAL_CATCH_TESTCASE2'
   85 |         namespace{ const Catch::AutoReg INTERNAL_CATCH_UNIQUE_NAME( autoRegistrar )( Catch::makeTestInvoker( &TestName ), CATCH_INTERNAL_LINEINFO, Catch::StringRef(), Catch::NameAndTags{ __VA_ARGS__ } ); } /* NOLINT */ \
      |                                         ^
/Users/swayamsingal/Desktop/Programming/Kairo/build/dev-clang/_deps/catch2-src/src/catch2/../catch2/internal/catch_unique_name.hpp:15:85: note: expanded from macro 'INTERNAL_CATCH_UNIQUE_NAME'
   15 | #  define INTERNAL_CATCH_UNIQUE_NAME( name ) INTERNAL_CATCH_UNIQUE_NAME_LINE( name, __COUNTER__ )
      |                                                                                     ^
/Users/swayamsingal/Desktop/Programming/Kairo/KairoAI/tests/KairoAITests.cpp:72:1: warning: '__COUNTER__' is a C2y extension [-Wc2y-extensions]
   72 | TEST_CASE("Tool policy separates read context from permissioned side effects", "[KairoAI][Policy]")
      | ^
/Users/swayamsingal/Desktop/Programming/Kairo/build/dev-clang/_deps/catch2-src/src/catch2/../catch2/catch_test_macros.hpp:142:28: note: expanded from macro 'TEST_CASE'
  142 |   #define TEST_CASE( ... ) INTERNAL_CATCH_TESTCASE( __VA_ARGS__ )
      |                            ^
/Users/swayamsingal/Desktop/Programming/Kairo/build/dev-clang/_deps/catch2-src/src/catch2/../catch2/internal/catch_test_registry.hpp:89:35: note: expanded from macro 'INTERNAL_CATCH_TESTCASE'
   89 |         INTERNAL_CATCH_TESTCASE2( INTERNAL_CATCH_UNIQUE_NAME( CATCH2_INTERNAL_TEST_ ), __VA_ARGS__ )
      |                                   ^
/Users/swayamsingal/Desktop/Programming/Kairo/build/dev-clang/_deps/catch2-src/src/catch2/../catch2/internal/catch_unique_name.hpp:15:85: note: expanded from macro 'INTERNAL_CATCH_UNIQUE_NAME'
   15 | #  define INTERNAL_CATCH_UNIQUE_NAME( name ) INTERNAL_CATCH_UNIQUE_NAME_LINE( name, __COUNTER__ )
      |                                                                                     ^
/Users/swayamsingal/Desktop/Programming/Kairo/KairoAI/tests/KairoAITests.cpp:72:1: warning: '__COUNTER__' is a C2y extension [-Wc2y-extensions]
/Users/swayamsingal/Desktop/Programming/Kairo/build/dev-clang/_deps/catch2-src/src/catch2/../catch2/catch_test_macros.hpp:142:28: note: expanded from macro 'TEST_CASE'
  142 |   #define TEST_CASE( ... ) INTERNAL_CATCH_TESTCASE( __VA_ARGS__ )
      |                            ^
/Users/swayamsingal/Desktop/Programming/Kairo/build/dev-clang/_deps/catch2-src/src/catch2/../catch2/internal/catch_test_registry.hpp:89:9: note: expanded from macro 'INTERNAL_CATCH_TESTCASE'
   89 |         INTERNAL_CATCH_TESTCASE2( INTERNAL_CATCH_UNIQUE_NAME( CATCH2_INTERNAL_TEST_ ), __VA_ARGS__ )
      |         ^
/Users/swayamsingal/Desktop/Programming/Kairo/build/dev-clang/_deps/catch2-src/src/catch2/../catch2/internal/catch_test_registry.hpp:85:41: note: expanded from macro 'INTERNAL_CATCH_TESTCASE2'
   85 |         namespace{ const Catch::AutoReg INTERNAL_CATCH_UNIQUE_NAME( autoRegistrar )( Catch::makeTestInvoker( &TestName ), CATCH_INTERNAL_LINEINFO, Catch::StringRef(), Catch::NameAndTags{ __VA_ARGS__ } ); } /* NOLINT */ \
      |                                         ^
/Users/swayamsingal/Desktop/Programming/Kairo/build/dev-clang/_deps/catch2-src/src/catch2/../catch2/internal/catch_unique_name.hpp:15:85: note: expanded from macro 'INTERNAL_CATCH_UNIQUE_NAME'
   15 | #  define INTERNAL_CATCH_UNIQUE_NAME( name ) INTERNAL_CATCH_UNIQUE_NAME_LINE( name, __COUNTER__ )
      |                                                                                     ^
8 warnings generated.
[805/942] Building CXX object Foundation/KairoPhysicsEngine/_deps/KairoSpatial/CMakeFiles/SpatialTests.dir/tests/SpatialTests.cpp.o
[806/942] Building CXX object Foundation/KairoPhysicsEngine/_deps/KairoPhysicsMath/_deps/KairoMath/CMakeFiles/MathTests.dir/tests/MathTests.cpp.o
[807/942] Building CXX object Foundation/KairoPhysicsEngine/CMakeFiles/KairoPhysicsSandboxCore.dir/sandbox/DemoScene.cppm.o
[808/942] Building CXX object KairoEditor/CMakeFiles/KairoEditorImGui.dir/ImGuiReflectionInspector.cppm.o
[809/942] Building CXX object Foundation/KairoPhysicsEngine/CMakeFiles/KairoPhysicsSandboxCore.dir/sandbox/TerminalRenderer.cppm.o
[810/942] Building CXX object KairoECS/CMakeFiles/KairoECSTests.dir/tests/ECSTests.cpp.o
/Users/swayamsingal/Desktop/Programming/Kairo/KairoECS/tests/ECSTests.cpp:17:1: warning: '__COUNTER__' is a C2y extension [-Wc2y-extensions]
   17 | TEST_CASE("Registry invalidates stale entities before recycling slots", "[KairoECS][Entity]")
      | ^
/Users/swayamsingal/Desktop/Programming/Kairo/build/dev-clang/_deps/catch2-src/src/catch2/../catch2/catch_test_macros.hpp:142:28: note: expanded from macro 'TEST_CASE'
  142 |   #define TEST_CASE( ... ) INTERNAL_CATCH_TESTCASE( __VA_ARGS__ )
      |                            ^
/Users/swayamsingal/Desktop/Programming/Kairo/build/dev-clang/_deps/catch2-src/src/catch2/../catch2/internal/catch_test_registry.hpp:89:35: note: expanded from macro 'INTERNAL_CATCH_TESTCASE'
   89 |         INTERNAL_CATCH_TESTCASE2( INTERNAL_CATCH_UNIQUE_NAME( CATCH2_INTERNAL_TEST_ ), __VA_ARGS__ )
      |                                   ^
/Users/swayamsingal/Desktop/Programming/Kairo/build/dev-clang/_deps/catch2-src/src/catch2/../catch2/internal/catch_unique_name.hpp:15:85: note: expanded from macro 'INTERNAL_CATCH_UNIQUE_NAME'
   15 | #  define INTERNAL_CATCH_UNIQUE_NAME( name ) INTERNAL_CATCH_UNIQUE_NAME_LINE( name, __COUNTER__ )
      |                                                                                     ^
/Users/swayamsingal/Desktop/Programming/Kairo/KairoECS/tests/ECSTests.cpp:17:1: warning: '__COUNTER__' is a C2y extension [-Wc2y-extensions]
/Users/swayamsingal/Desktop/Programming/Kairo/build/dev-clang/_deps/catch2-src/src/catch2/../catch2/catch_test_macros.hpp:142:28: note: expanded from macro 'TEST_CASE'
  142 |   #define TEST_CASE( ... ) INTERNAL_CATCH_TESTCASE( __VA_ARGS__ )
      |                            ^
/Users/swayamsingal/Desktop/Programming/Kairo/build/dev-clang/_deps/catch2-src/src/catch2/../catch2/internal/catch_test_registry.hpp:89:9: note: expanded from macro 'INTERNAL_CATCH_TESTCASE'
   89 |         INTERNAL_CATCH_TESTCASE2( INTERNAL_CATCH_UNIQUE_NAME( CATCH2_INTERNAL_TEST_ ), __VA_ARGS__ )
      |         ^
/Users/swayamsingal/Desktop/Programming/Kairo/build/dev-clang/_deps/catch2-src/src/catch2/../catch2/internal/catch_test_registry.hpp:85:41: note: expanded from macro 'INTERNAL_CATCH_TESTCASE2'
   85 |         namespace{ const Catch::AutoReg INTERNAL_CATCH_UNIQUE_NAME( autoRegistrar )( Catch::makeTestInvoker( &TestName ), CATCH_INTERNAL_LINEINFO, Catch::StringRef(), Catch::NameAndTags{ __VA_ARGS__ } ); } /* NOLINT */ \
      |                                         ^
/Users/swayamsingal/Desktop/Programming/Kairo/build/dev-clang/_deps/catch2-src/src/catch2/../catch2/internal/catch_unique_name.hpp:15:85: note: expanded from macro 'INTERNAL_CATCH_UNIQUE_NAME'
   15 | #  define INTERNAL_CATCH_UNIQUE_NAME( name ) INTERNAL_CATCH_UNIQUE_NAME_LINE( name, __COUNTER__ )
      |                                                                                     ^
/Users/swayamsingal/Desktop/Programming/Kairo/KairoECS/tests/ECSTests.cpp:33:1: warning: '__COUNTER__' is a C2y extension [-Wc2y-extensions]
   33 | TEST_CASE("Sparse component storage validates ownership and removal", "[KairoECS][Components]")
      | ^
/Users/swayamsingal/Desktop/Programming/Kairo/build/dev-clang/_deps/catch2-src/src/catch2/../catch2/catch_test_macros.hpp:142:28: note: expanded from macro 'TEST_CASE'
  142 |   #define TEST_CASE( ... ) INTERNAL_CATCH_TESTCASE( __VA_ARGS__ )
      |                            ^
/Users/swayamsingal/Desktop/Programming/Kairo/build/dev-clang/_deps/catch2-src/src/catch2/../catch2/internal/catch_test_registry.hpp:89:35: note: expanded from macro 'INTERNAL_CATCH_TESTCASE'
   89 |         INTERNAL_CATCH_TESTCASE2( INTERNAL_CATCH_UNIQUE_NAME( CATCH2_INTERNAL_TEST_ ), __VA_ARGS__ )
      |                                   ^
/Users/swayamsingal/Desktop/Programming/Kairo/build/dev-clang/_deps/catch2-src/src/catch2/../catch2/internal/catch_unique_name.hpp:15:85: note: expanded from macro 'INTERNAL_CATCH_UNIQUE_NAME'
   15 | #  define INTERNAL_CATCH_UNIQUE_NAME( name ) INTERNAL_CATCH_UNIQUE_NAME_LINE( name, __COUNTER__ )
      |                                                                                     ^
/Users/swayamsingal/Desktop/Programming/Kairo/KairoECS/tests/ECSTests.cpp:33:1: warning: '__COUNTER__' is a C2y extension [-Wc2y-extensions]
/Users/swayamsingal/Desktop/Programming/Kairo/build/dev-clang/_deps/catch2-src/src/catch2/../catch2/catch_test_macros.hpp:142:28: note: expanded from macro 'TEST_CASE'
  142 |   #define TEST_CASE( ... ) INTERNAL_CATCH_TESTCASE( __VA_ARGS__ )
      |                            ^
/Users/swayamsingal/Desktop/Programming/Kairo/build/dev-clang/_deps/catch2-src/src/catch2/../catch2/internal/catch_test_registry.hpp:89:9: note: expanded from macro 'INTERNAL_CATCH_TESTCASE'
   89 |         INTERNAL_CATCH_TESTCASE2( INTERNAL_CATCH_UNIQUE_NAME( CATCH2_INTERNAL_TEST_ ), __VA_ARGS__ )
      |         ^
/Users/swayamsingal/Desktop/Programming/Kairo/build/dev-clang/_deps/catch2-src/src/catch2/../catch2/internal/catch_test_registry.hpp:85:41: note: expanded from macro 'INTERNAL_CATCH_TESTCASE2'
   85 |         namespace{ const Catch::AutoReg INTERNAL_CATCH_UNIQUE_NAME( autoRegistrar )( Catch::makeTestInvoker( &TestName ), CATCH_INTERNAL_LINEINFO, Catch::StringRef(), Catch::NameAndTags{ __VA_ARGS__ } ); } /* NOLINT */ \
      |                                         ^
/Users/swayamsingal/Desktop/Programming/Kairo/build/dev-clang/_deps/catch2-src/src/catch2/../catch2/internal/catch_unique_name.hpp:15:85: note: expanded from macro 'INTERNAL_CATCH_UNIQUE_NAME'
   15 | #  define INTERNAL_CATCH_UNIQUE_NAME( name ) INTERNAL_CATCH_UNIQUE_NAME_LINE( name, __COUNTER__ )
      |                                                                                     ^
/Users/swayamsingal/Desktop/Programming/Kairo/KairoECS/tests/ECSTests.cpp:50:1: warning: '__COUNTER__' is a C2y extension [-Wc2y-extensions]
   50 | TEST_CASE("Registry joins dense components and journals structural changes", "[KairoECS][Iteration][Journal]")
      | ^
/Users/swayamsingal/Desktop/Programming/Kairo/build/dev-clang/_deps/catch2-src/src/catch2/../catch2/catch_test_macros.hpp:142:28: note: expanded from macro 'TEST_CASE'
  142 |   #define TEST_CASE( ... ) INTERNAL_CATCH_TESTCASE( __VA_ARGS__ )
      |                            ^
/Users/swayamsingal/Desktop/Programming/Kairo/build/dev-clang/_deps/catch2-src/src/catch2/../catch2/internal/catch_test_registry.hpp:89:35: note: expanded from macro 'INTERNAL_CATCH_TESTCASE'
   89 |         INTERNAL_CATCH_TESTCASE2( INTERNAL_CATCH_UNIQUE_NAME( CATCH2_INTERNAL_TEST_ ), __VA_ARGS__ )
      |                                   ^
/Users/swayamsingal/Desktop/Programming/Kairo/build/dev-clang/_deps/catch2-src/src/catch2/../catch2/internal/catch_unique_name.hpp:15:85: note: expanded from macro 'INTERNAL_CATCH_UNIQUE_NAME'
   15 | #  define INTERNAL_CATCH_UNIQUE_NAME( name ) INTERNAL_CATCH_UNIQUE_NAME_LINE( name, __COUNTER__ )
      |                                                                                     ^
/Users/swayamsingal/Desktop/Programming/Kairo/KairoECS/tests/ECSTests.cpp:50:1: warning: '__COUNTER__' is a C2y extension [-Wc2y-extensions]
/Users/swayamsingal/Desktop/Programming/Kairo/build/dev-clang/_deps/catch2-src/src/catch2/../catch2/catch_test_macros.hpp:142:28: note: expanded from macro 'TEST_CASE'
  142 |   #define TEST_CASE( ... ) INTERNAL_CATCH_TESTCASE( __VA_ARGS__ )
      |                            ^
/Users/swayamsingal/Desktop/Programming/Kairo/build/dev-clang/_deps/catch2-src/src/catch2/../catch2/internal/catch_test_registry.hpp:89:9: note: expanded from macro 'INTERNAL_CATCH_TESTCASE'
   89 |         INTERNAL_CATCH_TESTCASE2( INTERNAL_CATCH_UNIQUE_NAME( CATCH2_INTERNAL_TEST_ ), __VA_ARGS__ )
      |         ^
/Users/swayamsingal/Desktop/Programming/Kairo/build/dev-clang/_deps/catch2-src/src/catch2/../catch2/internal/catch_test_registry.hpp:85:41: note: expanded from macro 'INTERNAL_CATCH_TESTCASE2'
   85 |         namespace{ const Catch::AutoReg INTERNAL_CATCH_UNIQUE_NAME( autoRegistrar )( Catch::makeTestInvoker( &TestName ), CATCH_INTERNAL_LINEINFO, Catch::StringRef(), Catch::NameAndTags{ __VA_ARGS__ } ); } /* NOLINT */ \
      |                                         ^
/Users/swayamsingal/Desktop/Programming/Kairo/build/dev-clang/_deps/catch2-src/src/catch2/../catch2/internal/catch_unique_name.hpp:15:85: note: expanded from macro 'INTERNAL_CATCH_UNIQUE_NAME'
   15 | #  define INTERNAL_CATCH_UNIQUE_NAME( name ) INTERNAL_CATCH_UNIQUE_NAME_LINE( name, __COUNTER__ )
      |                                                                                     ^
/Users/swayamsingal/Desktop/Programming/Kairo/KairoECS/tests/ECSTests.cpp:86:1: warning: '__COUNTER__' is a C2y extension [-Wc2y-extensions]
   86 | TEST_CASE("Destroy removes every attached component and rejects stale mutation", "[KairoECS][Lifecycle]")
      | ^
/Users/swayamsingal/Desktop/Programming/Kairo/build/dev-clang/_deps/catch2-src/src/catch2/../catch2/catch_test_macros.hpp:142:28: note: expanded from macro 'TEST_CASE'
  142 |   #define TEST_CASE( ... ) INTERNAL_CATCH_TESTCASE( __VA_ARGS__ )
      |                            ^
/Users/swayamsingal/Desktop/Programming/Kairo/build/dev-clang/_deps/catch2-src/src/catch2/../catch2/internal/catch_test_registry.hpp:89:35: note: expanded from macro 'INTERNAL_CATCH_TESTCASE'
   89 |         INTERNAL_CATCH_TESTCASE2( INTERNAL_CATCH_UNIQUE_NAME( CATCH2_INTERNAL_TEST_ ), __VA_ARGS__ )
      |                                   ^
/Users/swayamsingal/Desktop/Programming/Kairo/build/dev-clang/_deps/catch2-src/src/catch2/../catch2/internal/catch_unique_name.hpp:15:85: note: expanded from macro 'INTERNAL_CATCH_UNIQUE_NAME'
   15 | #  define INTERNAL_CATCH_UNIQUE_NAME( name ) INTERNAL_CATCH_UNIQUE_NAME_LINE( name, __COUNTER__ )
      |                                                                                     ^
/Users/swayamsingal/Desktop/Programming/Kairo/KairoECS/tests/ECSTests.cpp:86:1: warning: '__COUNTER__' is a C2y extension [-Wc2y-extensions]
/Users/swayamsingal/Desktop/Programming/Kairo/build/dev-clang/_deps/catch2-src/src/catch2/../catch2/catch_test_macros.hpp:142:28: note: expanded from macro 'TEST_CASE'
  142 |   #define TEST_CASE( ... ) INTERNAL_CATCH_TESTCASE( __VA_ARGS__ )
      |                            ^
/Users/swayamsingal/Desktop/Programming/Kairo/build/dev-clang/_deps/catch2-src/src/catch2/../catch2/internal/catch_test_registry.hpp:89:9: note: expanded from macro 'INTERNAL_CATCH_TESTCASE'
   89 |         INTERNAL_CATCH_TESTCASE2( INTERNAL_CATCH_UNIQUE_NAME( CATCH2_INTERNAL_TEST_ ), __VA_ARGS__ )
      |         ^
/Users/swayamsingal/Desktop/Programming/Kairo/build/dev-clang/_deps/catch2-src/src/catch2/../catch2/internal/catch_test_registry.hpp:85:41: note: expanded from macro 'INTERNAL_CATCH_TESTCASE2'
   85 |         namespace{ const Catch::AutoReg INTERNAL_CATCH_UNIQUE_NAME( autoRegistrar )( Catch::makeTestInvoker( &TestName ), CATCH_INTERNAL_LINEINFO, Catch::StringRef(), Catch::NameAndTags{ __VA_ARGS__ } ); } /* NOLINT */ \
      |                                         ^
/Users/swayamsingal/Desktop/Programming/Kairo/build/dev-clang/_deps/catch2-src/src/catch2/../catch2/internal/catch_unique_name.hpp:15:85: note: expanded from macro 'INTERNAL_CATCH_UNIQUE_NAME'
   15 | #  define INTERNAL_CATCH_UNIQUE_NAME( name ) INTERNAL_CATCH_UNIQUE_NAME_LINE( name, __COUNTER__ )
      |                                                                                     ^
8 warnings generated.
[811/942] Building CXX object KairoEditor/CMakeFiles/KairoEditor.dir/ProjectDocuments.cppm.o
[812/942] Building CXX object KairoReflection/CMakeFiles/KairoReflectionTests.dir/tests/ReflectionTests.cpp.o
/Users/swayamsingal/Desktop/Programming/Kairo/KairoReflection/tests/ReflectionTests.cpp:37:1: warning: '__COUNTER__' is a C2y extension [-Wc2y-extensions]
   37 | TEST_CASE("Reflection registry reads and writes typed member properties", "[KairoReflection][Access]")
      | ^
/Users/swayamsingal/Desktop/Programming/Kairo/build/dev-clang/_deps/catch2-src/src/catch2/../catch2/catch_test_macros.hpp:142:28: note: expanded from macro 'TEST_CASE'
  142 |   #define TEST_CASE( ... ) INTERNAL_CATCH_TESTCASE( __VA_ARGS__ )
      |                            ^
/Users/swayamsingal/Desktop/Programming/Kairo/build/dev-clang/_deps/catch2-src/src/catch2/../catch2/internal/catch_test_registry.hpp:89:35: note: expanded from macro 'INTERNAL_CATCH_TESTCASE'
   89 |         INTERNAL_CATCH_TESTCASE2( INTERNAL_CATCH_UNIQUE_NAME( CATCH2_INTERNAL_TEST_ ), __VA_ARGS__ )
      |                                   ^
/Users/swayamsingal/Desktop/Programming/Kairo/build/dev-clang/_deps/catch2-src/src/catch2/../catch2/internal/catch_unique_name.hpp:15:85: note: expanded from macro 'INTERNAL_CATCH_UNIQUE_NAME'
   15 | #  define INTERNAL_CATCH_UNIQUE_NAME( name ) INTERNAL_CATCH_UNIQUE_NAME_LINE( name, __COUNTER__ )
      |                                                                                     ^
/Users/swayamsingal/Desktop/Programming/Kairo/KairoReflection/tests/ReflectionTests.cpp:37:1: warning: '__COUNTER__' is a C2y extension [-Wc2y-extensions]
/Users/swayamsingal/Desktop/Programming/Kairo/build/dev-clang/_deps/catch2-src/src/catch2/../catch2/catch_test_macros.hpp:142:28: note: expanded from macro 'TEST_CASE'
  142 |   #define TEST_CASE( ... ) INTERNAL_CATCH_TESTCASE( __VA_ARGS__ )
      |                            ^
/Users/swayamsingal/Desktop/Programming/Kairo/build/dev-clang/_deps/catch2-src/src/catch2/../catch2/internal/catch_test_registry.hpp:89:9: note: expanded from macro 'INTERNAL_CATCH_TESTCASE'
   89 |         INTERNAL_CATCH_TESTCASE2( INTERNAL_CATCH_UNIQUE_NAME( CATCH2_INTERNAL_TEST_ ), __VA_ARGS__ )
      |         ^
/Users/swayamsingal/Desktop/Programming/Kairo/build/dev-clang/_deps/catch2-src/src/catch2/../catch2/internal/catch_test_registry.hpp:85:41: note: expanded from macro 'INTERNAL_CATCH_TESTCASE2'
   85 |         namespace{ const Catch::AutoReg INTERNAL_CATCH_UNIQUE_NAME( autoRegistrar )( Catch::makeTestInvoker( &TestName ), CATCH_INTERNAL_LINEINFO, Catch::StringRef(), Catch::NameAndTags{ __VA_ARGS__ } ); } /* NOLINT */ \
      |                                         ^
/Users/swayamsingal/Desktop/Programming/Kairo/build/dev-clang/_deps/catch2-src/src/catch2/../catch2/internal/catch_unique_name.hpp:15:85: note: expanded from macro 'INTERNAL_CATCH_UNIQUE_NAME'
   15 | #  define INTERNAL_CATCH_UNIQUE_NAME( name ) INTERNAL_CATCH_UNIQUE_NAME_LINE( name, __COUNTER__ )
      |                                                                                     ^
/Users/swayamsingal/Desktop/Programming/Kairo/KairoReflection/tests/ReflectionTests.cpp:54:1: warning: '__COUNTER__' is a C2y extension [-Wc2y-extensions]
   54 | TEST_CASE("Reflection rejects invalid values before objects mutate", "[KairoReflection][Validation]")
      | ^
/Users/swayamsingal/Desktop/Programming/Kairo/build/dev-clang/_deps/catch2-src/src/catch2/../catch2/catch_test_macros.hpp:142:28: note: expanded from macro 'TEST_CASE'
  142 |   #define TEST_CASE( ... ) INTERNAL_CATCH_TESTCASE( __VA_ARGS__ )
      |                            ^
/Users/swayamsingal/Desktop/Programming/Kairo/build/dev-clang/_deps/catch2-src/src/catch2/../catch2/internal/catch_test_registry.hpp:89:35: note: expanded from macro 'INTERNAL_CATCH_TESTCASE'
   89 |         INTERNAL_CATCH_TESTCASE2( INTERNAL_CATCH_UNIQUE_NAME( CATCH2_INTERNAL_TEST_ ), __VA_ARGS__ )
      |                                   ^
/Users/swayamsingal/Desktop/Programming/Kairo/build/dev-clang/_deps/catch2-src/src/catch2/../catch2/internal/catch_unique_name.hpp:15:85: note: expanded from macro 'INTERNAL_CATCH_UNIQUE_NAME'
   15 | #  define INTERNAL_CATCH_UNIQUE_NAME( name ) INTERNAL_CATCH_UNIQUE_NAME_LINE( name, __COUNTER__ )
      |                                                                                     ^
/Users/swayamsingal/Desktop/Programming/Kairo/KairoReflection/tests/ReflectionTests.cpp:54:1: warning: '__COUNTER__' is a C2y extension [-Wc2y-extensions]
/Users/swayamsingal/Desktop/Programming/Kairo/build/dev-clang/_deps/catch2-src/src/catch2/../catch2/catch_test_macros.hpp:142:28: note: expanded from macro 'TEST_CASE'
  142 |   #define TEST_CASE( ... ) INTERNAL_CATCH_TESTCASE( __VA_ARGS__ )
      |                            ^
/Users/swayamsingal/Desktop/Programming/Kairo/build/dev-clang/_deps/catch2-src/src/catch2/../catch2/internal/catch_test_registry.hpp:89:9: note: expanded from macro 'INTERNAL_CATCH_TESTCASE'
   89 |         INTERNAL_CATCH_TESTCASE2( INTERNAL_CATCH_UNIQUE_NAME( CATCH2_INTERNAL_TEST_ ), __VA_ARGS__ )
      |         ^
/Users/swayamsingal/Desktop/Programming/Kairo/build/dev-clang/_deps/catch2-src/src/catch2/../catch2/internal/catch_test_registry.hpp:85:41: note: expanded from macro 'INTERNAL_CATCH_TESTCASE2'
   85 |         namespace{ const Catch::AutoReg INTERNAL_CATCH_UNIQUE_NAME( autoRegistrar )( Catch::makeTestInvoker( &TestName ), CATCH_INTERNAL_LINEINFO, Catch::StringRef(), Catch::NameAndTags{ __VA_ARGS__ } ); } /* NOLINT */ \
      |                                         ^
/Users/swayamsingal/Desktop/Programming/Kairo/build/dev-clang/_deps/catch2-src/src/catch2/../catch2/internal/catch_unique_name.hpp:15:85: note: expanded from macro 'INTERNAL_CATCH_UNIQUE_NAME'
   15 | #  define INTERNAL_CATCH_UNIQUE_NAME( name ) INTERNAL_CATCH_UNIQUE_NAME_LINE( name, __COUNTER__ )
      |                                                                                     ^
/Users/swayamsingal/Desktop/Programming/Kairo/KairoReflection/tests/ReflectionTests.cpp:69:1: warning: '__COUNTER__' is a C2y extension [-Wc2y-extensions]
   69 | TEST_CASE("Reflection registration is deterministic and validates stable metadata", "[KairoReflection][Registry]")
      | ^
/Users/swayamsingal/Desktop/Programming/Kairo/build/dev-clang/_deps/catch2-src/src/catch2/../catch2/catch_test_macros.hpp:142:28: note: expanded from macro 'TEST_CASE'
  142 |   #define TEST_CASE( ... ) INTERNAL_CATCH_TESTCASE( __VA_ARGS__ )
      |                            ^
/Users/swayamsingal/Desktop/Programming/Kairo/build/dev-clang/_deps/catch2-src/src/catch2/../catch2/internal/catch_test_registry.hpp:89:35: note: expanded from macro 'INTERNAL_CATCH_TESTCASE'
   89 |         INTERNAL_CATCH_TESTCASE2( INTERNAL_CATCH_UNIQUE_NAME( CATCH2_INTERNAL_TEST_ ), __VA_ARGS__ )
      |                                   ^
/Users/swayamsingal/Desktop/Programming/Kairo/build/dev-clang/_deps/catch2-src/src/catch2/../catch2/internal/catch_unique_name.hpp:15:85: note: expanded from macro 'INTERNAL_CATCH_UNIQUE_NAME'
   15 | #  define INTERNAL_CATCH_UNIQUE_NAME( name ) INTERNAL_CATCH_UNIQUE_NAME_LINE( name, __COUNTER__ )
      |                                                                                     ^
/Users/swayamsingal/Desktop/Programming/Kairo/KairoReflection/tests/ReflectionTests.cpp:69:1: warning: '__COUNTER__' is a C2y extension [-Wc2y-extensions]
/Users/swayamsingal/Desktop/Programming/Kairo/build/dev-clang/_deps/catch2-src/src/catch2/../catch2/catch_test_macros.hpp:142:28: note: expanded from macro 'TEST_CASE'
  142 |   #define TEST_CASE( ... ) INTERNAL_CATCH_TESTCASE( __VA_ARGS__ )
      |                            ^
/Users/swayamsingal/Desktop/Programming/Kairo/build/dev-clang/_deps/catch2-src/src/catch2/../catch2/internal/catch_test_registry.hpp:89:9: note: expanded from macro 'INTERNAL_CATCH_TESTCASE'
   89 |         INTERNAL_CATCH_TESTCASE2( INTERNAL_CATCH_UNIQUE_NAME( CATCH2_INTERNAL_TEST_ ), __VA_ARGS__ )
      |         ^
/Users/swayamsingal/Desktop/Programming/Kairo/build/dev-clang/_deps/catch2-src/src/catch2/../catch2/internal/catch_test_registry.hpp:85:41: note: expanded from macro 'INTERNAL_CATCH_TESTCASE2'
   85 |         namespace{ const Catch::AutoReg INTERNAL_CATCH_UNIQUE_NAME( autoRegistrar )( Catch::makeTestInvoker( &TestName ), CATCH_INTERNAL_LINEINFO, Catch::StringRef(), Catch::NameAndTags{ __VA_ARGS__ } ); } /* NOLINT */ \
      |                                         ^
/Users/swayamsingal/Desktop/Programming/Kairo/build/dev-clang/_deps/catch2-src/src/catch2/../catch2/internal/catch_unique_name.hpp:15:85: note: expanded from macro 'INTERNAL_CATCH_UNIQUE_NAME'
   15 | #  define INTERNAL_CATCH_UNIQUE_NAME( name ) INTERNAL_CATCH_UNIQUE_NAME_LINE( name, __COUNTER__ )
      |                                                                                     ^
6 warnings generated.
[813/942] Building CXX object KairoEditor/CMakeFiles/KairoEditor.dir/LogicDocumentCompiler.cppm.o
[814/942] Building CXX object Runtime/KairoPlayer/CMakeFiles/KairoPlayerRuntime.dir/RuntimeInputBridge.cppm.o
[815/942] Building CXX object Foundation/KairoPhysicsEngine/CMakeFiles/KairoPhysicsSandboxCore.dir/sandbox/SandboxApp.cppm.o
[816/942] Building CXX object Foundation/KairoPhysicsEngine/CMakeFiles/KairoPhysicsSandboxCore.dir/sandbox/KairoPhysicsSandbox.cppm.o
[817/942] Linking CXX static library Foundation/KairoPhysicsEngine/libKairoPhysicsSandboxCore.a
[818/942] Building CXX object Foundation/KairoPhysicsEngine/CMakeFiles/KairoPhysicsSandbox.dir/sandbox/examples/main.cpp.o
[819/942] Building CXX object KairoEditor/CMakeFiles/KairoEditor.dir/AuthoringWorkspaceState.cppm.o
[820/942] Building CXX object KairoEditor/CMakeFiles/KairoEditor.dir/NativeGameplayAuthoring.cppm.o
[821/942] Building CXX object KairoEngineCore/CMakeFiles/KairoEngineCoreTests.dir/tests/LogicStateTests.cpp.o
/Users/swayamsingal/Desktop/Programming/Kairo/KairoEngineCore/tests/LogicStateTests.cpp:8:1: warning: '__COUNTER__' is a C2y extension [-Wc2y-extensions]
    8 | TEST_CASE("Logic state persists typed values across snapshots")
      | ^
/Users/swayamsingal/Desktop/Programming/Kairo/build/dev-clang/_deps/catch2-src/src/catch2/../catch2/catch_test_macros.hpp:142:28: note: expanded from macro 'TEST_CASE'
  142 |   #define TEST_CASE( ... ) INTERNAL_CATCH_TESTCASE( __VA_ARGS__ )
      |                            ^
/Users/swayamsingal/Desktop/Programming/Kairo/build/dev-clang/_deps/catch2-src/src/catch2/../catch2/internal/catch_test_registry.hpp:89:35: note: expanded from macro 'INTERNAL_CATCH_TESTCASE'
   89 |         INTERNAL_CATCH_TESTCASE2( INTERNAL_CATCH_UNIQUE_NAME( CATCH2_INTERNAL_TEST_ ), __VA_ARGS__ )
      |                                   ^
/Users/swayamsingal/Desktop/Programming/Kairo/build/dev-clang/_deps/catch2-src/src/catch2/../catch2/internal/catch_unique_name.hpp:15:85: note: expanded from macro 'INTERNAL_CATCH_UNIQUE_NAME'
   15 | #  define INTERNAL_CATCH_UNIQUE_NAME( name ) INTERNAL_CATCH_UNIQUE_NAME_LINE( name, __COUNTER__ )
      |                                                                                     ^
/Users/swayamsingal/Desktop/Programming/Kairo/KairoEngineCore/tests/LogicStateTests.cpp:8:1: warning: '__COUNTER__' is a C2y extension [-Wc2y-extensions]
/Users/swayamsingal/Desktop/Programming/Kairo/build/dev-clang/_deps/catch2-src/src/catch2/../catch2/catch_test_macros.hpp:142:28: note: expanded from macro 'TEST_CASE'
  142 |   #define TEST_CASE( ... ) INTERNAL_CATCH_TESTCASE( __VA_ARGS__ )
      |                            ^
/Users/swayamsingal/Desktop/Programming/Kairo/build/dev-clang/_deps/catch2-src/src/catch2/../catch2/internal/catch_test_registry.hpp:89:9: note: expanded from macro 'INTERNAL_CATCH_TESTCASE'
   89 |         INTERNAL_CATCH_TESTCASE2( INTERNAL_CATCH_UNIQUE_NAME( CATCH2_INTERNAL_TEST_ ), __VA_ARGS__ )
      |         ^
/Users/swayamsingal/Desktop/Programming/Kairo/build/dev-clang/_deps/catch2-src/src/catch2/../catch2/internal/catch_test_registry.hpp:85:41: note: expanded from macro 'INTERNAL_CATCH_TESTCASE2'
   85 |         namespace{ const Catch::AutoReg INTERNAL_CATCH_UNIQUE_NAME( autoRegistrar )( Catch::makeTestInvoker( &TestName ), CATCH_INTERNAL_LINEINFO, Catch::StringRef(), Catch::NameAndTags{ __VA_ARGS__ } ); } /* NOLINT */ \
      |                                         ^
/Users/swayamsingal/Desktop/Programming/Kairo/build/dev-clang/_deps/catch2-src/src/catch2/../catch2/internal/catch_unique_name.hpp:15:85: note: expanded from macro 'INTERNAL_CATCH_UNIQUE_NAME'
   15 | #  define INTERNAL_CATCH_UNIQUE_NAME( name ) INTERNAL_CATCH_UNIQUE_NAME_LINE( name, __COUNTER__ )
      |                                                                                     ^
/Users/swayamsingal/Desktop/Programming/Kairo/KairoEngineCore/tests/LogicStateTests.cpp:28:1: warning: '__COUNTER__' is a C2y extension [-Wc2y-extensions]
   28 | TEST_CASE("Logic timers expire deterministically and preserve repeat overshoot")
      | ^
/Users/swayamsingal/Desktop/Programming/Kairo/build/dev-clang/_deps/catch2-src/src/catch2/../catch2/catch_test_macros.hpp:142:28: note: expanded from macro 'TEST_CASE'
  142 |   #define TEST_CASE( ... ) INTERNAL_CATCH_TESTCASE( __VA_ARGS__ )
      |                            ^
/Users/swayamsingal/Desktop/Programming/Kairo/build/dev-clang/_deps/catch2-src/src/catch2/../catch2/internal/catch_test_registry.hpp:89:35: note: expanded from macro 'INTERNAL_CATCH_TESTCASE'
   89 |         INTERNAL_CATCH_TESTCASE2( INTERNAL_CATCH_UNIQUE_NAME( CATCH2_INTERNAL_TEST_ ), __VA_ARGS__ )
      |                                   ^
/Users/swayamsingal/Desktop/Programming/Kairo/build/dev-clang/_deps/catch2-src/src/catch2/../catch2/internal/catch_unique_name.hpp:15:85: note: expanded from macro 'INTERNAL_CATCH_UNIQUE_NAME'
   15 | #  define INTERNAL_CATCH_UNIQUE_NAME( name ) INTERNAL_CATCH_UNIQUE_NAME_LINE( name, __COUNTER__ )
      |                                                                                     ^
/Users/swayamsingal/Desktop/Programming/Kairo/KairoEngineCore/tests/LogicStateTests.cpp:28:1: warning: '__COUNTER__' is a C2y extension [-Wc2y-extensions]
/Users/swayamsingal/Desktop/Programming/Kairo/build/dev-clang/_deps/catch2-src/src/catch2/../catch2/catch_test_macros.hpp:142:28: note: expanded from macro 'TEST_CASE'
  142 |   #define TEST_CASE( ... ) INTERNAL_CATCH_TESTCASE( __VA_ARGS__ )
      |                            ^
/Users/swayamsingal/Desktop/Programming/Kairo/build/dev-clang/_deps/catch2-src/src/catch2/../catch2/internal/catch_test_registry.hpp:89:9: note: expanded from macro 'INTERNAL_CATCH_TESTCASE'
   89 |         INTERNAL_CATCH_TESTCASE2( INTERNAL_CATCH_UNIQUE_NAME( CATCH2_INTERNAL_TEST_ ), __VA_ARGS__ )
      |         ^
/Users/swayamsingal/Desktop/Programming/Kairo/build/dev-clang/_deps/catch2-src/src/catch2/../catch2/internal/catch_test_registry.hpp:85:41: note: expanded from macro 'INTERNAL_CATCH_TESTCASE2'
   85 |         namespace{ const Catch::AutoReg INTERNAL_CATCH_UNIQUE_NAME( autoRegistrar )( Catch::makeTestInvoker( &TestName ), CATCH_INTERNAL_LINEINFO, Catch::StringRef(), Catch::NameAndTags{ __VA_ARGS__ } ); } /* NOLINT */ \
      |                                         ^
/Users/swayamsingal/Desktop/Programming/Kairo/build/dev-clang/_deps/catch2-src/src/catch2/../catch2/internal/catch_unique_name.hpp:15:85: note: expanded from macro 'INTERNAL_CATCH_UNIQUE_NAME'
   15 | #  define INTERNAL_CATCH_UNIQUE_NAME( name ) INTERNAL_CATCH_UNIQUE_NAME_LINE( name, __COUNTER__ )
      |                                                                                     ^
/Users/swayamsingal/Desktop/Programming/Kairo/KairoEngineCore/tests/LogicStateTests.cpp:49:1: warning: '__COUNTER__' is a C2y extension [-Wc2y-extensions]
   49 | TEST_CASE("Logic state rejects invalid runtime values")
      | ^
/Users/swayamsingal/Desktop/Programming/Kairo/build/dev-clang/_deps/catch2-src/src/catch2/../catch2/catch_test_macros.hpp:142:28: note: expanded from macro 'TEST_CASE'
  142 |   #define TEST_CASE( ... ) INTERNAL_CATCH_TESTCASE( __VA_ARGS__ )
      |                            ^
/Users/swayamsingal/Desktop/Programming/Kairo/build/dev-clang/_deps/catch2-src/src/catch2/../catch2/internal/catch_test_registry.hpp:89:35: note: expanded from macro 'INTERNAL_CATCH_TESTCASE'
   89 |         INTERNAL_CATCH_TESTCASE2( INTERNAL_CATCH_UNIQUE_NAME( CATCH2_INTERNAL_TEST_ ), __VA_ARGS__ )
      |                                   ^
/Users/swayamsingal/Desktop/Programming/Kairo/build/dev-clang/_deps/catch2-src/src/catch2/../catch2/internal/catch_unique_name.hpp:15:85: note: expanded from macro 'INTERNAL_CATCH_UNIQUE_NAME'
   15 | #  define INTERNAL_CATCH_UNIQUE_NAME( name ) INTERNAL_CATCH_UNIQUE_NAME_LINE( name, __COUNTER__ )
      |                                                                                     ^
/Users/swayamsingal/Desktop/Programming/Kairo/KairoEngineCore/tests/LogicStateTests.cpp:49:1: warning: '__COUNTER__' is a C2y extension [-Wc2y-extensions]
/Users/swayamsingal/Desktop/Programming/Kairo/build/dev-clang/_deps/catch2-src/src/catch2/../catch2/catch_test_macros.hpp:142:28: note: expanded from macro 'TEST_CASE'
  142 |   #define TEST_CASE( ... ) INTERNAL_CATCH_TESTCASE( __VA_ARGS__ )
      |                            ^
/Users/swayamsingal/Desktop/Programming/Kairo/build/dev-clang/_deps/catch2-src/src/catch2/../catch2/internal/catch_test_registry.hpp:89:9: note: expanded from macro 'INTERNAL_CATCH_TESTCASE'
   89 |         INTERNAL_CATCH_TESTCASE2( INTERNAL_CATCH_UNIQUE_NAME( CATCH2_INTERNAL_TEST_ ), __VA_ARGS__ )
      |         ^
/Users/swayamsingal/Desktop/Programming/Kairo/build/dev-clang/_deps/catch2-src/src/catch2/../catch2/internal/catch_test_registry.hpp:85:41: note: expanded from macro 'INTERNAL_CATCH_TESTCASE2'
   85 |         namespace{ const Catch::AutoReg INTERNAL_CATCH_UNIQUE_NAME( autoRegistrar )( Catch::makeTestInvoker( &TestName ), CATCH_INTERNAL_LINEINFO, Catch::StringRef(), Catch::NameAndTags{ __VA_ARGS__ } ); } /* NOLINT */ \
      |                                         ^
/Users/swayamsingal/Desktop/Programming/Kairo/build/dev-clang/_deps/catch2-src/src/catch2/../catch2/internal/catch_unique_name.hpp:15:85: note: expanded from macro 'INTERNAL_CATCH_UNIQUE_NAME'
   15 | #  define INTERNAL_CATCH_UNIQUE_NAME( name ) INTERNAL_CATCH_UNIQUE_NAME_LINE( name, __COUNTER__ )
      |                                                                                     ^
6 warnings generated.
[822/942] Building CXX object KairoEngineCore/CMakeFiles/KairoEngineCoreTests.dir/tests/DeterministicBytecodeTests.cpp.o
/Users/swayamsingal/Desktop/Programming/Kairo/KairoEngineCore/tests/DeterministicBytecodeTests.cpp:26:5: warning: '__COUNTER__' is a C2y extension [-Wc2y-extensions]
   26 |     TEST_CASE("Logic bytecode deserializes stateful fields in wire order")
      |     ^
/Users/swayamsingal/Desktop/Programming/Kairo/build/dev-clang/_deps/catch2-src/src/catch2/../catch2/catch_test_macros.hpp:142:28: note: expanded from macro 'TEST_CASE'
  142 |   #define TEST_CASE( ... ) INTERNAL_CATCH_TESTCASE( __VA_ARGS__ )
      |                            ^
/Users/swayamsingal/Desktop/Programming/Kairo/build/dev-clang/_deps/catch2-src/src/catch2/../catch2/internal/catch_test_registry.hpp:89:35: note: expanded from macro 'INTERNAL_CATCH_TESTCASE'
   89 |         INTERNAL_CATCH_TESTCASE2( INTERNAL_CATCH_UNIQUE_NAME( CATCH2_INTERNAL_TEST_ ), __VA_ARGS__ )
      |                                   ^
/Users/swayamsingal/Desktop/Programming/Kairo/build/dev-clang/_deps/catch2-src/src/catch2/../catch2/internal/catch_unique_name.hpp:15:85: note: expanded from macro 'INTERNAL_CATCH_UNIQUE_NAME'
   15 | #  define INTERNAL_CATCH_UNIQUE_NAME( name ) INTERNAL_CATCH_UNIQUE_NAME_LINE( name, __COUNTER__ )
      |                                                                                     ^
/Users/swayamsingal/Desktop/Programming/Kairo/KairoEngineCore/tests/DeterministicBytecodeTests.cpp:26:5: warning: '__COUNTER__' is a C2y extension [-Wc2y-extensions]
/Users/swayamsingal/Desktop/Programming/Kairo/build/dev-clang/_deps/catch2-src/src/catch2/../catch2/catch_test_macros.hpp:142:28: note: expanded from macro 'TEST_CASE'
  142 |   #define TEST_CASE( ... ) INTERNAL_CATCH_TESTCASE( __VA_ARGS__ )
      |                            ^
/Users/swayamsingal/Desktop/Programming/Kairo/build/dev-clang/_deps/catch2-src/src/catch2/../catch2/internal/catch_test_registry.hpp:89:9: note: expanded from macro 'INTERNAL_CATCH_TESTCASE'
   89 |         INTERNAL_CATCH_TESTCASE2( INTERNAL_CATCH_UNIQUE_NAME( CATCH2_INTERNAL_TEST_ ), __VA_ARGS__ )
      |         ^
/Users/swayamsingal/Desktop/Programming/Kairo/build/dev-clang/_deps/catch2-src/src/catch2/../catch2/internal/catch_test_registry.hpp:85:41: note: expanded from macro 'INTERNAL_CATCH_TESTCASE2'
   85 |         namespace{ const Catch::AutoReg INTERNAL_CATCH_UNIQUE_NAME( autoRegistrar )( Catch::makeTestInvoker( &TestName ), CATCH_INTERNAL_LINEINFO, Catch::StringRef(), Catch::NameAndTags{ __VA_ARGS__ } ); } /* NOLINT */ \
      |                                         ^
/Users/swayamsingal/Desktop/Programming/Kairo/build/dev-clang/_deps/catch2-src/src/catch2/../catch2/internal/catch_unique_name.hpp:15:85: note: expanded from macro 'INTERNAL_CATCH_UNIQUE_NAME'
   15 | #  define INTERNAL_CATCH_UNIQUE_NAME( name ) INTERNAL_CATCH_UNIQUE_NAME_LINE( name, __COUNTER__ )
      |                                                                                     ^
/Users/swayamsingal/Desktop/Programming/Kairo/KairoEngineCore/tests/DeterministicBytecodeTests.cpp:59:5: warning: '__COUNTER__' is a C2y extension [-Wc2y-extensions]
   59 |     TEST_CASE("Logic bytecode rejects every truncated suffix")
      |     ^
/Users/swayamsingal/Desktop/Programming/Kairo/build/dev-clang/_deps/catch2-src/src/catch2/../catch2/catch_test_macros.hpp:142:28: note: expanded from macro 'TEST_CASE'
  142 |   #define TEST_CASE( ... ) INTERNAL_CATCH_TESTCASE( __VA_ARGS__ )
      |                            ^
/Users/swayamsingal/Desktop/Programming/Kairo/build/dev-clang/_deps/catch2-src/src/catch2/../catch2/internal/catch_test_registry.hpp:89:35: note: expanded from macro 'INTERNAL_CATCH_TESTCASE'
   89 |         INTERNAL_CATCH_TESTCASE2( INTERNAL_CATCH_UNIQUE_NAME( CATCH2_INTERNAL_TEST_ ), __VA_ARGS__ )
      |                                   ^
/Users/swayamsingal/Desktop/Programming/Kairo/build/dev-clang/_deps/catch2-src/src/catch2/../catch2/internal/catch_unique_name.hpp:15:85: note: expanded from macro 'INTERNAL_CATCH_UNIQUE_NAME'
   15 | #  define INTERNAL_CATCH_UNIQUE_NAME( name ) INTERNAL_CATCH_UNIQUE_NAME_LINE( name, __COUNTER__ )
      |                                                                                     ^
/Users/swayamsingal/Desktop/Programming/Kairo/KairoEngineCore/tests/DeterministicBytecodeTests.cpp:59:5: warning: '__COUNTER__' is a C2y extension [-Wc2y-extensions]
/Users/swayamsingal/Desktop/Programming/Kairo/build/dev-clang/_deps/catch2-src/src/catch2/../catch2/catch_test_macros.hpp:142:28: note: expanded from macro 'TEST_CASE'
  142 |   #define TEST_CASE( ... ) INTERNAL_CATCH_TESTCASE( __VA_ARGS__ )
      |                            ^
/Users/swayamsingal/Desktop/Programming/Kairo/build/dev-clang/_deps/catch2-src/src/catch2/../catch2/internal/catch_test_registry.hpp:89:9: note: expanded from macro 'INTERNAL_CATCH_TESTCASE'
   89 |         INTERNAL_CATCH_TESTCASE2( INTERNAL_CATCH_UNIQUE_NAME( CATCH2_INTERNAL_TEST_ ), __VA_ARGS__ )
      |         ^
/Users/swayamsingal/Desktop/Programming/Kairo/build/dev-clang/_deps/catch2-src/src/catch2/../catch2/internal/catch_test_registry.hpp:85:41: note: expanded from macro 'INTERNAL_CATCH_TESTCASE2'
   85 |         namespace{ const Catch::AutoReg INTERNAL_CATCH_UNIQUE_NAME( autoRegistrar )( Catch::makeTestInvoker( &TestName ), CATCH_INTERNAL_LINEINFO, Catch::StringRef(), Catch::NameAndTags{ __VA_ARGS__ } ); } /* NOLINT */ \
      |                                         ^
/Users/swayamsingal/Desktop/Programming/Kairo/build/dev-clang/_deps/catch2-src/src/catch2/../catch2/internal/catch_unique_name.hpp:15:85: note: expanded from macro 'INTERNAL_CATCH_UNIQUE_NAME'
   15 | #  define INTERNAL_CATCH_UNIQUE_NAME( name ) INTERNAL_CATCH_UNIQUE_NAME_LINE( name, __COUNTER__ )
      |                                                                                     ^
4 warnings generated.
[823/942] Building CXX object KairoEngineCore/CMakeFiles/KairoEngineCoreTests.dir/tests/RuntimeSceneCommandsTests.cpp.o
/Users/swayamsingal/Desktop/Programming/Kairo/KairoEngineCore/tests/RuntimeSceneCommandsTests.cpp:8:1: warning: '__COUNTER__' is a C2y extension [-Wc2y-extensions]
    8 | TEST_CASE("Runtime scene commands resolve pending entities in FIFO order")
      | ^
/Users/swayamsingal/Desktop/Programming/Kairo/build/dev-clang/_deps/catch2-src/src/catch2/../catch2/catch_test_macros.hpp:142:28: note: expanded from macro 'TEST_CASE'
  142 |   #define TEST_CASE( ... ) INTERNAL_CATCH_TESTCASE( __VA_ARGS__ )
      |                            ^
/Users/swayamsingal/Desktop/Programming/Kairo/build/dev-clang/_deps/catch2-src/src/catch2/../catch2/internal/catch_test_registry.hpp:89:35: note: expanded from macro 'INTERNAL_CATCH_TESTCASE'
   89 |         INTERNAL_CATCH_TESTCASE2( INTERNAL_CATCH_UNIQUE_NAME( CATCH2_INTERNAL_TEST_ ), __VA_ARGS__ )
      |                                   ^
/Users/swayamsingal/Desktop/Programming/Kairo/build/dev-clang/_deps/catch2-src/src/catch2/../catch2/internal/catch_unique_name.hpp:15:85: note: expanded from macro 'INTERNAL_CATCH_UNIQUE_NAME'
   15 | #  define INTERNAL_CATCH_UNIQUE_NAME( name ) INTERNAL_CATCH_UNIQUE_NAME_LINE( name, __COUNTER__ )
      |                                                                                     ^
/Users/swayamsingal/Desktop/Programming/Kairo/KairoEngineCore/tests/RuntimeSceneCommandsTests.cpp:8:1: warning: '__COUNTER__' is a C2y extension [-Wc2y-extensions]
/Users/swayamsingal/Desktop/Programming/Kairo/build/dev-clang/_deps/catch2-src/src/catch2/../catch2/catch_test_macros.hpp:142:28: note: expanded from macro 'TEST_CASE'
  142 |   #define TEST_CASE( ... ) INTERNAL_CATCH_TESTCASE( __VA_ARGS__ )
      |                            ^
/Users/swayamsingal/Desktop/Programming/Kairo/build/dev-clang/_deps/catch2-src/src/catch2/../catch2/internal/catch_test_registry.hpp:89:9: note: expanded from macro 'INTERNAL_CATCH_TESTCASE'
   89 |         INTERNAL_CATCH_TESTCASE2( INTERNAL_CATCH_UNIQUE_NAME( CATCH2_INTERNAL_TEST_ ), __VA_ARGS__ )
      |         ^
/Users/swayamsingal/Desktop/Programming/Kairo/build/dev-clang/_deps/catch2-src/src/catch2/../catch2/internal/catch_test_registry.hpp:85:41: note: expanded from macro 'INTERNAL_CATCH_TESTCASE2'
   85 |         namespace{ const Catch::AutoReg INTERNAL_CATCH_UNIQUE_NAME( autoRegistrar )( Catch::makeTestInvoker( &TestName ), CATCH_INTERNAL_LINEINFO, Catch::StringRef(), Catch::NameAndTags{ __VA_ARGS__ } ); } /* NOLINT */ \
      |                                         ^
/Users/swayamsingal/Desktop/Programming/Kairo/build/dev-clang/_deps/catch2-src/src/catch2/../catch2/internal/catch_unique_name.hpp:15:85: note: expanded from macro 'INTERNAL_CATCH_UNIQUE_NAME'
   15 | #  define INTERNAL_CATCH_UNIQUE_NAME( name ) INTERNAL_CATCH_UNIQUE_NAME_LINE( name, __COUNTER__ )
      |                                                                                     ^
/Users/swayamsingal/Desktop/Programming/Kairo/KairoEngineCore/tests/RuntimeSceneCommandsTests.cpp:33:1: warning: '__COUNTER__' is a C2y extension [-Wc2y-extensions]
   33 | TEST_CASE("Runtime scene tag queries are deterministic")
      | ^
/Users/swayamsingal/Desktop/Programming/Kairo/build/dev-clang/_deps/catch2-src/src/catch2/../catch2/catch_test_macros.hpp:142:28: note: expanded from macro 'TEST_CASE'
  142 |   #define TEST_CASE( ... ) INTERNAL_CATCH_TESTCASE( __VA_ARGS__ )
      |                            ^
/Users/swayamsingal/Desktop/Programming/Kairo/build/dev-clang/_deps/catch2-src/src/catch2/../catch2/internal/catch_test_registry.hpp:89:35: note: expanded from macro 'INTERNAL_CATCH_TESTCASE'
   89 |         INTERNAL_CATCH_TESTCASE2( INTERNAL_CATCH_UNIQUE_NAME( CATCH2_INTERNAL_TEST_ ), __VA_ARGS__ )
      |                                   ^
/Users/swayamsingal/Desktop/Programming/Kairo/build/dev-clang/_deps/catch2-src/src/catch2/../catch2/internal/catch_unique_name.hpp:15:85: note: expanded from macro 'INTERNAL_CATCH_UNIQUE_NAME'
   15 | #  define INTERNAL_CATCH_UNIQUE_NAME( name ) INTERNAL_CATCH_UNIQUE_NAME_LINE( name, __COUNTER__ )
      |                                                                                     ^
/Users/swayamsingal/Desktop/Programming/Kairo/KairoEngineCore/tests/RuntimeSceneCommandsTests.cpp:33:1: warning: '__COUNTER__' is a C2y extension [-Wc2y-extensions]
/Users/swayamsingal/Desktop/Programming/Kairo/build/dev-clang/_deps/catch2-src/src/catch2/../catch2/catch_test_macros.hpp:142:28: note: expanded from macro 'TEST_CASE'
  142 |   #define TEST_CASE( ... ) INTERNAL_CATCH_TESTCASE( __VA_ARGS__ )
      |                            ^
/Users/swayamsingal/Desktop/Programming/Kairo/build/dev-clang/_deps/catch2-src/src/catch2/../catch2/internal/catch_test_registry.hpp:89:9: note: expanded from macro 'INTERNAL_CATCH_TESTCASE'
   89 |         INTERNAL_CATCH_TESTCASE2( INTERNAL_CATCH_UNIQUE_NAME( CATCH2_INTERNAL_TEST_ ), __VA_ARGS__ )
      |         ^
/Users/swayamsingal/Desktop/Programming/Kairo/build/dev-clang/_deps/catch2-src/src/catch2/../catch2/internal/catch_test_registry.hpp:85:41: note: expanded from macro 'INTERNAL_CATCH_TESTCASE2'
   85 |         namespace{ const Catch::AutoReg INTERNAL_CATCH_UNIQUE_NAME( autoRegistrar )( Catch::makeTestInvoker( &TestName ), CATCH_INTERNAL_LINEINFO, Catch::StringRef(), Catch::NameAndTags{ __VA_ARGS__ } ); } /* NOLINT */ \
      |                                         ^
/Users/swayamsingal/Desktop/Programming/Kairo/build/dev-clang/_deps/catch2-src/src/catch2/../catch2/internal/catch_unique_name.hpp:15:85: note: expanded from macro 'INTERNAL_CATCH_UNIQUE_NAME'
   15 | #  define INTERNAL_CATCH_UNIQUE_NAME( name ) INTERNAL_CATCH_UNIQUE_NAME_LINE( name, __COUNTER__ )
      |                                                                                     ^
/Users/swayamsingal/Desktop/Programming/Kairo/KairoEngineCore/tests/RuntimeSceneCommandsTests.cpp:50:1: warning: '__COUNTER__' is a C2y extension [-Wc2y-extensions]
   50 | TEST_CASE("Runtime scene commands reject unresolved pending references")
      | ^
/Users/swayamsingal/Desktop/Programming/Kairo/build/dev-clang/_deps/catch2-src/src/catch2/../catch2/catch_test_macros.hpp:142:28: note: expanded from macro 'TEST_CASE'
  142 |   #define TEST_CASE( ... ) INTERNAL_CATCH_TESTCASE( __VA_ARGS__ )
      |                            ^
/Users/swayamsingal/Desktop/Programming/Kairo/build/dev-clang/_deps/catch2-src/src/catch2/../catch2/internal/catch_test_registry.hpp:89:35: note: expanded from macro 'INTERNAL_CATCH_TESTCASE'
   89 |         INTERNAL_CATCH_TESTCASE2( INTERNAL_CATCH_UNIQUE_NAME( CATCH2_INTERNAL_TEST_ ), __VA_ARGS__ )
      |                                   ^
/Users/swayamsingal/Desktop/Programming/Kairo/build/dev-clang/_deps/catch2-src/src/catch2/../catch2/internal/catch_unique_name.hpp:15:85: note: expanded from macro 'INTERNAL_CATCH_UNIQUE_NAME'
   15 | #  define INTERNAL_CATCH_UNIQUE_NAME( name ) INTERNAL_CATCH_UNIQUE_NAME_LINE( name, __COUNTER__ )
      |                                                                                     ^
/Users/swayamsingal/Desktop/Programming/Kairo/KairoEngineCore/tests/RuntimeSceneCommandsTests.cpp:50:1: warning: '__COUNTER__' is a C2y extension [-Wc2y-extensions]
/Users/swayamsingal/Desktop/Programming/Kairo/build/dev-clang/_deps/catch2-src/src/catch2/../catch2/catch_test_macros.hpp:142:28: note: expanded from macro 'TEST_CASE'
  142 |   #define TEST_CASE( ... ) INTERNAL_CATCH_TESTCASE( __VA_ARGS__ )
      |                            ^
/Users/swayamsingal/Desktop/Programming/Kairo/build/dev-clang/_deps/catch2-src/src/catch2/../catch2/internal/catch_test_registry.hpp:89:9: note: expanded from macro 'INTERNAL_CATCH_TESTCASE'
   89 |         INTERNAL_CATCH_TESTCASE2( INTERNAL_CATCH_UNIQUE_NAME( CATCH2_INTERNAL_TEST_ ), __VA_ARGS__ )
      |         ^
/Users/swayamsingal/Desktop/Programming/Kairo/build/dev-clang/_deps/catch2-src/src/catch2/../catch2/internal/catch_test_registry.hpp:85:41: note: expanded from macro 'INTERNAL_CATCH_TESTCASE2'
   85 |         namespace{ const Catch::AutoReg INTERNAL_CATCH_UNIQUE_NAME( autoRegistrar )( Catch::makeTestInvoker( &TestName ), CATCH_INTERNAL_LINEINFO, Catch::StringRef(), Catch::NameAndTags{ __VA_ARGS__ } ); } /* NOLINT */ \
      |                                         ^
/Users/swayamsingal/Desktop/Programming/Kairo/build/dev-clang/_deps/catch2-src/src/catch2/../catch2/internal/catch_unique_name.hpp:15:85: note: expanded from macro 'INTERNAL_CATCH_UNIQUE_NAME'
   15 | #  define INTERNAL_CATCH_UNIQUE_NAME( name ) INTERNAL_CATCH_UNIQUE_NAME_LINE( name, __COUNTER__ )
      |                                                                                     ^
6 warnings generated.
[824/942] Building CXX object KairoEditor/CMakeFiles/KairoEditorPhysics.dir/PhysicsPreview.cppm.o
[825/942] Building CXX object KairoEngineCore/CMakeFiles/KairoEngineCoreTests.dir/tests/RenderingComponentTests.cpp.o
/Users/swayamsingal/Desktop/Programming/Kairo/KairoEngineCore/tests/RenderingComponentTests.cpp:41:1: warning: '__COUNTER__' is a C2y extension [-Wc2y-extensions]
   41 | TEST_CASE("Rendering components enforce renderer-neutral invariants",
      | ^
/Users/swayamsingal/Desktop/Programming/Kairo/build/dev-clang/_deps/catch2-src/src/catch2/../catch2/catch_test_macros.hpp:142:28: note: expanded from macro 'TEST_CASE'
  142 |   #define TEST_CASE( ... ) INTERNAL_CATCH_TESTCASE( __VA_ARGS__ )
      |                            ^
/Users/swayamsingal/Desktop/Programming/Kairo/build/dev-clang/_deps/catch2-src/src/catch2/../catch2/internal/catch_test_registry.hpp:89:35: note: expanded from macro 'INTERNAL_CATCH_TESTCASE'
   89 |         INTERNAL_CATCH_TESTCASE2( INTERNAL_CATCH_UNIQUE_NAME( CATCH2_INTERNAL_TEST_ ), __VA_ARGS__ )
      |                                   ^
/Users/swayamsingal/Desktop/Programming/Kairo/build/dev-clang/_deps/catch2-src/src/catch2/../catch2/internal/catch_unique_name.hpp:15:85: note: expanded from macro 'INTERNAL_CATCH_UNIQUE_NAME'
   15 | #  define INTERNAL_CATCH_UNIQUE_NAME( name ) INTERNAL_CATCH_UNIQUE_NAME_LINE( name, __COUNTER__ )
      |                                                                                     ^
/Users/swayamsingal/Desktop/Programming/Kairo/KairoEngineCore/tests/RenderingComponentTests.cpp:41:1: warning: '__COUNTER__' is a C2y extension [-Wc2y-extensions]
/Users/swayamsingal/Desktop/Programming/Kairo/build/dev-clang/_deps/catch2-src/src/catch2/../catch2/catch_test_macros.hpp:142:28: note: expanded from macro 'TEST_CASE'
  142 |   #define TEST_CASE( ... ) INTERNAL_CATCH_TESTCASE( __VA_ARGS__ )
      |                            ^
/Users/swayamsingal/Desktop/Programming/Kairo/build/dev-clang/_deps/catch2-src/src/catch2/../catch2/internal/catch_test_registry.hpp:89:9: note: expanded from macro 'INTERNAL_CATCH_TESTCASE'
   89 |         INTERNAL_CATCH_TESTCASE2( INTERNAL_CATCH_UNIQUE_NAME( CATCH2_INTERNAL_TEST_ ), __VA_ARGS__ )
      |         ^
/Users/swayamsingal/Desktop/Programming/Kairo/build/dev-clang/_deps/catch2-src/src/catch2/../catch2/internal/catch_test_registry.hpp:85:41: note: expanded from macro 'INTERNAL_CATCH_TESTCASE2'
   85 |         namespace{ const Catch::AutoReg INTERNAL_CATCH_UNIQUE_NAME( autoRegistrar )( Catch::makeTestInvoker( &TestName ), CATCH_INTERNAL_LINEINFO, Catch::StringRef(), Catch::NameAndTags{ __VA_ARGS__ } ); } /* NOLINT */ \
      |                                         ^
/Users/swayamsingal/Desktop/Programming/Kairo/build/dev-clang/_deps/catch2-src/src/catch2/../catch2/internal/catch_unique_name.hpp:15:85: note: expanded from macro 'INTERNAL_CATCH_UNIQUE_NAME'
   15 | #  define INTERNAL_CATCH_UNIQUE_NAME( name ) INTERNAL_CATCH_UNIQUE_NAME_LINE( name, __COUNTER__ )
      |                                                                                     ^
/Users/swayamsingal/Desktop/Programming/Kairo/KairoEngineCore/tests/RenderingComponentTests.cpp:87:1: warning: '__COUNTER__' is a C2y extension [-Wc2y-extensions]
   87 | TEST_CASE("Scene selects authored cameras lights and environments deterministically",
      | ^
/Users/swayamsingal/Desktop/Programming/Kairo/build/dev-clang/_deps/catch2-src/src/catch2/../catch2/catch_test_macros.hpp:142:28: note: expanded from macro 'TEST_CASE'
  142 |   #define TEST_CASE( ... ) INTERNAL_CATCH_TESTCASE( __VA_ARGS__ )
      |                            ^
/Users/swayamsingal/Desktop/Programming/Kairo/build/dev-clang/_deps/catch2-src/src/catch2/../catch2/internal/catch_test_registry.hpp:89:35: note: expanded from macro 'INTERNAL_CATCH_TESTCASE'
   89 |         INTERNAL_CATCH_TESTCASE2( INTERNAL_CATCH_UNIQUE_NAME( CATCH2_INTERNAL_TEST_ ), __VA_ARGS__ )
      |                                   ^
/Users/swayamsingal/Desktop/Programming/Kairo/build/dev-clang/_deps/catch2-src/src/catch2/../catch2/internal/catch_unique_name.hpp:15:85: note: expanded from macro 'INTERNAL_CATCH_UNIQUE_NAME'
   15 | #  define INTERNAL_CATCH_UNIQUE_NAME( name ) INTERNAL_CATCH_UNIQUE_NAME_LINE( name, __COUNTER__ )
      |                                                                                     ^
/Users/swayamsingal/Desktop/Programming/Kairo/KairoEngineCore/tests/RenderingComponentTests.cpp:87:1: warning: '__COUNTER__' is a C2y extension [-Wc2y-extensions]
/Users/swayamsingal/Desktop/Programming/Kairo/build/dev-clang/_deps/catch2-src/src/catch2/../catch2/catch_test_macros.hpp:142:28: note: expanded from macro 'TEST_CASE'
  142 |   #define TEST_CASE( ... ) INTERNAL_CATCH_TESTCASE( __VA_ARGS__ )
      |                            ^
/Users/swayamsingal/Desktop/Programming/Kairo/build/dev-clang/_deps/catch2-src/src/catch2/../catch2/internal/catch_test_registry.hpp:89:9: note: expanded from macro 'INTERNAL_CATCH_TESTCASE'
   89 |         INTERNAL_CATCH_TESTCASE2( INTERNAL_CATCH_UNIQUE_NAME( CATCH2_INTERNAL_TEST_ ), __VA_ARGS__ )
      |         ^
/Users/swayamsingal/Desktop/Programming/Kairo/build/dev-clang/_deps/catch2-src/src/catch2/../catch2/internal/catch_test_registry.hpp:85:41: note: expanded from macro 'INTERNAL_CATCH_TESTCASE2'
   85 |         namespace{ const Catch::AutoReg INTERNAL_CATCH_UNIQUE_NAME( autoRegistrar )( Catch::makeTestInvoker( &TestName ), CATCH_INTERNAL_LINEINFO, Catch::StringRef(), Catch::NameAndTags{ __VA_ARGS__ } ); } /* NOLINT */ \
      |                                         ^
/Users/swayamsingal/Desktop/Programming/Kairo/build/dev-clang/_deps/catch2-src/src/catch2/../catch2/internal/catch_unique_name.hpp:15:85: note: expanded from macro 'INTERNAL_CATCH_UNIQUE_NAME'
   15 | #  define INTERNAL_CATCH_UNIQUE_NAME( name ) INTERNAL_CATCH_UNIQUE_NAME_LINE( name, __COUNTER__ )
      |                                                                                     ^
/Users/swayamsingal/Desktop/Programming/Kairo/KairoEngineCore/tests/RenderingComponentTests.cpp:99:67: warning: missing field 'EnvironmentTexture' initializer [-Wmissing-designated-field-initializers]
   99 |     scene.SetEnvironment(low, EnvironmentComponent{ .Priority = 2 });
      |                                                                   ^
/Users/swayamsingal/Desktop/Programming/Kairo/KairoEngineCore/tests/RenderingComponentTests.cpp:100:68: warning: missing field 'EnvironmentTexture' initializer [-Wmissing-designated-field-initializers]
  100 |     scene.SetEnvironment(high, EnvironmentComponent{ .Priority = 9 });
      |                                                                    ^
/Users/swayamsingal/Desktop/Programming/Kairo/KairoEngineCore/tests/RenderingComponentTests.cpp:114:1: warning: '__COUNTER__' is a C2y extension [-Wc2y-extensions]
  114 | TEST_CASE("Runtime scene copies preserve rendering data without mutating authoring state",
      | ^
/Users/swayamsingal/Desktop/Programming/Kairo/build/dev-clang/_deps/catch2-src/src/catch2/../catch2/catch_test_macros.hpp:142:28: note: expanded from macro 'TEST_CASE'
  142 |   #define TEST_CASE( ... ) INTERNAL_CATCH_TESTCASE( __VA_ARGS__ )
      |                            ^
/Users/swayamsingal/Desktop/Programming/Kairo/build/dev-clang/_deps/catch2-src/src/catch2/../catch2/internal/catch_test_registry.hpp:89:35: note: expanded from macro 'INTERNAL_CATCH_TESTCASE'
   89 |         INTERNAL_CATCH_TESTCASE2( INTERNAL_CATCH_UNIQUE_NAME( CATCH2_INTERNAL_TEST_ ), __VA_ARGS__ )
      |                                   ^
/Users/swayamsingal/Desktop/Programming/Kairo/build/dev-clang/_deps/catch2-src/src/catch2/../catch2/internal/catch_unique_name.hpp:15:85: note: expanded from macro 'INTERNAL_CATCH_UNIQUE_NAME'
   15 | #  define INTERNAL_CATCH_UNIQUE_NAME( name ) INTERNAL_CATCH_UNIQUE_NAME_LINE( name, __COUNTER__ )
      |                                                                                     ^
/Users/swayamsingal/Desktop/Programming/Kairo/KairoEngineCore/tests/RenderingComponentTests.cpp:114:1: warning: '__COUNTER__' is a C2y extension [-Wc2y-extensions]
/Users/swayamsingal/Desktop/Programming/Kairo/build/dev-clang/_deps/catch2-src/src/catch2/../catch2/catch_test_macros.hpp:142:28: note: expanded from macro 'TEST_CASE'
  142 |   #define TEST_CASE( ... ) INTERNAL_CATCH_TESTCASE( __VA_ARGS__ )
      |                            ^
/Users/swayamsingal/Desktop/Programming/Kairo/build/dev-clang/_deps/catch2-src/src/catch2/../catch2/internal/catch_test_registry.hpp:89:9: note: expanded from macro 'INTERNAL_CATCH_TESTCASE'
   89 |         INTERNAL_CATCH_TESTCASE2( INTERNAL_CATCH_UNIQUE_NAME( CATCH2_INTERNAL_TEST_ ), __VA_ARGS__ )
      |         ^
/Users/swayamsingal/Desktop/Programming/Kairo/build/dev-clang/_deps/catch2-src/src/catch2/../catch2/internal/catch_test_registry.hpp:85:41: note: expanded from macro 'INTERNAL_CATCH_TESTCASE2'
   85 |         namespace{ const Catch::AutoReg INTERNAL_CATCH_UNIQUE_NAME( autoRegistrar )( Catch::makeTestInvoker( &TestName ), CATCH_INTERNAL_LINEINFO, Catch::StringRef(), Catch::NameAndTags{ __VA_ARGS__ } ); } /* NOLINT */ \
      |                                         ^
/Users/swayamsingal/Desktop/Programming/Kairo/build/dev-clang/_deps/catch2-src/src/catch2/../catch2/internal/catch_unique_name.hpp:15:85: note: expanded from macro 'INTERNAL_CATCH_UNIQUE_NAME'
   15 | #  define INTERNAL_CATCH_UNIQUE_NAME( name ) INTERNAL_CATCH_UNIQUE_NAME_LINE( name, __COUNTER__ )
      |                                                                                     ^
/Users/swayamsingal/Desktop/Programming/Kairo/KairoEngineCore/tests/RenderingComponentTests.cpp:168:1: warning: '__COUNTER__' is a C2y extension [-Wc2y-extensions]
  168 | TEST_CASE("Scene V4 round trips complete rendering authoring data",
      | ^
/Users/swayamsingal/Desktop/Programming/Kairo/build/dev-clang/_deps/catch2-src/src/catch2/../catch2/catch_test_macros.hpp:142:28: note: expanded from macro 'TEST_CASE'
  142 |   #define TEST_CASE( ... ) INTERNAL_CATCH_TESTCASE( __VA_ARGS__ )
      |                            ^
/Users/swayamsingal/Desktop/Programming/Kairo/build/dev-clang/_deps/catch2-src/src/catch2/../catch2/internal/catch_test_registry.hpp:89:35: note: expanded from macro 'INTERNAL_CATCH_TESTCASE'
   89 |         INTERNAL_CATCH_TESTCASE2( INTERNAL_CATCH_UNIQUE_NAME( CATCH2_INTERNAL_TEST_ ), __VA_ARGS__ )
      |                                   ^
/Users/swayamsingal/Desktop/Programming/Kairo/build/dev-clang/_deps/catch2-src/src/catch2/../catch2/internal/catch_unique_name.hpp:15:85: note: expanded from macro 'INTERNAL_CATCH_UNIQUE_NAME'
   15 | #  define INTERNAL_CATCH_UNIQUE_NAME( name ) INTERNAL_CATCH_UNIQUE_NAME_LINE( name, __COUNTER__ )
      |                                                                                     ^
/Users/swayamsingal/Desktop/Programming/Kairo/KairoEngineCore/tests/RenderingComponentTests.cpp:168:1: warning: '__COUNTER__' is a C2y extension [-Wc2y-extensions]
/Users/swayamsingal/Desktop/Programming/Kairo/build/dev-clang/_deps/catch2-src/src/catch2/../catch2/catch_test_macros.hpp:142:28: note: expanded from macro 'TEST_CASE'
  142 |   #define TEST_CASE( ... ) INTERNAL_CATCH_TESTCASE( __VA_ARGS__ )
      |                            ^
/Users/swayamsingal/Desktop/Programming/Kairo/build/dev-clang/_deps/catch2-src/src/catch2/../catch2/internal/catch_test_registry.hpp:89:9: note: expanded from macro 'INTERNAL_CATCH_TESTCASE'
   89 |         INTERNAL_CATCH_TESTCASE2( INTERNAL_CATCH_UNIQUE_NAME( CATCH2_INTERNAL_TEST_ ), __VA_ARGS__ )
      |         ^
/Users/swayamsingal/Desktop/Programming/Kairo/build/dev-clang/_deps/catch2-src/src/catch2/../catch2/internal/catch_test_registry.hpp:85:41: note: expanded from macro 'INTERNAL_CATCH_TESTCASE2'
   85 |         namespace{ const Catch::AutoReg INTERNAL_CATCH_UNIQUE_NAME( autoRegistrar )( Catch::makeTestInvoker( &TestName ), CATCH_INTERNAL_LINEINFO, Catch::StringRef(), Catch::NameAndTags{ __VA_ARGS__ } ); } /* NOLINT */ \
      |                                         ^
/Users/swayamsingal/Desktop/Programming/Kairo/build/dev-clang/_deps/catch2-src/src/catch2/../catch2/internal/catch_unique_name.hpp:15:85: note: expanded from macro 'INTERNAL_CATCH_UNIQUE_NAME'
   15 | #  define INTERNAL_CATCH_UNIQUE_NAME( name ) INTERNAL_CATCH_UNIQUE_NAME_LINE( name, __COUNTER__ )
      |                                                                                     ^
/Users/swayamsingal/Desktop/Programming/Kairo/KairoEngineCore/tests/RenderingComponentTests.cpp:259:1: warning: '__COUNTER__' is a C2y extension [-Wc2y-extensions]
  259 | TEST_CASE("Scene migration and reference failures are explicit",
      | ^
/Users/swayamsingal/Desktop/Programming/Kairo/build/dev-clang/_deps/catch2-src/src/catch2/../catch2/catch_test_macros.hpp:142:28: note: expanded from macro 'TEST_CASE'
  142 |   #define TEST_CASE( ... ) INTERNAL_CATCH_TESTCASE( __VA_ARGS__ )
      |                            ^
/Users/swayamsingal/Desktop/Programming/Kairo/build/dev-clang/_deps/catch2-src/src/catch2/../catch2/internal/catch_test_registry.hpp:89:35: note: expanded from macro 'INTERNAL_CATCH_TESTCASE'
   89 |         INTERNAL_CATCH_TESTCASE2( INTERNAL_CATCH_UNIQUE_NAME( CATCH2_INTERNAL_TEST_ ), __VA_ARGS__ )
      |                                   ^
/Users/swayamsingal/Desktop/Programming/Kairo/build/dev-clang/_deps/catch2-src/src/catch2/../catch2/internal/catch_unique_name.hpp:15:85: note: expanded from macro 'INTERNAL_CATCH_UNIQUE_NAME'
   15 | #  define INTERNAL_CATCH_UNIQUE_NAME( name ) INTERNAL_CATCH_UNIQUE_NAME_LINE( name, __COUNTER__ )
      |                                                                                     ^
/Users/swayamsingal/Desktop/Programming/Kairo/KairoEngineCore/tests/RenderingComponentTests.cpp:259:1: warning: '__COUNTER__' is a C2y extension [-Wc2y-extensions]
/Users/swayamsingal/Desktop/Programming/Kairo/build/dev-clang/_deps/catch2-src/src/catch2/../catch2/catch_test_macros.hpp:142:28: note: expanded from macro 'TEST_CASE'
  142 |   #define TEST_CASE( ... ) INTERNAL_CATCH_TESTCASE( __VA_ARGS__ )
      |                            ^
/Users/swayamsingal/Desktop/Programming/Kairo/build/dev-clang/_deps/catch2-src/src/catch2/../catch2/internal/catch_test_registry.hpp:89:9: note: expanded from macro 'INTERNAL_CATCH_TESTCASE'
   89 |         INTERNAL_CATCH_TESTCASE2( INTERNAL_CATCH_UNIQUE_NAME( CATCH2_INTERNAL_TEST_ ), __VA_ARGS__ )
      |         ^
/Users/swayamsingal/Desktop/Programming/Kairo/build/dev-clang/_deps/catch2-src/src/catch2/../catch2/internal/catch_test_registry.hpp:85:41: note: expanded from macro 'INTERNAL_CATCH_TESTCASE2'
   85 |         namespace{ const Catch::AutoReg INTERNAL_CATCH_UNIQUE_NAME( autoRegistrar )( Catch::makeTestInvoker( &TestName ), CATCH_INTERNAL_LINEINFO, Catch::StringRef(), Catch::NameAndTags{ __VA_ARGS__ } ); } /* NOLINT */ \
      |                                         ^
/Users/swayamsingal/Desktop/Programming/Kairo/build/dev-clang/_deps/catch2-src/src/catch2/../catch2/internal/catch_unique_name.hpp:15:85: note: expanded from macro 'INTERNAL_CATCH_UNIQUE_NAME'
   15 | #  define INTERNAL_CATCH_UNIQUE_NAME( name ) INTERNAL_CATCH_UNIQUE_NAME_LINE( name, __COUNTER__ )
      |                                                                                     ^
/Users/swayamsingal/Desktop/Programming/Kairo/KairoEngineCore/tests/RenderingComponentTests.cpp:292:1: warning: '__COUNTER__' is a C2y extension [-Wc2y-extensions]
  292 | TEST_CASE("Rendering components expose reflection metadata",
      | ^
/Users/swayamsingal/Desktop/Programming/Kairo/build/dev-clang/_deps/catch2-src/src/catch2/../catch2/catch_test_macros.hpp:142:28: note: expanded from macro 'TEST_CASE'
  142 |   #define TEST_CASE( ... ) INTERNAL_CATCH_TESTCASE( __VA_ARGS__ )
      |                            ^
/Users/swayamsingal/Desktop/Programming/Kairo/build/dev-clang/_deps/catch2-src/src/catch2/../catch2/internal/catch_test_registry.hpp:89:35: note: expanded from macro 'INTERNAL_CATCH_TESTCASE'
   89 |         INTERNAL_CATCH_TESTCASE2( INTERNAL_CATCH_UNIQUE_NAME( CATCH2_INTERNAL_TEST_ ), __VA_ARGS__ )
      |                                   ^
/Users/swayamsingal/Desktop/Programming/Kairo/build/dev-clang/_deps/catch2-src/src/catch2/../catch2/internal/catch_unique_name.hpp:15:85: note: expanded from macro 'INTERNAL_CATCH_UNIQUE_NAME'
   15 | #  define INTERNAL_CATCH_UNIQUE_NAME( name ) INTERNAL_CATCH_UNIQUE_NAME_LINE( name, __COUNTER__ )
      |                                                                                     ^
/Users/swayamsingal/Desktop/Programming/Kairo/KairoEngineCore/tests/RenderingComponentTests.cpp:292:1: warning: '__COUNTER__' is a C2y extension [-Wc2y-extensions]
/Users/swayamsingal/Desktop/Programming/Kairo/build/dev-clang/_deps/catch2-src/src/catch2/../catch2/catch_test_macros.hpp:142:28: note: expanded from macro 'TEST_CASE'
  142 |   #define TEST_CASE( ... ) INTERNAL_CATCH_TESTCASE( __VA_ARGS__ )
      |                            ^
/Users/swayamsingal/Desktop/Programming/Kairo/build/dev-clang/_deps/catch2-src/src/catch2/../catch2/internal/catch_test_registry.hpp:89:9: note: expanded from macro 'INTERNAL_CATCH_TESTCASE'
   89 |         INTERNAL_CATCH_TESTCASE2( INTERNAL_CATCH_UNIQUE_NAME( CATCH2_INTERNAL_TEST_ ), __VA_ARGS__ )
      |         ^
/Users/swayamsingal/Desktop/Programming/Kairo/build/dev-clang/_deps/catch2-src/src/catch2/../catch2/internal/catch_test_registry.hpp:85:41: note: expanded from macro 'INTERNAL_CATCH_TESTCASE2'
   85 |         namespace{ const Catch::AutoReg INTERNAL_CATCH_UNIQUE_NAME( autoRegistrar )( Catch::makeTestInvoker( &TestName ), CATCH_INTERNAL_LINEINFO, Catch::StringRef(), Catch::NameAndTags{ __VA_ARGS__ } ); } /* NOLINT */ \
      |                                         ^
/Users/swayamsingal/Desktop/Programming/Kairo/build/dev-clang/_deps/catch2-src/src/catch2/../catch2/internal/catch_unique_name.hpp:15:85: note: expanded from macro 'INTERNAL_CATCH_UNIQUE_NAME'
   15 | #  define INTERNAL_CATCH_UNIQUE_NAME( name ) INTERNAL_CATCH_UNIQUE_NAME_LINE( name, __COUNTER__ )
      |                                                                                     ^
14 warnings generated.
[826/942] Building CXX object KairoEngineCore/CMakeFiles/KairoEngineCoreTests.dir/tests/EngineCoreTests.cpp.o
/Users/swayamsingal/Desktop/Programming/Kairo/KairoEngineCore/tests/EngineCoreTests.cpp:38:1: warning: '__COUNTER__' is a C2y extension [-Wc2y-extensions]
   38 | TEST_CASE("Logic bytecode round trips and executes through bounded host calls",
      | ^
/Users/swayamsingal/Desktop/Programming/Kairo/build/dev-clang/_deps/catch2-src/src/catch2/../catch2/catch_test_macros.hpp:142:28: note: expanded from macro 'TEST_CASE'
  142 |   #define TEST_CASE( ... ) INTERNAL_CATCH_TESTCASE( __VA_ARGS__ )
      |                            ^
/Users/swayamsingal/Desktop/Programming/Kairo/build/dev-clang/_deps/catch2-src/src/catch2/../catch2/internal/catch_test_registry.hpp:89:35: note: expanded from macro 'INTERNAL_CATCH_TESTCASE'
   89 |         INTERNAL_CATCH_TESTCASE2( INTERNAL_CATCH_UNIQUE_NAME( CATCH2_INTERNAL_TEST_ ), __VA_ARGS__ )
      |                                   ^
/Users/swayamsingal/Desktop/Programming/Kairo/build/dev-clang/_deps/catch2-src/src/catch2/../catch2/internal/catch_unique_name.hpp:15:85: note: expanded from macro 'INTERNAL_CATCH_UNIQUE_NAME'
   15 | #  define INTERNAL_CATCH_UNIQUE_NAME( name ) INTERNAL_CATCH_UNIQUE_NAME_LINE( name, __COUNTER__ )
      |                                                                                     ^
/Users/swayamsingal/Desktop/Programming/Kairo/KairoEngineCore/tests/EngineCoreTests.cpp:38:1: warning: '__COUNTER__' is a C2y extension [-Wc2y-extensions]
/Users/swayamsingal/Desktop/Programming/Kairo/build/dev-clang/_deps/catch2-src/src/catch2/../catch2/catch_test_macros.hpp:142:28: note: expanded from macro 'TEST_CASE'
  142 |   #define TEST_CASE( ... ) INTERNAL_CATCH_TESTCASE( __VA_ARGS__ )
      |                            ^
/Users/swayamsingal/Desktop/Programming/Kairo/build/dev-clang/_deps/catch2-src/src/catch2/../catch2/internal/catch_test_registry.hpp:89:9: note: expanded from macro 'INTERNAL_CATCH_TESTCASE'
   89 |         INTERNAL_CATCH_TESTCASE2( INTERNAL_CATCH_UNIQUE_NAME( CATCH2_INTERNAL_TEST_ ), __VA_ARGS__ )
      |         ^
/Users/swayamsingal/Desktop/Programming/Kairo/build/dev-clang/_deps/catch2-src/src/catch2/../catch2/internal/catch_test_registry.hpp:85:41: note: expanded from macro 'INTERNAL_CATCH_TESTCASE2'
   85 |         namespace{ const Catch::AutoReg INTERNAL_CATCH_UNIQUE_NAME( autoRegistrar )( Catch::makeTestInvoker( &TestName ), CATCH_INTERNAL_LINEINFO, Catch::StringRef(), Catch::NameAndTags{ __VA_ARGS__ } ); } /* NOLINT */ \
      |                                         ^
/Users/swayamsingal/Desktop/Programming/Kairo/build/dev-clang/_deps/catch2-src/src/catch2/../catch2/internal/catch_unique_name.hpp:15:85: note: expanded from macro 'INTERNAL_CATCH_UNIQUE_NAME'
   15 | #  define INTERNAL_CATCH_UNIQUE_NAME( name ) INTERNAL_CATCH_UNIQUE_NAME_LINE( name, __COUNTER__ )
      |                                                                                     ^
/Users/swayamsingal/Desktop/Programming/Kairo/KairoEngineCore/tests/EngineCoreTests.cpp:95:1: warning: '__COUNTER__' is a C2y extension [-Wc2y-extensions]
   95 | TEST_CASE("Compiled logic artifacts bind bytecode to exact source identity",
      | ^
/Users/swayamsingal/Desktop/Programming/Kairo/build/dev-clang/_deps/catch2-src/src/catch2/../catch2/catch_test_macros.hpp:142:28: note: expanded from macro 'TEST_CASE'
  142 |   #define TEST_CASE( ... ) INTERNAL_CATCH_TESTCASE( __VA_ARGS__ )
      |                            ^
/Users/swayamsingal/Desktop/Programming/Kairo/build/dev-clang/_deps/catch2-src/src/catch2/../catch2/internal/catch_test_registry.hpp:89:35: note: expanded from macro 'INTERNAL_CATCH_TESTCASE'
   89 |         INTERNAL_CATCH_TESTCASE2( INTERNAL_CATCH_UNIQUE_NAME( CATCH2_INTERNAL_TEST_ ), __VA_ARGS__ )
      |                                   ^
/Users/swayamsingal/Desktop/Programming/Kairo/build/dev-clang/_deps/catch2-src/src/catch2/../catch2/internal/catch_unique_name.hpp:15:85: note: expanded from macro 'INTERNAL_CATCH_UNIQUE_NAME'
   15 | #  define INTERNAL_CATCH_UNIQUE_NAME( name ) INTERNAL_CATCH_UNIQUE_NAME_LINE( name, __COUNTER__ )
      |                                                                                     ^
/Users/swayamsingal/Desktop/Programming/Kairo/KairoEngineCore/tests/EngineCoreTests.cpp:95:1: warning: '__COUNTER__' is a C2y extension [-Wc2y-extensions]
/Users/swayamsingal/Desktop/Programming/Kairo/build/dev-clang/_deps/catch2-src/src/catch2/../catch2/catch_test_macros.hpp:142:28: note: expanded from macro 'TEST_CASE'
  142 |   #define TEST_CASE( ... ) INTERNAL_CATCH_TESTCASE( __VA_ARGS__ )
      |                            ^
/Users/swayamsingal/Desktop/Programming/Kairo/build/dev-clang/_deps/catch2-src/src/catch2/../catch2/internal/catch_test_registry.hpp:89:9: note: expanded from macro 'INTERNAL_CATCH_TESTCASE'
   89 |         INTERNAL_CATCH_TESTCASE2( INTERNAL_CATCH_UNIQUE_NAME( CATCH2_INTERNAL_TEST_ ), __VA_ARGS__ )
      |         ^
/Users/swayamsingal/Desktop/Programming/Kairo/build/dev-clang/_deps/catch2-src/src/catch2/../catch2/internal/catch_test_registry.hpp:85:41: note: expanded from macro 'INTERNAL_CATCH_TESTCASE2'
   85 |         namespace{ const Catch::AutoReg INTERNAL_CATCH_UNIQUE_NAME( autoRegistrar )( Catch::makeTestInvoker( &TestName ), CATCH_INTERNAL_LINEINFO, Catch::StringRef(), Catch::NameAndTags{ __VA_ARGS__ } ); } /* NOLINT */ \
      |                                         ^
/Users/swayamsingal/Desktop/Programming/Kairo/build/dev-clang/_deps/catch2-src/src/catch2/../catch2/internal/catch_unique_name.hpp:15:85: note: expanded from macro 'INTERNAL_CATCH_UNIQUE_NAME'
   15 | #  define INTERNAL_CATCH_UNIQUE_NAME( name ) INTERNAL_CATCH_UNIQUE_NAME_LINE( name, __COUNTER__ )
      |                                                                                     ^
/Users/swayamsingal/Desktop/Programming/Kairo/KairoEngineCore/tests/EngineCoreTests.cpp:124:1: warning: '__COUNTER__' is a C2y extension [-Wc2y-extensions]
  124 | TEST_CASE("Scene owns stable entity records", "[KairoEngineCore][Scene]")
      | ^
/Users/swayamsingal/Desktop/Programming/Kairo/build/dev-clang/_deps/catch2-src/src/catch2/../catch2/catch_test_macros.hpp:142:28: note: expanded from macro 'TEST_CASE'
  142 |   #define TEST_CASE( ... ) INTERNAL_CATCH_TESTCASE( __VA_ARGS__ )
      |                            ^
/Users/swayamsingal/Desktop/Programming/Kairo/build/dev-clang/_deps/catch2-src/src/catch2/../catch2/internal/catch_test_registry.hpp:89:35: note: expanded from macro 'INTERNAL_CATCH_TESTCASE'
   89 |         INTERNAL_CATCH_TESTCASE2( INTERNAL_CATCH_UNIQUE_NAME( CATCH2_INTERNAL_TEST_ ), __VA_ARGS__ )
      |                                   ^
/Users/swayamsingal/Desktop/Programming/Kairo/build/dev-clang/_deps/catch2-src/src/catch2/../catch2/internal/catch_unique_name.hpp:15:85: note: expanded from macro 'INTERNAL_CATCH_UNIQUE_NAME'
   15 | #  define INTERNAL_CATCH_UNIQUE_NAME( name ) INTERNAL_CATCH_UNIQUE_NAME_LINE( name, __COUNTER__ )
      |                                                                                     ^
/Users/swayamsingal/Desktop/Programming/Kairo/KairoEngineCore/tests/EngineCoreTests.cpp:124:1: warning: '__COUNTER__' is a C2y extension [-Wc2y-extensions]
/Users/swayamsingal/Desktop/Programming/Kairo/build/dev-clang/_deps/catch2-src/src/catch2/../catch2/catch_test_macros.hpp:142:28: note: expanded from macro 'TEST_CASE'
  142 |   #define TEST_CASE( ... ) INTERNAL_CATCH_TESTCASE( __VA_ARGS__ )
      |                            ^
/Users/swayamsingal/Desktop/Programming/Kairo/build/dev-clang/_deps/catch2-src/src/catch2/../catch2/internal/catch_test_registry.hpp:89:9: note: expanded from macro 'INTERNAL_CATCH_TESTCASE'
   89 |         INTERNAL_CATCH_TESTCASE2( INTERNAL_CATCH_UNIQUE_NAME( CATCH2_INTERNAL_TEST_ ), __VA_ARGS__ )
      |         ^
/Users/swayamsingal/Desktop/Programming/Kairo/build/dev-clang/_deps/catch2-src/src/catch2/../catch2/internal/catch_test_registry.hpp:85:41: note: expanded from macro 'INTERNAL_CATCH_TESTCASE2'
   85 |         namespace{ const Catch::AutoReg INTERNAL_CATCH_UNIQUE_NAME( autoRegistrar )( Catch::makeTestInvoker( &TestName ), CATCH_INTERNAL_LINEINFO, Catch::StringRef(), Catch::NameAndTags{ __VA_ARGS__ } ); } /* NOLINT */ \
      |                                         ^
/Users/swayamsingal/Desktop/Programming/Kairo/build/dev-clang/_deps/catch2-src/src/catch2/../catch2/internal/catch_unique_name.hpp:15:85: note: expanded from macro 'INTERNAL_CATCH_UNIQUE_NAME'
   15 | #  define INTERNAL_CATCH_UNIQUE_NAME( name ) INTERNAL_CATCH_UNIQUE_NAME_LINE( name, __COUNTER__ )
      |                                                                                     ^
/Users/swayamsingal/Desktop/Programming/Kairo/KairoEngineCore/tests/EngineCoreTests.cpp:143:1: warning: '__COUNTER__' is a C2y extension [-Wc2y-extensions]
  143 | TEST_CASE("EngineCore owns versioned project descriptors for tools and players",
      | ^
/Users/swayamsingal/Desktop/Programming/Kairo/build/dev-clang/_deps/catch2-src/src/catch2/../catch2/catch_test_macros.hpp:142:28: note: expanded from macro 'TEST_CASE'
  142 |   #define TEST_CASE( ... ) INTERNAL_CATCH_TESTCASE( __VA_ARGS__ )
      |                            ^
/Users/swayamsingal/Desktop/Programming/Kairo/build/dev-clang/_deps/catch2-src/src/catch2/../catch2/internal/catch_test_registry.hpp:89:35: note: expanded from macro 'INTERNAL_CATCH_TESTCASE'
   89 |         INTERNAL_CATCH_TESTCASE2( INTERNAL_CATCH_UNIQUE_NAME( CATCH2_INTERNAL_TEST_ ), __VA_ARGS__ )
      |                                   ^
/Users/swayamsingal/Desktop/Programming/Kairo/build/dev-clang/_deps/catch2-src/src/catch2/../catch2/internal/catch_unique_name.hpp:15:85: note: expanded from macro 'INTERNAL_CATCH_UNIQUE_NAME'
   15 | #  define INTERNAL_CATCH_UNIQUE_NAME( name ) INTERNAL_CATCH_UNIQUE_NAME_LINE( name, __COUNTER__ )
      |                                                                                     ^
/Users/swayamsingal/Desktop/Programming/Kairo/KairoEngineCore/tests/EngineCoreTests.cpp:143:1: warning: '__COUNTER__' is a C2y extension [-Wc2y-extensions]
/Users/swayamsingal/Desktop/Programming/Kairo/build/dev-clang/_deps/catch2-src/src/catch2/../catch2/catch_test_macros.hpp:142:28: note: expanded from macro 'TEST_CASE'
  142 |   #define TEST_CASE( ... ) INTERNAL_CATCH_TESTCASE( __VA_ARGS__ )
      |                            ^
/Users/swayamsingal/Desktop/Programming/Kairo/build/dev-clang/_deps/catch2-src/src/catch2/../catch2/internal/catch_test_registry.hpp:89:9: note: expanded from macro 'INTERNAL_CATCH_TESTCASE'
   89 |         INTERNAL_CATCH_TESTCASE2( INTERNAL_CATCH_UNIQUE_NAME( CATCH2_INTERNAL_TEST_ ), __VA_ARGS__ )
      |         ^
/Users/swayamsingal/Desktop/Programming/Kairo/build/dev-clang/_deps/catch2-src/src/catch2/../catch2/internal/catch_test_registry.hpp:85:41: note: expanded from macro 'INTERNAL_CATCH_TESTCASE2'
   85 |         namespace{ const Catch::AutoReg INTERNAL_CATCH_UNIQUE_NAME( autoRegistrar )( Catch::makeTestInvoker( &TestName ), CATCH_INTERNAL_LINEINFO, Catch::StringRef(), Catch::NameAndTags{ __VA_ARGS__ } ); } /* NOLINT */ \
      |                                         ^
/Users/swayamsingal/Desktop/Programming/Kairo/build/dev-clang/_deps/catch2-src/src/catch2/../catch2/internal/catch_unique_name.hpp:15:85: note: expanded from macro 'INTERNAL_CATCH_UNIQUE_NAME'
   15 | #  define INTERNAL_CATCH_UNIQUE_NAME( name ) INTERNAL_CATCH_UNIQUE_NAME_LINE( name, __COUNTER__ )
      |                                                                                     ^
/Users/swayamsingal/Desktop/Programming/Kairo/KairoEngineCore/tests/EngineCoreTests.cpp:169:1: warning: '__COUNTER__' is a C2y extension [-Wc2y-extensions]
  169 | TEST_CASE("Scene restores explicit IDs without corrupting automatic allocation", "[KairoEngineCore][Scene][Serialization]")
      | ^
/Users/swayamsingal/Desktop/Programming/Kairo/build/dev-clang/_deps/catch2-src/src/catch2/../catch2/catch_test_macros.hpp:142:28: note: expanded from macro 'TEST_CASE'
  142 |   #define TEST_CASE( ... ) INTERNAL_CATCH_TESTCASE( __VA_ARGS__ )
      |                            ^
/Users/swayamsingal/Desktop/Programming/Kairo/build/dev-clang/_deps/catch2-src/src/catch2/../catch2/internal/catch_test_registry.hpp:89:35: note: expanded from macro 'INTERNAL_CATCH_TESTCASE'
   89 |         INTERNAL_CATCH_TESTCASE2( INTERNAL_CATCH_UNIQUE_NAME( CATCH2_INTERNAL_TEST_ ), __VA_ARGS__ )
      |                                   ^
/Users/swayamsingal/Desktop/Programming/Kairo/build/dev-clang/_deps/catch2-src/src/catch2/../catch2/internal/catch_unique_name.hpp:15:85: note: expanded from macro 'INTERNAL_CATCH_UNIQUE_NAME'
   15 | #  define INTERNAL_CATCH_UNIQUE_NAME( name ) INTERNAL_CATCH_UNIQUE_NAME_LINE( name, __COUNTER__ )
      |                                                                                     ^
/Users/swayamsingal/Desktop/Programming/Kairo/KairoEngineCore/tests/EngineCoreTests.cpp:169:1: warning: '__COUNTER__' is a C2y extension [-Wc2y-extensions]
/Users/swayamsingal/Desktop/Programming/Kairo/build/dev-clang/_deps/catch2-src/src/catch2/../catch2/catch_test_macros.hpp:142:28: note: expanded from macro 'TEST_CASE'
  142 |   #define TEST_CASE( ... ) INTERNAL_CATCH_TESTCASE( __VA_ARGS__ )
      |                            ^
/Users/swayamsingal/Desktop/Programming/Kairo/build/dev-clang/_deps/catch2-src/src/catch2/../catch2/internal/catch_test_registry.hpp:89:9: note: expanded from macro 'INTERNAL_CATCH_TESTCASE'
   89 |         INTERNAL_CATCH_TESTCASE2( INTERNAL_CATCH_UNIQUE_NAME( CATCH2_INTERNAL_TEST_ ), __VA_ARGS__ )
      |         ^
/Users/swayamsingal/Desktop/Programming/Kairo/build/dev-clang/_deps/catch2-src/src/catch2/../catch2/internal/catch_test_registry.hpp:85:41: note: expanded from macro 'INTERNAL_CATCH_TESTCASE2'
   85 |         namespace{ const Catch::AutoReg INTERNAL_CATCH_UNIQUE_NAME( autoRegistrar )( Catch::makeTestInvoker( &TestName ), CATCH_INTERNAL_LINEINFO, Catch::StringRef(), Catch::NameAndTags{ __VA_ARGS__ } ); } /* NOLINT */ \
      |                                         ^
/Users/swayamsingal/Desktop/Programming/Kairo/build/dev-clang/_deps/catch2-src/src/catch2/../catch2/internal/catch_unique_name.hpp:15:85: note: expanded from macro 'INTERNAL_CATCH_UNIQUE_NAME'
   15 | #  define INTERNAL_CATCH_UNIQUE_NAME( name ) INTERNAL_CATCH_UNIQUE_NAME_LINE( name, __COUNTER__ )
      |                                                                                     ^
/Users/swayamsingal/Desktop/Programming/Kairo/KairoEngineCore/tests/EngineCoreTests.cpp:185:1: warning: '__COUNTER__' is a C2y extension [-Wc2y-extensions]
  185 | TEST_CASE("Scene hierarchy enforces ownership cycles and deterministic metadata",
      | ^
/Users/swayamsingal/Desktop/Programming/Kairo/build/dev-clang/_deps/catch2-src/src/catch2/../catch2/catch_test_macros.hpp:142:28: note: expanded from macro 'TEST_CASE'
  142 |   #define TEST_CASE( ... ) INTERNAL_CATCH_TESTCASE( __VA_ARGS__ )
      |                            ^
/Users/swayamsingal/Desktop/Programming/Kairo/build/dev-clang/_deps/catch2-src/src/catch2/../catch2/internal/catch_test_registry.hpp:89:35: note: expanded from macro 'INTERNAL_CATCH_TESTCASE'
   89 |         INTERNAL_CATCH_TESTCASE2( INTERNAL_CATCH_UNIQUE_NAME( CATCH2_INTERNAL_TEST_ ), __VA_ARGS__ )
      |                                   ^
/Users/swayamsingal/Desktop/Programming/Kairo/build/dev-clang/_deps/catch2-src/src/catch2/../catch2/internal/catch_unique_name.hpp:15:85: note: expanded from macro 'INTERNAL_CATCH_UNIQUE_NAME'
   15 | #  define INTERNAL_CATCH_UNIQUE_NAME( name ) INTERNAL_CATCH_UNIQUE_NAME_LINE( name, __COUNTER__ )
      |                                                                                     ^
/Users/swayamsingal/Desktop/Programming/Kairo/KairoEngineCore/tests/EngineCoreTests.cpp:185:1: warning: '__COUNTER__' is a C2y extension [-Wc2y-extensions]
/Users/swayamsingal/Desktop/Programming/Kairo/build/dev-clang/_deps/catch2-src/src/catch2/../catch2/catch_test_macros.hpp:142:28: note: expanded from macro 'TEST_CASE'
  142 |   #define TEST_CASE( ... ) INTERNAL_CATCH_TESTCASE( __VA_ARGS__ )
      |                            ^
/Users/swayamsingal/Desktop/Programming/Kairo/build/dev-clang/_deps/catch2-src/src/catch2/../catch2/internal/catch_test_registry.hpp:89:9: note: expanded from macro 'INTERNAL_CATCH_TESTCASE'
   89 |         INTERNAL_CATCH_TESTCASE2( INTERNAL_CATCH_UNIQUE_NAME( CATCH2_INTERNAL_TEST_ ), __VA_ARGS__ )
      |         ^
/Users/swayamsingal/Desktop/Programming/Kairo/build/dev-clang/_deps/catch2-src/src/catch2/../catch2/internal/catch_test_registry.hpp:85:41: note: expanded from macro 'INTERNAL_CATCH_TESTCASE2'
   85 |         namespace{ const Catch::AutoReg INTERNAL_CATCH_UNIQUE_NAME( autoRegistrar )( Catch::makeTestInvoker( &TestName ), CATCH_INTERNAL_LINEINFO, Catch::StringRef(), Catch::NameAndTags{ __VA_ARGS__ } ); } /* NOLINT */ \
      |                                         ^
/Users/swayamsingal/Desktop/Programming/Kairo/build/dev-clang/_deps/catch2-src/src/catch2/../catch2/internal/catch_unique_name.hpp:15:85: note: expanded from macro 'INTERNAL_CATCH_UNIQUE_NAME'
   15 | #  define INTERNAL_CATCH_UNIQUE_NAME( name ) INTERNAL_CATCH_UNIQUE_NAME_LINE( name, __COUNTER__ )
      |                                                                                     ^
/Users/swayamsingal/Desktop/Programming/Kairo/KairoEngineCore/tests/EngineCoreTests.cpp:231:1: warning: '__COUNTER__' is a C2y extension [-Wc2y-extensions]
  231 | TEST_CASE("Scene V2 migrates V1 defaults and resolves forward hierarchy references",
      | ^
/Users/swayamsingal/Desktop/Programming/Kairo/build/dev-clang/_deps/catch2-src/src/catch2/../catch2/catch_test_macros.hpp:142:28: note: expanded from macro 'TEST_CASE'
  142 |   #define TEST_CASE( ... ) INTERNAL_CATCH_TESTCASE( __VA_ARGS__ )
      |                            ^
/Users/swayamsingal/Desktop/Programming/Kairo/build/dev-clang/_deps/catch2-src/src/catch2/../catch2/internal/catch_test_registry.hpp:89:35: note: expanded from macro 'INTERNAL_CATCH_TESTCASE'
   89 |         INTERNAL_CATCH_TESTCASE2( INTERNAL_CATCH_UNIQUE_NAME( CATCH2_INTERNAL_TEST_ ), __VA_ARGS__ )
      |                                   ^
/Users/swayamsingal/Desktop/Programming/Kairo/build/dev-clang/_deps/catch2-src/src/catch2/../catch2/internal/catch_unique_name.hpp:15:85: note: expanded from macro 'INTERNAL_CATCH_UNIQUE_NAME'
   15 | #  define INTERNAL_CATCH_UNIQUE_NAME( name ) INTERNAL_CATCH_UNIQUE_NAME_LINE( name, __COUNTER__ )
      |                                                                                     ^
/Users/swayamsingal/Desktop/Programming/Kairo/KairoEngineCore/tests/EngineCoreTests.cpp:231:1: warning: '__COUNTER__' is a C2y extension [-Wc2y-extensions]
/Users/swayamsingal/Desktop/Programming/Kairo/build/dev-clang/_deps/catch2-src/src/catch2/../catch2/catch_test_macros.hpp:142:28: note: expanded from macro 'TEST_CASE'
  142 |   #define TEST_CASE( ... ) INTERNAL_CATCH_TESTCASE( __VA_ARGS__ )
      |                            ^
/Users/swayamsingal/Desktop/Programming/Kairo/build/dev-clang/_deps/catch2-src/src/catch2/../catch2/internal/catch_test_registry.hpp:89:9: note: expanded from macro 'INTERNAL_CATCH_TESTCASE'
   89 |         INTERNAL_CATCH_TESTCASE2( INTERNAL_CATCH_UNIQUE_NAME( CATCH2_INTERNAL_TEST_ ), __VA_ARGS__ )
      |         ^
/Users/swayamsingal/Desktop/Programming/Kairo/build/dev-clang/_deps/catch2-src/src/catch2/../catch2/internal/catch_test_registry.hpp:85:41: note: expanded from macro 'INTERNAL_CATCH_TESTCASE2'
   85 |         namespace{ const Catch::AutoReg INTERNAL_CATCH_UNIQUE_NAME( autoRegistrar )( Catch::makeTestInvoker( &TestName ), CATCH_INTERNAL_LINEINFO, Catch::StringRef(), Catch::NameAndTags{ __VA_ARGS__ } ); } /* NOLINT */ \
      |                                         ^
/Users/swayamsingal/Desktop/Programming/Kairo/build/dev-clang/_deps/catch2-src/src/catch2/../catch2/internal/catch_unique_name.hpp:15:85: note: expanded from macro 'INTERNAL_CATCH_UNIQUE_NAME'
   15 | #  define INTERNAL_CATCH_UNIQUE_NAME( name ) INTERNAL_CATCH_UNIQUE_NAME_LINE( name, __COUNTER__ )
      |                                                                                     ^
/Users/swayamsingal/Desktop/Programming/Kairo/KairoEngineCore/tests/EngineCoreTests.cpp:268:1: warning: '__COUNTER__' is a C2y extension [-Wc2y-extensions]
  268 | TEST_CASE("Scene serialization round trips authored components and persistent assets", "[KairoEngineCore][Scene][Serialization]")
      | ^
/Users/swayamsingal/Desktop/Programming/Kairo/build/dev-clang/_deps/catch2-src/src/catch2/../catch2/catch_test_macros.hpp:142:28: note: expanded from macro 'TEST_CASE'
  142 |   #define TEST_CASE( ... ) INTERNAL_CATCH_TESTCASE( __VA_ARGS__ )
      |                            ^
/Users/swayamsingal/Desktop/Programming/Kairo/build/dev-clang/_deps/catch2-src/src/catch2/../catch2/internal/catch_test_registry.hpp:89:35: note: expanded from macro 'INTERNAL_CATCH_TESTCASE'
   89 |         INTERNAL_CATCH_TESTCASE2( INTERNAL_CATCH_UNIQUE_NAME( CATCH2_INTERNAL_TEST_ ), __VA_ARGS__ )
      |                                   ^
/Users/swayamsingal/Desktop/Programming/Kairo/build/dev-clang/_deps/catch2-src/src/catch2/../catch2/internal/catch_unique_name.hpp:15:85: note: expanded from macro 'INTERNAL_CATCH_UNIQUE_NAME'
   15 | #  define INTERNAL_CATCH_UNIQUE_NAME( name ) INTERNAL_CATCH_UNIQUE_NAME_LINE( name, __COUNTER__ )
      |                                                                                     ^
/Users/swayamsingal/Desktop/Programming/Kairo/KairoEngineCore/tests/EngineCoreTests.cpp:268:1: warning: '__COUNTER__' is a C2y extension [-Wc2y-extensions]
/Users/swayamsingal/Desktop/Programming/Kairo/build/dev-clang/_deps/catch2-src/src/catch2/../catch2/catch_test_macros.hpp:142:28: note: expanded from macro 'TEST_CASE'
  142 |   #define TEST_CASE( ... ) INTERNAL_CATCH_TESTCASE( __VA_ARGS__ )
      |                            ^
/Users/swayamsingal/Desktop/Programming/Kairo/build/dev-clang/_deps/catch2-src/src/catch2/../catch2/internal/catch_test_registry.hpp:89:9: note: expanded from macro 'INTERNAL_CATCH_TESTCASE'
   89 |         INTERNAL_CATCH_TESTCASE2( INTERNAL_CATCH_UNIQUE_NAME( CATCH2_INTERNAL_TEST_ ), __VA_ARGS__ )
      |         ^
/Users/swayamsingal/Desktop/Programming/Kairo/build/dev-clang/_deps/catch2-src/src/catch2/../catch2/internal/catch_test_registry.hpp:85:41: note: expanded from macro 'INTERNAL_CATCH_TESTCASE2'
   85 |         namespace{ const Catch::AutoReg INTERNAL_CATCH_UNIQUE_NAME( autoRegistrar )( Catch::makeTestInvoker( &TestName ), CATCH_INTERNAL_LINEINFO, Catch::StringRef(), Catch::NameAndTags{ __VA_ARGS__ } ); } /* NOLINT */ \
      |                                         ^
/Users/swayamsingal/Desktop/Programming/Kairo/build/dev-clang/_deps/catch2-src/src/catch2/../catch2/internal/catch_unique_name.hpp:15:85: note: expanded from macro 'INTERNAL_CATCH_UNIQUE_NAME'
   15 | #  define INTERNAL_CATCH_UNIQUE_NAME( name ) INTERNAL_CATCH_UNIQUE_NAME_LINE( name, __COUNTER__ )
      |                                                                                     ^
/Users/swayamsingal/Desktop/Programming/Kairo/KairoEngineCore/tests/EngineCoreTests.cpp:282:78: warning: missing field 'AdditionalMaterialSlots' initializer [-Wmissing-field-initializers]
  282 |     original.SetMeshRenderer(cube, { { MeshAsset }, { MaterialAsset }, false });
      |                                                                              ^
/Users/swayamsingal/Desktop/Programming/Kairo/KairoEngineCore/tests/EngineCoreTests.cpp:328:1: warning: '__COUNTER__' is a C2y extension [-Wc2y-extensions]
  328 | TEST_CASE("Scene parser reports source locations and validates registry references", "[KairoEngineCore][Scene][Serialization]")
      | ^
/Users/swayamsingal/Desktop/Programming/Kairo/build/dev-clang/_deps/catch2-src/src/catch2/../catch2/catch_test_macros.hpp:142:28: note: expanded from macro 'TEST_CASE'
  142 |   #define TEST_CASE( ... ) INTERNAL_CATCH_TESTCASE( __VA_ARGS__ )
      |                            ^
/Users/swayamsingal/Desktop/Programming/Kairo/build/dev-clang/_deps/catch2-src/src/catch2/../catch2/internal/catch_test_registry.hpp:89:35: note: expanded from macro 'INTERNAL_CATCH_TESTCASE'
   89 |         INTERNAL_CATCH_TESTCASE2( INTERNAL_CATCH_UNIQUE_NAME( CATCH2_INTERNAL_TEST_ ), __VA_ARGS__ )
      |                                   ^
/Users/swayamsingal/Desktop/Programming/Kairo/build/dev-clang/_deps/catch2-src/src/catch2/../catch2/internal/catch_unique_name.hpp:15:85: note: expanded from macro 'INTERNAL_CATCH_UNIQUE_NAME'
   15 | #  define INTERNAL_CATCH_UNIQUE_NAME( name ) INTERNAL_CATCH_UNIQUE_NAME_LINE( name, __COUNTER__ )
      |                                                                                     ^
/Users/swayamsingal/Desktop/Programming/Kairo/KairoEngineCore/tests/EngineCoreTests.cpp:328:1: warning: '__COUNTER__' is a C2y extension [-Wc2y-extensions]
/Users/swayamsingal/Desktop/Programming/Kairo/build/dev-clang/_deps/catch2-src/src/catch2/../catch2/catch_test_macros.hpp:142:28: note: expanded from macro 'TEST_CASE'
  142 |   #define TEST_CASE( ... ) INTERNAL_CATCH_TESTCASE( __VA_ARGS__ )
      |                            ^
/Users/swayamsingal/Desktop/Programming/Kairo/build/dev-clang/_deps/catch2-src/src/catch2/../catch2/internal/catch_test_registry.hpp:89:9: note: expanded from macro 'INTERNAL_CATCH_TESTCASE'
   89 |         INTERNAL_CATCH_TESTCASE2( INTERNAL_CATCH_UNIQUE_NAME( CATCH2_INTERNAL_TEST_ ), __VA_ARGS__ )
      |         ^
/Users/swayamsingal/Desktop/Programming/Kairo/build/dev-clang/_deps/catch2-src/src/catch2/../catch2/internal/catch_test_registry.hpp:85:41: note: expanded from macro 'INTERNAL_CATCH_TESTCASE2'
   85 |         namespace{ const Catch::AutoReg INTERNAL_CATCH_UNIQUE_NAME( autoRegistrar )( Catch::makeTestInvoker( &TestName ), CATCH_INTERNAL_LINEINFO, Catch::StringRef(), Catch::NameAndTags{ __VA_ARGS__ } ); } /* NOLINT */ \
      |                                         ^
/Users/swayamsingal/Desktop/Programming/Kairo/build/dev-clang/_deps/catch2-src/src/catch2/../catch2/internal/catch_unique_name.hpp:15:85: note: expanded from macro 'INTERNAL_CATCH_UNIQUE_NAME'
   15 | #  define INTERNAL_CATCH_UNIQUE_NAME( name ) INTERNAL_CATCH_UNIQUE_NAME_LINE( name, __COUNTER__ )
      |                                                                                     ^
/Users/swayamsingal/Desktop/Programming/Kairo/KairoEngineCore/tests/EngineCoreTests.cpp:352:1: warning: '__COUNTER__' is a C2y extension [-Wc2y-extensions]
  352 | TEST_CASE("Scene files replace destinations atomically after complete validation", "[KairoEngineCore][Scene][Serialization]")
      | ^
/Users/swayamsingal/Desktop/Programming/Kairo/build/dev-clang/_deps/catch2-src/src/catch2/../catch2/catch_test_macros.hpp:142:28: note: expanded from macro 'TEST_CASE'
  142 |   #define TEST_CASE( ... ) INTERNAL_CATCH_TESTCASE( __VA_ARGS__ )
      |                            ^
/Users/swayamsingal/Desktop/Programming/Kairo/build/dev-clang/_deps/catch2-src/src/catch2/../catch2/internal/catch_test_registry.hpp:89:35: note: expanded from macro 'INTERNAL_CATCH_TESTCASE'
   89 |         INTERNAL_CATCH_TESTCASE2( INTERNAL_CATCH_UNIQUE_NAME( CATCH2_INTERNAL_TEST_ ), __VA_ARGS__ )
      |                                   ^
/Users/swayamsingal/Desktop/Programming/Kairo/build/dev-clang/_deps/catch2-src/src/catch2/../catch2/internal/catch_unique_name.hpp:15:85: note: expanded from macro 'INTERNAL_CATCH_UNIQUE_NAME'
   15 | #  define INTERNAL_CATCH_UNIQUE_NAME( name ) INTERNAL_CATCH_UNIQUE_NAME_LINE( name, __COUNTER__ )
      |                                                                                     ^
/Users/swayamsingal/Desktop/Programming/Kairo/KairoEngineCore/tests/EngineCoreTests.cpp:352:1: warning: '__COUNTER__' is a C2y extension [-Wc2y-extensions]
/Users/swayamsingal/Desktop/Programming/Kairo/build/dev-clang/_deps/catch2-src/src/catch2/../catch2/catch_test_macros.hpp:142:28: note: expanded from macro 'TEST_CASE'
  142 |   #define TEST_CASE( ... ) INTERNAL_CATCH_TESTCASE( __VA_ARGS__ )
      |                            ^
/Users/swayamsingal/Desktop/Programming/Kairo/build/dev-clang/_deps/catch2-src/src/catch2/../catch2/internal/catch_test_registry.hpp:89:9: note: expanded from macro 'INTERNAL_CATCH_TESTCASE'
   89 |         INTERNAL_CATCH_TESTCASE2( INTERNAL_CATCH_UNIQUE_NAME( CATCH2_INTERNAL_TEST_ ), __VA_ARGS__ )
      |         ^
/Users/swayamsingal/Desktop/Programming/Kairo/build/dev-clang/_deps/catch2-src/src/catch2/../catch2/internal/catch_test_registry.hpp:85:41: note: expanded from macro 'INTERNAL_CATCH_TESTCASE2'
   85 |         namespace{ const Catch::AutoReg INTERNAL_CATCH_UNIQUE_NAME( autoRegistrar )( Catch::makeTestInvoker( &TestName ), CATCH_INTERNAL_LINEINFO, Catch::StringRef(), Catch::NameAndTags{ __VA_ARGS__ } ); } /* NOLINT */ \
      |                                         ^
/Users/swayamsingal/Desktop/Programming/Kairo/build/dev-clang/_deps/catch2-src/src/catch2/../catch2/internal/catch_unique_name.hpp:15:85: note: expanded from macro 'INTERNAL_CATCH_UNIQUE_NAME'
   15 | #  define INTERNAL_CATCH_UNIQUE_NAME( name ) INTERNAL_CATCH_UNIQUE_NAME_LINE( name, __COUNTER__ )
      |                                                                                     ^
/Users/swayamsingal/Desktop/Programming/Kairo/KairoEngineCore/tests/EngineCoreTests.cpp:395:1: warning: '__COUNTER__' is a C2y extension [-Wc2y-extensions]
  395 | TEST_CASE("Application updates layers and propagates events in reverse order", "[KairoEngineCore][Application]")
      | ^
/Users/swayamsingal/Desktop/Programming/Kairo/build/dev-clang/_deps/catch2-src/src/catch2/../catch2/catch_test_macros.hpp:142:28: note: expanded from macro 'TEST_CASE'
  142 |   #define TEST_CASE( ... ) INTERNAL_CATCH_TESTCASE( __VA_ARGS__ )
      |                            ^
/Users/swayamsingal/Desktop/Programming/Kairo/build/dev-clang/_deps/catch2-src/src/catch2/../catch2/internal/catch_test_registry.hpp:89:35: note: expanded from macro 'INTERNAL_CATCH_TESTCASE'
   89 |         INTERNAL_CATCH_TESTCASE2( INTERNAL_CATCH_UNIQUE_NAME( CATCH2_INTERNAL_TEST_ ), __VA_ARGS__ )
      |                                   ^
/Users/swayamsingal/Desktop/Programming/Kairo/build/dev-clang/_deps/catch2-src/src/catch2/../catch2/internal/catch_unique_name.hpp:15:85: note: expanded from macro 'INTERNAL_CATCH_UNIQUE_NAME'
   15 | #  define INTERNAL_CATCH_UNIQUE_NAME( name ) INTERNAL_CATCH_UNIQUE_NAME_LINE( name, __COUNTER__ )
      |                                                                                     ^
/Users/swayamsingal/Desktop/Programming/Kairo/KairoEngineCore/tests/EngineCoreTests.cpp:395:1: warning: '__COUNTER__' is a C2y extension [-Wc2y-extensions]
/Users/swayamsingal/Desktop/Programming/Kairo/build/dev-clang/_deps/catch2-src/src/catch2/../catch2/catch_test_macros.hpp:142:28: note: expanded from macro 'TEST_CASE'
  142 |   #define TEST_CASE( ... ) INTERNAL_CATCH_TESTCASE( __VA_ARGS__ )
      |                            ^
/Users/swayamsingal/Desktop/Programming/Kairo/build/dev-clang/_deps/catch2-src/src/catch2/../catch2/internal/catch_test_registry.hpp:89:9: note: expanded from macro 'INTERNAL_CATCH_TESTCASE'
   89 |         INTERNAL_CATCH_TESTCASE2( INTERNAL_CATCH_UNIQUE_NAME( CATCH2_INTERNAL_TEST_ ), __VA_ARGS__ )
      |         ^
/Users/swayamsingal/Desktop/Programming/Kairo/build/dev-clang/_deps/catch2-src/src/catch2/../catch2/internal/catch_test_registry.hpp:85:41: note: expanded from macro 'INTERNAL_CATCH_TESTCASE2'
   85 |         namespace{ const Catch::AutoReg INTERNAL_CATCH_UNIQUE_NAME( autoRegistrar )( Catch::makeTestInvoker( &TestName ), CATCH_INTERNAL_LINEINFO, Catch::StringRef(), Catch::NameAndTags{ __VA_ARGS__ } ); } /* NOLINT */ \
      |                                         ^
/Users/swayamsingal/Desktop/Programming/Kairo/build/dev-clang/_deps/catch2-src/src/catch2/../catch2/internal/catch_unique_name.hpp:15:85: note: expanded from macro 'INTERNAL_CATCH_UNIQUE_NAME'
   15 | #  define INTERNAL_CATCH_UNIQUE_NAME( name ) INTERNAL_CATCH_UNIQUE_NAME_LINE( name, __COUNTER__ )
      |                                                                                     ^
/Users/swayamsingal/Desktop/Programming/Kairo/KairoEngineCore/tests/EngineCoreTests.cpp:408:1: warning: '__COUNTER__' is a C2y extension [-Wc2y-extensions]
  408 | TEST_CASE("Engine events retain typed payload and handled state", "[KairoEngineCore][Event]")
      | ^
/Users/swayamsingal/Desktop/Programming/Kairo/build/dev-clang/_deps/catch2-src/src/catch2/../catch2/catch_test_macros.hpp:142:28: note: expanded from macro 'TEST_CASE'
  142 |   #define TEST_CASE( ... ) INTERNAL_CATCH_TESTCASE( __VA_ARGS__ )
      |                            ^
/Users/swayamsingal/Desktop/Programming/Kairo/build/dev-clang/_deps/catch2-src/src/catch2/../catch2/internal/catch_test_registry.hpp:89:35: note: expanded from macro 'INTERNAL_CATCH_TESTCASE'
   89 |         INTERNAL_CATCH_TESTCASE2( INTERNAL_CATCH_UNIQUE_NAME( CATCH2_INTERNAL_TEST_ ), __VA_ARGS__ )
      |                                   ^
/Users/swayamsingal/Desktop/Programming/Kairo/build/dev-clang/_deps/catch2-src/src/catch2/../catch2/internal/catch_unique_name.hpp:15:85: note: expanded from macro 'INTERNAL_CATCH_UNIQUE_NAME'
   15 | #  define INTERNAL_CATCH_UNIQUE_NAME( name ) INTERNAL_CATCH_UNIQUE_NAME_LINE( name, __COUNTER__ )
      |                                                                                     ^
/Users/swayamsingal/Desktop/Programming/Kairo/KairoEngineCore/tests/EngineCoreTests.cpp:408:1: warning: '__COUNTER__' is a C2y extension [-Wc2y-extensions]
/Users/swayamsingal/Desktop/Programming/Kairo/build/dev-clang/_deps/catch2-src/src/catch2/../catch2/catch_test_macros.hpp:142:28: note: expanded from macro 'TEST_CASE'
  142 |   #define TEST_CASE( ... ) INTERNAL_CATCH_TESTCASE( __VA_ARGS__ )
      |                            ^
/Users/swayamsingal/Desktop/Programming/Kairo/build/dev-clang/_deps/catch2-src/src/catch2/../catch2/internal/catch_test_registry.hpp:89:9: note: expanded from macro 'INTERNAL_CATCH_TESTCASE'
   89 |         INTERNAL_CATCH_TESTCASE2( INTERNAL_CATCH_UNIQUE_NAME( CATCH2_INTERNAL_TEST_ ), __VA_ARGS__ )
      |         ^
/Users/swayamsingal/Desktop/Programming/Kairo/build/dev-clang/_deps/catch2-src/src/catch2/../catch2/internal/catch_test_registry.hpp:85:41: note: expanded from macro 'INTERNAL_CATCH_TESTCASE2'
   85 |         namespace{ const Catch::AutoReg INTERNAL_CATCH_UNIQUE_NAME( autoRegistrar )( Catch::makeTestInvoker( &TestName ), CATCH_INTERNAL_LINEINFO, Catch::StringRef(), Catch::NameAndTags{ __VA_ARGS__ } ); } /* NOLINT */ \
      |                                         ^
/Users/swayamsingal/Desktop/Programming/Kairo/build/dev-clang/_deps/catch2-src/src/catch2/../catch2/internal/catch_unique_name.hpp:15:85: note: expanded from macro 'INTERNAL_CATCH_UNIQUE_NAME'
   15 | #  define INTERNAL_CATCH_UNIQUE_NAME( name ) INTERNAL_CATCH_UNIQUE_NAME_LINE( name, __COUNTER__ )
      |                                                                                     ^
/Users/swayamsingal/Desktop/Programming/Kairo/KairoEngineCore/tests/EngineCoreTests.cpp:417:1: warning: '__COUNTER__' is a C2y extension [-Wc2y-extensions]
  417 | TEST_CASE("Application owns platform-neutral held and frame-scoped input", "[KairoEngineCore][Input]")
      | ^
/Users/swayamsingal/Desktop/Programming/Kairo/build/dev-clang/_deps/catch2-src/src/catch2/../catch2/catch_test_macros.hpp:142:28: note: expanded from macro 'TEST_CASE'
  142 |   #define TEST_CASE( ... ) INTERNAL_CATCH_TESTCASE( __VA_ARGS__ )
      |                            ^
/Users/swayamsingal/Desktop/Programming/Kairo/build/dev-clang/_deps/catch2-src/src/catch2/../catch2/internal/catch_test_registry.hpp:89:35: note: expanded from macro 'INTERNAL_CATCH_TESTCASE'
   89 |         INTERNAL_CATCH_TESTCASE2( INTERNAL_CATCH_UNIQUE_NAME( CATCH2_INTERNAL_TEST_ ), __VA_ARGS__ )
      |                                   ^
/Users/swayamsingal/Desktop/Programming/Kairo/build/dev-clang/_deps/catch2-src/src/catch2/../catch2/internal/catch_unique_name.hpp:15:85: note: expanded from macro 'INTERNAL_CATCH_UNIQUE_NAME'
   15 | #  define INTERNAL_CATCH_UNIQUE_NAME( name ) INTERNAL_CATCH_UNIQUE_NAME_LINE( name, __COUNTER__ )
      |                                                                                     ^
/Users/swayamsingal/Desktop/Programming/Kairo/KairoEngineCore/tests/EngineCoreTests.cpp:417:1: warning: '__COUNTER__' is a C2y extension [-Wc2y-extensions]
/Users/swayamsingal/Desktop/Programming/Kairo/build/dev-clang/_deps/catch2-src/src/catch2/../catch2/catch_test_macros.hpp:142:28: note: expanded from macro 'TEST_CASE'
  142 |   #define TEST_CASE( ... ) INTERNAL_CATCH_TESTCASE( __VA_ARGS__ )
      |                            ^
/Users/swayamsingal/Desktop/Programming/Kairo/build/dev-clang/_deps/catch2-src/src/catch2/../catch2/internal/catch_test_registry.hpp:89:9: note: expanded from macro 'INTERNAL_CATCH_TESTCASE'
   89 |         INTERNAL_CATCH_TESTCASE2( INTERNAL_CATCH_UNIQUE_NAME( CATCH2_INTERNAL_TEST_ ), __VA_ARGS__ )
      |         ^
/Users/swayamsingal/Desktop/Programming/Kairo/build/dev-clang/_deps/catch2-src/src/catch2/../catch2/internal/catch_test_registry.hpp:85:41: note: expanded from macro 'INTERNAL_CATCH_TESTCASE2'
   85 |         namespace{ const Catch::AutoReg INTERNAL_CATCH_UNIQUE_NAME( autoRegistrar )( Catch::makeTestInvoker( &TestName ), CATCH_INTERNAL_LINEINFO, Catch::StringRef(), Catch::NameAndTags{ __VA_ARGS__ } ); } /* NOLINT */ \
      |                                         ^
/Users/swayamsingal/Desktop/Programming/Kairo/build/dev-clang/_deps/catch2-src/src/catch2/../catch2/internal/catch_unique_name.hpp:15:85: note: expanded from macro 'INTERNAL_CATCH_UNIQUE_NAME'
   15 | #  define INTERNAL_CATCH_UNIQUE_NAME( name ) INTERNAL_CATCH_UNIQUE_NAME_LINE( name, __COUNTER__ )
      |                                                                                     ^
/Users/swayamsingal/Desktop/Programming/Kairo/KairoEngineCore/tests/EngineCoreTests.cpp:440:1: warning: '__COUNTER__' is a C2y extension [-Wc2y-extensions]
  440 | TEST_CASE("Versioned input maps evaluate keyboard mouse and gamepad actions",
      | ^
/Users/swayamsingal/Desktop/Programming/Kairo/build/dev-clang/_deps/catch2-src/src/catch2/../catch2/catch_test_macros.hpp:142:28: note: expanded from macro 'TEST_CASE'
  142 |   #define TEST_CASE( ... ) INTERNAL_CATCH_TESTCASE( __VA_ARGS__ )
      |                            ^
/Users/swayamsingal/Desktop/Programming/Kairo/build/dev-clang/_deps/catch2-src/src/catch2/../catch2/internal/catch_test_registry.hpp:89:35: note: expanded from macro 'INTERNAL_CATCH_TESTCASE'
   89 |         INTERNAL_CATCH_TESTCASE2( INTERNAL_CATCH_UNIQUE_NAME( CATCH2_INTERNAL_TEST_ ), __VA_ARGS__ )
      |                                   ^
/Users/swayamsingal/Desktop/Programming/Kairo/build/dev-clang/_deps/catch2-src/src/catch2/../catch2/internal/catch_unique_name.hpp:15:85: note: expanded from macro 'INTERNAL_CATCH_UNIQUE_NAME'
   15 | #  define INTERNAL_CATCH_UNIQUE_NAME( name ) INTERNAL_CATCH_UNIQUE_NAME_LINE( name, __COUNTER__ )
      |                                                                                     ^
/Users/swayamsingal/Desktop/Programming/Kairo/KairoEngineCore/tests/EngineCoreTests.cpp:440:1: warning: '__COUNTER__' is a C2y extension [-Wc2y-extensions]
/Users/swayamsingal/Desktop/Programming/Kairo/build/dev-clang/_deps/catch2-src/src/catch2/../catch2/catch_test_macros.hpp:142:28: note: expanded from macro 'TEST_CASE'
  142 |   #define TEST_CASE( ... ) INTERNAL_CATCH_TESTCASE( __VA_ARGS__ )
      |                            ^
/Users/swayamsingal/Desktop/Programming/Kairo/build/dev-clang/_deps/catch2-src/src/catch2/../catch2/internal/catch_test_registry.hpp:89:9: note: expanded from macro 'INTERNAL_CATCH_TESTCASE'
   89 |         INTERNAL_CATCH_TESTCASE2( INTERNAL_CATCH_UNIQUE_NAME( CATCH2_INTERNAL_TEST_ ), __VA_ARGS__ )
      |         ^
/Users/swayamsingal/Desktop/Programming/Kairo/build/dev-clang/_deps/catch2-src/src/catch2/../catch2/internal/catch_test_registry.hpp:85:41: note: expanded from macro 'INTERNAL_CATCH_TESTCASE2'
   85 |         namespace{ const Catch::AutoReg INTERNAL_CATCH_UNIQUE_NAME( autoRegistrar )( Catch::makeTestInvoker( &TestName ), CATCH_INTERNAL_LINEINFO, Catch::StringRef(), Catch::NameAndTags{ __VA_ARGS__ } ); } /* NOLINT */ \
      |                                         ^
/Users/swayamsingal/Desktop/Programming/Kairo/build/dev-clang/_deps/catch2-src/src/catch2/../catch2/internal/catch_unique_name.hpp:15:85: note: expanded from macro 'INTERNAL_CATCH_UNIQUE_NAME'
   15 | #  define INTERNAL_CATCH_UNIQUE_NAME( name ) INTERNAL_CATCH_UNIQUE_NAME_LINE( name, __COUNTER__ )
      |                                                                                     ^
/Users/swayamsingal/Desktop/Programming/Kairo/KairoEngineCore/tests/EngineCoreTests.cpp:519:1: warning: '__COUNTER__' is a C2y extension [-Wc2y-extensions]
  519 | TEST_CASE("Runtime components reject invalid public configuration", "[KairoEngineCore][Components]")
      | ^
/Users/swayamsingal/Desktop/Programming/Kairo/build/dev-clang/_deps/catch2-src/src/catch2/../catch2/catch_test_macros.hpp:142:28: note: expanded from macro 'TEST_CASE'
  142 |   #define TEST_CASE( ... ) INTERNAL_CATCH_TESTCASE( __VA_ARGS__ )
      |                            ^
/Users/swayamsingal/Desktop/Programming/Kairo/build/dev-clang/_deps/catch2-src/src/catch2/../catch2/internal/catch_test_registry.hpp:89:35: note: expanded from macro 'INTERNAL_CATCH_TESTCASE'
   89 |         INTERNAL_CATCH_TESTCASE2( INTERNAL_CATCH_UNIQUE_NAME( CATCH2_INTERNAL_TEST_ ), __VA_ARGS__ )
      |                                   ^
/Users/swayamsingal/Desktop/Programming/Kairo/build/dev-clang/_deps/catch2-src/src/catch2/../catch2/internal/catch_unique_name.hpp:15:85: note: expanded from macro 'INTERNAL_CATCH_UNIQUE_NAME'
   15 | #  define INTERNAL_CATCH_UNIQUE_NAME( name ) INTERNAL_CATCH_UNIQUE_NAME_LINE( name, __COUNTER__ )
      |                                                                                     ^
/Users/swayamsingal/Desktop/Programming/Kairo/KairoEngineCore/tests/EngineCoreTests.cpp:519:1: warning: '__COUNTER__' is a C2y extension [-Wc2y-extensions]
/Users/swayamsingal/Desktop/Programming/Kairo/build/dev-clang/_deps/catch2-src/src/catch2/../catch2/catch_test_macros.hpp:142:28: note: expanded from macro 'TEST_CASE'
  142 |   #define TEST_CASE( ... ) INTERNAL_CATCH_TESTCASE( __VA_ARGS__ )
      |                            ^
/Users/swayamsingal/Desktop/Programming/Kairo/build/dev-clang/_deps/catch2-src/src/catch2/../catch2/internal/catch_test_registry.hpp:89:9: note: expanded from macro 'INTERNAL_CATCH_TESTCASE'
   89 |         INTERNAL_CATCH_TESTCASE2( INTERNAL_CATCH_UNIQUE_NAME( CATCH2_INTERNAL_TEST_ ), __VA_ARGS__ )
      |         ^
/Users/swayamsingal/Desktop/Programming/Kairo/build/dev-clang/_deps/catch2-src/src/catch2/../catch2/internal/catch_test_registry.hpp:85:41: note: expanded from macro 'INTERNAL_CATCH_TESTCASE2'
   85 |         namespace{ const Catch::AutoReg INTERNAL_CATCH_UNIQUE_NAME( autoRegistrar )( Catch::makeTestInvoker( &TestName ), CATCH_INTERNAL_LINEINFO, Catch::StringRef(), Catch::NameAndTags{ __VA_ARGS__ } ); } /* NOLINT */ \
      |                                         ^
/Users/swayamsingal/Desktop/Programming/Kairo/build/dev-clang/_deps/catch2-src/src/catch2/../catch2/internal/catch_unique_name.hpp:15:85: note: expanded from macro 'INTERNAL_CATCH_UNIQUE_NAME'
   15 | #  define INTERNAL_CATCH_UNIQUE_NAME( name ) INTERNAL_CATCH_UNIQUE_NAME_LINE( name, __COUNTER__ )
      |                                                                                     ^
/Users/swayamsingal/Desktop/Programming/Kairo/KairoEngineCore/tests/EngineCoreTests.cpp:521:72: warning: missing field 'AdditionalMaterialSlots' initializer [-Wmissing-field-initializers]
  521 |     MeshRendererComponent mesh{ { MeshAsset }, { MaterialAsset }, true };
      |                                                                        ^
/Users/swayamsingal/Desktop/Programming/Kairo/KairoEngineCore/tests/EngineCoreTests.cpp:531:1: warning: '__COUNTER__' is a C2y extension [-Wc2y-extensions]
  531 | TEST_CASE("Scene owns optional authored components and stable render extraction", "[KairoEngineCore][Scene][Components]")
      | ^
/Users/swayamsingal/Desktop/Programming/Kairo/build/dev-clang/_deps/catch2-src/src/catch2/../catch2/catch_test_macros.hpp:142:28: note: expanded from macro 'TEST_CASE'
  142 |   #define TEST_CASE( ... ) INTERNAL_CATCH_TESTCASE( __VA_ARGS__ )
      |                            ^
/Users/swayamsingal/Desktop/Programming/Kairo/build/dev-clang/_deps/catch2-src/src/catch2/../catch2/internal/catch_test_registry.hpp:89:35: note: expanded from macro 'INTERNAL_CATCH_TESTCASE'
   89 |         INTERNAL_CATCH_TESTCASE2( INTERNAL_CATCH_UNIQUE_NAME( CATCH2_INTERNAL_TEST_ ), __VA_ARGS__ )
      |                                   ^
/Users/swayamsingal/Desktop/Programming/Kairo/build/dev-clang/_deps/catch2-src/src/catch2/../catch2/internal/catch_unique_name.hpp:15:85: note: expanded from macro 'INTERNAL_CATCH_UNIQUE_NAME'
   15 | #  define INTERNAL_CATCH_UNIQUE_NAME( name ) INTERNAL_CATCH_UNIQUE_NAME_LINE( name, __COUNTER__ )
      |                                                                                     ^
/Users/swayamsingal/Desktop/Programming/Kairo/KairoEngineCore/tests/EngineCoreTests.cpp:531:1: warning: '__COUNTER__' is a C2y extension [-Wc2y-extensions]
/Users/swayamsingal/Desktop/Programming/Kairo/build/dev-clang/_deps/catch2-src/src/catch2/../catch2/catch_test_macros.hpp:142:28: note: expanded from macro 'TEST_CASE'
  142 |   #define TEST_CASE( ... ) INTERNAL_CATCH_TESTCASE( __VA_ARGS__ )
      |                            ^
/Users/swayamsingal/Desktop/Programming/Kairo/build/dev-clang/_deps/catch2-src/src/catch2/../catch2/internal/catch_test_registry.hpp:89:9: note: expanded from macro 'INTERNAL_CATCH_TESTCASE'
   89 |         INTERNAL_CATCH_TESTCASE2( INTERNAL_CATCH_UNIQUE_NAME( CATCH2_INTERNAL_TEST_ ), __VA_ARGS__ )
      |         ^
/Users/swayamsingal/Desktop/Programming/Kairo/build/dev-clang/_deps/catch2-src/src/catch2/../catch2/internal/catch_test_registry.hpp:85:41: note: expanded from macro 'INTERNAL_CATCH_TESTCASE2'
   85 |         namespace{ const Catch::AutoReg INTERNAL_CATCH_UNIQUE_NAME( autoRegistrar )( Catch::makeTestInvoker( &TestName ), CATCH_INTERNAL_LINEINFO, Catch::StringRef(), Catch::NameAndTags{ __VA_ARGS__ } ); } /* NOLINT */ \
      |                                         ^
/Users/swayamsingal/Desktop/Programming/Kairo/build/dev-clang/_deps/catch2-src/src/catch2/../catch2/internal/catch_unique_name.hpp:15:85: note: expanded from macro 'INTERNAL_CATCH_UNIQUE_NAME'
   15 | #  define INTERNAL_CATCH_UNIQUE_NAME( name ) INTERNAL_CATCH_UNIQUE_NAME_LINE( name, __COUNTER__ )
      |                                                                                     ^
/Users/swayamsingal/Desktop/Programming/Kairo/KairoEngineCore/tests/EngineCoreTests.cpp:538:77: warning: missing field 'AdditionalMaterialSlots' initializer [-Wmissing-field-initializers]
  538 |     scene.SetMeshRenderer(hidden, { { MeshAsset }, { MaterialAsset }, false });
      |                                                                             ^
/Users/swayamsingal/Desktop/Programming/Kairo/KairoEngineCore/tests/EngineCoreTests.cpp:539:77: warning: missing field 'AdditionalMaterialSlots' initializer [-Wmissing-field-initializers]
  539 |     scene.SetMeshRenderer(visible, { { MeshAsset }, { MaterialAsset }, true });
      |                                                                             ^
/Users/swayamsingal/Desktop/Programming/Kairo/KairoEngineCore/tests/EngineCoreTests.cpp:552:60: warning: missing field 'AdditionalMaterialSlots' initializer [-Wmissing-field-initializers]
  552 |     MeshRendererComponent invalid{ { MeshAsset }, {}, true };
      |                                                            ^
/Users/swayamsingal/Desktop/Programming/Kairo/KairoEngineCore/tests/EngineCoreTests.cpp:571:1: warning: '__COUNTER__' is a C2y extension [-Wc2y-extensions]
  571 | TEST_CASE("Logger preserves ordering and bounded diagnostic history", "[KairoEngineCore][Logger]")
      | ^
/Users/swayamsingal/Desktop/Programming/Kairo/build/dev-clang/_deps/catch2-src/src/catch2/../catch2/catch_test_macros.hpp:142:28: note: expanded from macro 'TEST_CASE'
  142 |   #define TEST_CASE( ... ) INTERNAL_CATCH_TESTCASE( __VA_ARGS__ )
      |                            ^
/Users/swayamsingal/Desktop/Programming/Kairo/build/dev-clang/_deps/catch2-src/src/catch2/../catch2/internal/catch_test_registry.hpp:89:35: note: expanded from macro 'INTERNAL_CATCH_TESTCASE'
   89 |         INTERNAL_CATCH_TESTCASE2( INTERNAL_CATCH_UNIQUE_NAME( CATCH2_INTERNAL_TEST_ ), __VA_ARGS__ )
      |                                   ^
/Users/swayamsingal/Desktop/Programming/Kairo/build/dev-clang/_deps/catch2-src/src/catch2/../catch2/internal/catch_unique_name.hpp:15:85: note: expanded from macro 'INTERNAL_CATCH_UNIQUE_NAME'
   15 | #  define INTERNAL_CATCH_UNIQUE_NAME( name ) INTERNAL_CATCH_UNIQUE_NAME_LINE( name, __COUNTER__ )
      |                                                                                     ^
/Users/swayamsingal/Desktop/Programming/Kairo/KairoEngineCore/tests/EngineCoreTests.cpp:571:1: warning: '__COUNTER__' is a C2y extension [-Wc2y-extensions]
/Users/swayamsingal/Desktop/Programming/Kairo/build/dev-clang/_deps/catch2-src/src/catch2/../catch2/catch_test_macros.hpp:142:28: note: expanded from macro 'TEST_CASE'
  142 |   #define TEST_CASE( ... ) INTERNAL_CATCH_TESTCASE( __VA_ARGS__ )
      |                            ^
/Users/swayamsingal/Desktop/Programming/Kairo/build/dev-clang/_deps/catch2-src/src/catch2/../catch2/internal/catch_test_registry.hpp:89:9: note: expanded from macro 'INTERNAL_CATCH_TESTCASE'
   89 |         INTERNAL_CATCH_TESTCASE2( INTERNAL_CATCH_UNIQUE_NAME( CATCH2_INTERNAL_TEST_ ), __VA_ARGS__ )
      |         ^
/Users/swayamsingal/Desktop/Programming/Kairo/build/dev-clang/_deps/catch2-src/src/catch2/../catch2/internal/catch_test_registry.hpp:85:41: note: expanded from macro 'INTERNAL_CATCH_TESTCASE2'
   85 |         namespace{ const Catch::AutoReg INTERNAL_CATCH_UNIQUE_NAME( autoRegistrar )( Catch::makeTestInvoker( &TestName ), CATCH_INTERNAL_LINEINFO, Catch::StringRef(), Catch::NameAndTags{ __VA_ARGS__ } ); } /* NOLINT */ \
      |                                         ^
/Users/swayamsingal/Desktop/Programming/Kairo/build/dev-clang/_deps/catch2-src/src/catch2/../catch2/internal/catch_unique_name.hpp:15:85: note: expanded from macro 'INTERNAL_CATCH_UNIQUE_NAME'
   15 | #  define INTERNAL_CATCH_UNIQUE_NAME( name ) INTERNAL_CATCH_UNIQUE_NAME_LINE( name, __COUNTER__ )
      |                                                                                     ^
/Users/swayamsingal/Desktop/Programming/Kairo/KairoEngineCore/tests/EngineCoreTests.cpp:586:1: warning: '__COUNTER__' is a C2y extension [-Wc2y-extensions]
  586 | TEST_CASE("Core diagnostics provides stable cross-system channels", "[KairoEngineCore][Diagnostics]")
      | ^
/Users/swayamsingal/Desktop/Programming/Kairo/build/dev-clang/_deps/catch2-src/src/catch2/../catch2/catch_test_macros.hpp:142:28: note: expanded from macro 'TEST_CASE'
  142 |   #define TEST_CASE( ... ) INTERNAL_CATCH_TESTCASE( __VA_ARGS__ )
      |                            ^
/Users/swayamsingal/Desktop/Programming/Kairo/build/dev-clang/_deps/catch2-src/src/catch2/../catch2/internal/catch_test_registry.hpp:89:35: note: expanded from macro 'INTERNAL_CATCH_TESTCASE'
   89 |         INTERNAL_CATCH_TESTCASE2( INTERNAL_CATCH_UNIQUE_NAME( CATCH2_INTERNAL_TEST_ ), __VA_ARGS__ )
      |                                   ^
/Users/swayamsingal/Desktop/Programming/Kairo/build/dev-clang/_deps/catch2-src/src/catch2/../catch2/internal/catch_unique_name.hpp:15:85: note: expanded from macro 'INTERNAL_CATCH_UNIQUE_NAME'
   15 | #  define INTERNAL_CATCH_UNIQUE_NAME( name ) INTERNAL_CATCH_UNIQUE_NAME_LINE( name, __COUNTER__ )
      |                                                                                     ^
/Users/swayamsingal/Desktop/Programming/Kairo/KairoEngineCore/tests/EngineCoreTests.cpp:586:1: warning: '__COUNTER__' is a C2y extension [-Wc2y-extensions]
/Users/swayamsingal/Desktop/Programming/Kairo/build/dev-clang/_deps/catch2-src/src/catch2/../catch2/catch_test_macros.hpp:142:28: note: expanded from macro 'TEST_CASE'
  142 |   #define TEST_CASE( ... ) INTERNAL_CATCH_TESTCASE( __VA_ARGS__ )
      |                            ^
/Users/swayamsingal/Desktop/Programming/Kairo/build/dev-clang/_deps/catch2-src/src/catch2/../catch2/internal/catch_test_registry.hpp:89:9: note: expanded from macro 'INTERNAL_CATCH_TESTCASE'
   89 |         INTERNAL_CATCH_TESTCASE2( INTERNAL_CATCH_UNIQUE_NAME( CATCH2_INTERNAL_TEST_ ), __VA_ARGS__ )
      |         ^
/Users/swayamsingal/Desktop/Programming/Kairo/build/dev-clang/_deps/catch2-src/src/catch2/../catch2/internal/catch_test_registry.hpp:85:41: note: expanded from macro 'INTERNAL_CATCH_TESTCASE2'
   85 |         namespace{ const Catch::AutoReg INTERNAL_CATCH_UNIQUE_NAME( autoRegistrar )( Catch::makeTestInvoker( &TestName ), CATCH_INTERNAL_LINEINFO, Catch::StringRef(), Catch::NameAndTags{ __VA_ARGS__ } ); } /* NOLINT */ \
      |                                         ^
/Users/swayamsingal/Desktop/Programming/Kairo/build/dev-clang/_deps/catch2-src/src/catch2/../catch2/internal/catch_unique_name.hpp:15:85: note: expanded from macro 'INTERNAL_CATCH_UNIQUE_NAME'
   15 | #  define INTERNAL_CATCH_UNIQUE_NAME( name ) INTERNAL_CATCH_UNIQUE_NAME_LINE( name, __COUNTER__ )
      |                                                                                     ^
/Users/swayamsingal/Desktop/Programming/Kairo/KairoEngineCore/tests/EngineCoreTests.cpp:607:1: warning: '__COUNTER__' is a C2y extension [-Wc2y-extensions]
  607 | TEST_CASE("EngineCore registers inspector-ready reflection metadata", "[KairoEngineCore][Reflection]")
      | ^
/Users/swayamsingal/Desktop/Programming/Kairo/build/dev-clang/_deps/catch2-src/src/catch2/../catch2/catch_test_macros.hpp:142:28: note: expanded from macro 'TEST_CASE'
  142 |   #define TEST_CASE( ... ) INTERNAL_CATCH_TESTCASE( __VA_ARGS__ )
      |                            ^
/Users/swayamsingal/Desktop/Programming/Kairo/build/dev-clang/_deps/catch2-src/src/catch2/../catch2/internal/catch_test_registry.hpp:89:35: note: expanded from macro 'INTERNAL_CATCH_TESTCASE'
   89 |         INTERNAL_CATCH_TESTCASE2( INTERNAL_CATCH_UNIQUE_NAME( CATCH2_INTERNAL_TEST_ ), __VA_ARGS__ )
      |                                   ^
/Users/swayamsingal/Desktop/Programming/Kairo/build/dev-clang/_deps/catch2-src/src/catch2/../catch2/internal/catch_unique_name.hpp:15:85: note: expanded from macro 'INTERNAL_CATCH_UNIQUE_NAME'
   15 | #  define INTERNAL_CATCH_UNIQUE_NAME( name ) INTERNAL_CATCH_UNIQUE_NAME_LINE( name, __COUNTER__ )
      |                                                                                     ^
/Users/swayamsingal/Desktop/Programming/Kairo/KairoEngineCore/tests/EngineCoreTests.cpp:607:1: warning: '__COUNTER__' is a C2y extension [-Wc2y-extensions]
/Users/swayamsingal/Desktop/Programming/Kairo/build/dev-clang/_deps/catch2-src/src/catch2/../catch2/catch_test_macros.hpp:142:28: note: expanded from macro 'TEST_CASE'
  142 |   #define TEST_CASE( ... ) INTERNAL_CATCH_TESTCASE( __VA_ARGS__ )
      |                            ^
/Users/swayamsingal/Desktop/Programming/Kairo/build/dev-clang/_deps/catch2-src/src/catch2/../catch2/internal/catch_test_registry.hpp:89:9: note: expanded from macro 'INTERNAL_CATCH_TESTCASE'
   89 |         INTERNAL_CATCH_TESTCASE2( INTERNAL_CATCH_UNIQUE_NAME( CATCH2_INTERNAL_TEST_ ), __VA_ARGS__ )
      |         ^
/Users/swayamsingal/Desktop/Programming/Kairo/build/dev-clang/_deps/catch2-src/src/catch2/../catch2/internal/catch_test_registry.hpp:85:41: note: expanded from macro 'INTERNAL_CATCH_TESTCASE2'
   85 |         namespace{ const Catch::AutoReg INTERNAL_CATCH_UNIQUE_NAME( autoRegistrar )( Catch::makeTestInvoker( &TestName ), CATCH_INTERNAL_LINEINFO, Catch::StringRef(), Catch::NameAndTags{ __VA_ARGS__ } ); } /* NOLINT */ \
      |                                         ^
/Users/swayamsingal/Desktop/Programming/Kairo/build/dev-clang/_deps/catch2-src/src/catch2/../catch2/internal/catch_unique_name.hpp:15:85: note: expanded from macro 'INTERNAL_CATCH_UNIQUE_NAME'
   15 | #  define INTERNAL_CATCH_UNIQUE_NAME( name ) INTERNAL_CATCH_UNIQUE_NAME_LINE( name, __COUNTER__ )
      |                                                                                     ^
/Users/swayamsingal/Desktop/Programming/Kairo/KairoEngineCore/tests/EngineCoreTests.cpp:633:1: warning: '__COUNTER__' is a C2y extension [-Wc2y-extensions]
  633 | TEST_CASE("EngineCore resolves scene components for reflection without retaining storage pointers",
      | ^
/Users/swayamsingal/Desktop/Programming/Kairo/build/dev-clang/_deps/catch2-src/src/catch2/../catch2/catch_test_macros.hpp:142:28: note: expanded from macro 'TEST_CASE'
  142 |   #define TEST_CASE( ... ) INTERNAL_CATCH_TESTCASE( __VA_ARGS__ )
      |                            ^
/Users/swayamsingal/Desktop/Programming/Kairo/build/dev-clang/_deps/catch2-src/src/catch2/../catch2/internal/catch_test_registry.hpp:89:35: note: expanded from macro 'INTERNAL_CATCH_TESTCASE'
   89 |         INTERNAL_CATCH_TESTCASE2( INTERNAL_CATCH_UNIQUE_NAME( CATCH2_INTERNAL_TEST_ ), __VA_ARGS__ )
      |                                   ^
/Users/swayamsingal/Desktop/Programming/Kairo/build/dev-clang/_deps/catch2-src/src/catch2/../catch2/internal/catch_unique_name.hpp:15:85: note: expanded from macro 'INTERNAL_CATCH_UNIQUE_NAME'
   15 | #  define INTERNAL_CATCH_UNIQUE_NAME( name ) INTERNAL_CATCH_UNIQUE_NAME_LINE( name, __COUNTER__ )
      |                                                                                     ^
/Users/swayamsingal/Desktop/Programming/Kairo/KairoEngineCore/tests/EngineCoreTests.cpp:633:1: warning: '__COUNTER__' is a C2y extension [-Wc2y-extensions]
/Users/swayamsingal/Desktop/Programming/Kairo/build/dev-clang/_deps/catch2-src/src/catch2/../catch2/catch_test_macros.hpp:142:28: note: expanded from macro 'TEST_CASE'
  142 |   #define TEST_CASE( ... ) INTERNAL_CATCH_TESTCASE( __VA_ARGS__ )
      |                            ^
/Users/swayamsingal/Desktop/Programming/Kairo/build/dev-clang/_deps/catch2-src/src/catch2/../catch2/internal/catch_test_registry.hpp:89:9: note: expanded from macro 'INTERNAL_CATCH_TESTCASE'
   89 |         INTERNAL_CATCH_TESTCASE2( INTERNAL_CATCH_UNIQUE_NAME( CATCH2_INTERNAL_TEST_ ), __VA_ARGS__ )
      |         ^
/Users/swayamsingal/Desktop/Programming/Kairo/build/dev-clang/_deps/catch2-src/src/catch2/../catch2/internal/catch_test_registry.hpp:85:41: note: expanded from macro 'INTERNAL_CATCH_TESTCASE2'
   85 |         namespace{ const Catch::AutoReg INTERNAL_CATCH_UNIQUE_NAME( autoRegistrar )( Catch::makeTestInvoker( &TestName ), CATCH_INTERNAL_LINEINFO, Catch::StringRef(), Catch::NameAndTags{ __VA_ARGS__ } ); } /* NOLINT */ \
      |                                         ^
/Users/swayamsingal/Desktop/Programming/Kairo/build/dev-clang/_deps/catch2-src/src/catch2/../catch2/internal/catch_unique_name.hpp:15:85: note: expanded from macro 'INTERNAL_CATCH_UNIQUE_NAME'
   15 | #  define INTERNAL_CATCH_UNIQUE_NAME( name ) INTERNAL_CATCH_UNIQUE_NAME_LINE( name, __COUNTER__ )
      |                                                                                     ^
/Users/swayamsingal/Desktop/Programming/Kairo/KairoEngineCore/tests/EngineCoreTests.cpp:656:1: warning: '__COUNTER__' is a C2y extension [-Wc2y-extensions]
  656 | TEST_CASE("Job system completes queued work and propagates task results", "[KairoEngineCore][Jobs]")
      | ^
/Users/swayamsingal/Desktop/Programming/Kairo/build/dev-clang/_deps/catch2-src/src/catch2/../catch2/catch_test_macros.hpp:142:28: note: expanded from macro 'TEST_CASE'
  142 |   #define TEST_CASE( ... ) INTERNAL_CATCH_TESTCASE( __VA_ARGS__ )
      |                            ^
/Users/swayamsingal/Desktop/Programming/Kairo/build/dev-clang/_deps/catch2-src/src/catch2/../catch2/internal/catch_test_registry.hpp:89:35: note: expanded from macro 'INTERNAL_CATCH_TESTCASE'
   89 |         INTERNAL_CATCH_TESTCASE2( INTERNAL_CATCH_UNIQUE_NAME( CATCH2_INTERNAL_TEST_ ), __VA_ARGS__ )
      |                                   ^
/Users/swayamsingal/Desktop/Programming/Kairo/build/dev-clang/_deps/catch2-src/src/catch2/../catch2/internal/catch_unique_name.hpp:15:85: note: expanded from macro 'INTERNAL_CATCH_UNIQUE_NAME'
   15 | #  define INTERNAL_CATCH_UNIQUE_NAME( name ) INTERNAL_CATCH_UNIQUE_NAME_LINE( name, __COUNTER__ )
      |                                                                                     ^
/Users/swayamsingal/Desktop/Programming/Kairo/KairoEngineCore/tests/EngineCoreTests.cpp:656:1: warning: '__COUNTER__' is a C2y extension [-Wc2y-extensions]
/Users/swayamsingal/Desktop/Programming/Kairo/build/dev-clang/_deps/catch2-src/src/catch2/../catch2/catch_test_macros.hpp:142:28: note: expanded from macro 'TEST_CASE'
  142 |   #define TEST_CASE( ... ) INTERNAL_CATCH_TESTCASE( __VA_ARGS__ )
      |                            ^
/Users/swayamsingal/Desktop/Programming/Kairo/build/dev-clang/_deps/catch2-src/src/catch2/../catch2/internal/catch_test_registry.hpp:89:9: note: expanded from macro 'INTERNAL_CATCH_TESTCASE'
   89 |         INTERNAL_CATCH_TESTCASE2( INTERNAL_CATCH_UNIQUE_NAME( CATCH2_INTERNAL_TEST_ ), __VA_ARGS__ )
      |         ^
/Users/swayamsingal/Desktop/Programming/Kairo/build/dev-clang/_deps/catch2-src/src/catch2/../catch2/internal/catch_test_registry.hpp:85:41: note: expanded from macro 'INTERNAL_CATCH_TESTCASE2'
   85 |         namespace{ const Catch::AutoReg INTERNAL_CATCH_UNIQUE_NAME( autoRegistrar )( Catch::makeTestInvoker( &TestName ), CATCH_INTERNAL_LINEINFO, Catch::StringRef(), Catch::NameAndTags{ __VA_ARGS__ } ); } /* NOLINT */ \
      |                                         ^
/Users/swayamsingal/Desktop/Programming/Kairo/build/dev-clang/_deps/catch2-src/src/catch2/../catch2/internal/catch_unique_name.hpp:15:85: note: expanded from macro 'INTERNAL_CATCH_UNIQUE_NAME'
   15 | #  define INTERNAL_CATCH_UNIQUE_NAME( name ) INTERNAL_CATCH_UNIQUE_NAME_LINE( name, __COUNTER__ )
      |                                                                                     ^
47 warnings generated.
[827/942] Building CXX object KairoEngineCore/CMakeFiles/KairoEngineCoreTests.dir/tests/ProductionSystemsTests.cpp.o
/Users/swayamsingal/Desktop/Programming/Kairo/KairoEngineCore/tests/ProductionSystemsTests.cpp:7:1: warning: '__COUNTER__' is a C2y extension [-Wc2y-extensions]
    7 | TEST_CASE("Animation clips sample deterministic channels")
      | ^
/Users/swayamsingal/Desktop/Programming/Kairo/build/dev-clang/_deps/catch2-src/src/catch2/../catch2/catch_test_macros.hpp:142:28: note: expanded from macro 'TEST_CASE'
  142 |   #define TEST_CASE( ... ) INTERNAL_CATCH_TESTCASE( __VA_ARGS__ )
      |                            ^
/Users/swayamsingal/Desktop/Programming/Kairo/build/dev-clang/_deps/catch2-src/src/catch2/../catch2/internal/catch_test_registry.hpp:89:35: note: expanded from macro 'INTERNAL_CATCH_TESTCASE'
   89 |         INTERNAL_CATCH_TESTCASE2( INTERNAL_CATCH_UNIQUE_NAME( CATCH2_INTERNAL_TEST_ ), __VA_ARGS__ )
      |                                   ^
/Users/swayamsingal/Desktop/Programming/Kairo/build/dev-clang/_deps/catch2-src/src/catch2/../catch2/internal/catch_unique_name.hpp:15:85: note: expanded from macro 'INTERNAL_CATCH_UNIQUE_NAME'
   15 | #  define INTERNAL_CATCH_UNIQUE_NAME( name ) INTERNAL_CATCH_UNIQUE_NAME_LINE( name, __COUNTER__ )
      |                                                                                     ^
/Users/swayamsingal/Desktop/Programming/Kairo/KairoEngineCore/tests/ProductionSystemsTests.cpp:7:1: warning: '__COUNTER__' is a C2y extension [-Wc2y-extensions]
/Users/swayamsingal/Desktop/Programming/Kairo/build/dev-clang/_deps/catch2-src/src/catch2/../catch2/catch_test_macros.hpp:142:28: note: expanded from macro 'TEST_CASE'
  142 |   #define TEST_CASE( ... ) INTERNAL_CATCH_TESTCASE( __VA_ARGS__ )
      |                            ^
/Users/swayamsingal/Desktop/Programming/Kairo/build/dev-clang/_deps/catch2-src/src/catch2/../catch2/internal/catch_test_registry.hpp:89:9: note: expanded from macro 'INTERNAL_CATCH_TESTCASE'
   89 |         INTERNAL_CATCH_TESTCASE2( INTERNAL_CATCH_UNIQUE_NAME( CATCH2_INTERNAL_TEST_ ), __VA_ARGS__ )
      |         ^
/Users/swayamsingal/Desktop/Programming/Kairo/build/dev-clang/_deps/catch2-src/src/catch2/../catch2/internal/catch_test_registry.hpp:85:41: note: expanded from macro 'INTERNAL_CATCH_TESTCASE2'
   85 |         namespace{ const Catch::AutoReg INTERNAL_CATCH_UNIQUE_NAME( autoRegistrar )( Catch::makeTestInvoker( &TestName ), CATCH_INTERNAL_LINEINFO, Catch::StringRef(), Catch::NameAndTags{ __VA_ARGS__ } ); } /* NOLINT */ \
      |                                         ^
/Users/swayamsingal/Desktop/Programming/Kairo/build/dev-clang/_deps/catch2-src/src/catch2/../catch2/internal/catch_unique_name.hpp:15:85: note: expanded from macro 'INTERNAL_CATCH_UNIQUE_NAME'
   15 | #  define INTERNAL_CATCH_UNIQUE_NAME( name ) INTERNAL_CATCH_UNIQUE_NAME_LINE( name, __COUNTER__ )
      |                                                                                     ^
/Users/swayamsingal/Desktop/Programming/Kairo/KairoEngineCore/tests/ProductionSystemsTests.cpp:19:1: warning: '__COUNTER__' is a C2y extension [-Wc2y-extensions]
   19 | TEST_CASE("Terrain sculpt and foliage scattering are deterministic")
      | ^
/Users/swayamsingal/Desktop/Programming/Kairo/build/dev-clang/_deps/catch2-src/src/catch2/../catch2/catch_test_macros.hpp:142:28: note: expanded from macro 'TEST_CASE'
  142 |   #define TEST_CASE( ... ) INTERNAL_CATCH_TESTCASE( __VA_ARGS__ )
      |                            ^
/Users/swayamsingal/Desktop/Programming/Kairo/build/dev-clang/_deps/catch2-src/src/catch2/../catch2/internal/catch_test_registry.hpp:89:35: note: expanded from macro 'INTERNAL_CATCH_TESTCASE'
   89 |         INTERNAL_CATCH_TESTCASE2( INTERNAL_CATCH_UNIQUE_NAME( CATCH2_INTERNAL_TEST_ ), __VA_ARGS__ )
      |                                   ^
/Users/swayamsingal/Desktop/Programming/Kairo/build/dev-clang/_deps/catch2-src/src/catch2/../catch2/internal/catch_unique_name.hpp:15:85: note: expanded from macro 'INTERNAL_CATCH_UNIQUE_NAME'
   15 | #  define INTERNAL_CATCH_UNIQUE_NAME( name ) INTERNAL_CATCH_UNIQUE_NAME_LINE( name, __COUNTER__ )
      |                                                                                     ^
/Users/swayamsingal/Desktop/Programming/Kairo/KairoEngineCore/tests/ProductionSystemsTests.cpp:19:1: warning: '__COUNTER__' is a C2y extension [-Wc2y-extensions]
/Users/swayamsingal/Desktop/Programming/Kairo/build/dev-clang/_deps/catch2-src/src/catch2/../catch2/catch_test_macros.hpp:142:28: note: expanded from macro 'TEST_CASE'
  142 |   #define TEST_CASE( ... ) INTERNAL_CATCH_TESTCASE( __VA_ARGS__ )
      |                            ^
/Users/swayamsingal/Desktop/Programming/Kairo/build/dev-clang/_deps/catch2-src/src/catch2/../catch2/internal/catch_test_registry.hpp:89:9: note: expanded from macro 'INTERNAL_CATCH_TESTCASE'
   89 |         INTERNAL_CATCH_TESTCASE2( INTERNAL_CATCH_UNIQUE_NAME( CATCH2_INTERNAL_TEST_ ), __VA_ARGS__ )
      |         ^
/Users/swayamsingal/Desktop/Programming/Kairo/build/dev-clang/_deps/catch2-src/src/catch2/../catch2/internal/catch_test_registry.hpp:85:41: note: expanded from macro 'INTERNAL_CATCH_TESTCASE2'
   85 |         namespace{ const Catch::AutoReg INTERNAL_CATCH_UNIQUE_NAME( autoRegistrar )( Catch::makeTestInvoker( &TestName ), CATCH_INTERNAL_LINEINFO, Catch::StringRef(), Catch::NameAndTags{ __VA_ARGS__ } ); } /* NOLINT */ \
      |                                         ^
/Users/swayamsingal/Desktop/Programming/Kairo/build/dev-clang/_deps/catch2-src/src/catch2/../catch2/internal/catch_unique_name.hpp:15:85: note: expanded from macro 'INTERNAL_CATCH_UNIQUE_NAME'
   15 | #  define INTERNAL_CATCH_UNIQUE_NAME( name ) INTERNAL_CATCH_UNIQUE_NAME_LINE( name, __COUNTER__ )
      |                                                                                     ^
/Users/swayamsingal/Desktop/Programming/Kairo/KairoEngineCore/tests/ProductionSystemsTests.cpp:32:1: warning: '__COUNTER__' is a C2y extension [-Wc2y-extensions]
   32 | TEST_CASE("Particle cloth fluid and streaming systems advance bounded state")
      | ^
/Users/swayamsingal/Desktop/Programming/Kairo/build/dev-clang/_deps/catch2-src/src/catch2/../catch2/catch_test_macros.hpp:142:28: note: expanded from macro 'TEST_CASE'
  142 |   #define TEST_CASE( ... ) INTERNAL_CATCH_TESTCASE( __VA_ARGS__ )
      |                            ^
/Users/swayamsingal/Desktop/Programming/Kairo/build/dev-clang/_deps/catch2-src/src/catch2/../catch2/internal/catch_test_registry.hpp:89:35: note: expanded from macro 'INTERNAL_CATCH_TESTCASE'
   89 |         INTERNAL_CATCH_TESTCASE2( INTERNAL_CATCH_UNIQUE_NAME( CATCH2_INTERNAL_TEST_ ), __VA_ARGS__ )
      |                                   ^
/Users/swayamsingal/Desktop/Programming/Kairo/build/dev-clang/_deps/catch2-src/src/catch2/../catch2/internal/catch_unique_name.hpp:15:85: note: expanded from macro 'INTERNAL_CATCH_UNIQUE_NAME'
   15 | #  define INTERNAL_CATCH_UNIQUE_NAME( name ) INTERNAL_CATCH_UNIQUE_NAME_LINE( name, __COUNTER__ )
      |                                                                                     ^
/Users/swayamsingal/Desktop/Programming/Kairo/KairoEngineCore/tests/ProductionSystemsTests.cpp:32:1: warning: '__COUNTER__' is a C2y extension [-Wc2y-extensions]
/Users/swayamsingal/Desktop/Programming/Kairo/build/dev-clang/_deps/catch2-src/src/catch2/../catch2/catch_test_macros.hpp:142:28: note: expanded from macro 'TEST_CASE'
  142 |   #define TEST_CASE( ... ) INTERNAL_CATCH_TESTCASE( __VA_ARGS__ )
      |                            ^
/Users/swayamsingal/Desktop/Programming/Kairo/build/dev-clang/_deps/catch2-src/src/catch2/../catch2/internal/catch_test_registry.hpp:89:9: note: expanded from macro 'INTERNAL_CATCH_TESTCASE'
   89 |         INTERNAL_CATCH_TESTCASE2( INTERNAL_CATCH_UNIQUE_NAME( CATCH2_INTERNAL_TEST_ ), __VA_ARGS__ )
      |         ^
/Users/swayamsingal/Desktop/Programming/Kairo/build/dev-clang/_deps/catch2-src/src/catch2/../catch2/internal/catch_test_registry.hpp:85:41: note: expanded from macro 'INTERNAL_CATCH_TESTCASE2'
   85 |         namespace{ const Catch::AutoReg INTERNAL_CATCH_UNIQUE_NAME( autoRegistrar )( Catch::makeTestInvoker( &TestName ), CATCH_INTERNAL_LINEINFO, Catch::StringRef(), Catch::NameAndTags{ __VA_ARGS__ } ); } /* NOLINT */ \
      |                                         ^
/Users/swayamsingal/Desktop/Programming/Kairo/build/dev-clang/_deps/catch2-src/src/catch2/../catch2/internal/catch_unique_name.hpp:15:85: note: expanded from macro 'INTERNAL_CATCH_UNIQUE_NAME'
   15 | #  define INTERNAL_CATCH_UNIQUE_NAME( name ) INTERNAL_CATCH_UNIQUE_NAME_LINE( name, __COUNTER__ )
      |                                                                                     ^
6 warnings generated.
[828/942] Building CXX object Runtime/KairoPlayer/CMakeFiles/KairoPlayerRuntime.dir/RuntimeProject.cppm.o
[829/942] Building CXX object KairoEngineCore/CMakeFiles/KairoEngineCoreTests.dir/tests/NativeGameplayTests.cpp.o
/Users/swayamsingal/Desktop/Programming/Kairo/KairoEngineCore/tests/NativeGameplayTests.cpp:39:1: warning: '__COUNTER__' is a C2y extension [-Wc2y-extensions]
   39 | TEST_CASE("Native gameplay registry reflects properties and drives lifecycle")
      | ^
/Users/swayamsingal/Desktop/Programming/Kairo/build/dev-clang/_deps/catch2-src/src/catch2/../catch2/catch_test_macros.hpp:142:28: note: expanded from macro 'TEST_CASE'
  142 |   #define TEST_CASE( ... ) INTERNAL_CATCH_TESTCASE( __VA_ARGS__ )
      |                            ^
/Users/swayamsingal/Desktop/Programming/Kairo/build/dev-clang/_deps/catch2-src/src/catch2/../catch2/internal/catch_test_registry.hpp:89:35: note: expanded from macro 'INTERNAL_CATCH_TESTCASE'
   89 |         INTERNAL_CATCH_TESTCASE2( INTERNAL_CATCH_UNIQUE_NAME( CATCH2_INTERNAL_TEST_ ), __VA_ARGS__ )
      |                                   ^
/Users/swayamsingal/Desktop/Programming/Kairo/build/dev-clang/_deps/catch2-src/src/catch2/../catch2/internal/catch_unique_name.hpp:15:85: note: expanded from macro 'INTERNAL_CATCH_UNIQUE_NAME'
   15 | #  define INTERNAL_CATCH_UNIQUE_NAME( name ) INTERNAL_CATCH_UNIQUE_NAME_LINE( name, __COUNTER__ )
      |                                                                                     ^
/Users/swayamsingal/Desktop/Programming/Kairo/KairoEngineCore/tests/NativeGameplayTests.cpp:39:1: warning: '__COUNTER__' is a C2y extension [-Wc2y-extensions]
/Users/swayamsingal/Desktop/Programming/Kairo/build/dev-clang/_deps/catch2-src/src/catch2/../catch2/catch_test_macros.hpp:142:28: note: expanded from macro 'TEST_CASE'
  142 |   #define TEST_CASE( ... ) INTERNAL_CATCH_TESTCASE( __VA_ARGS__ )
      |                            ^
/Users/swayamsingal/Desktop/Programming/Kairo/build/dev-clang/_deps/catch2-src/src/catch2/../catch2/internal/catch_test_registry.hpp:89:9: note: expanded from macro 'INTERNAL_CATCH_TESTCASE'
   89 |         INTERNAL_CATCH_TESTCASE2( INTERNAL_CATCH_UNIQUE_NAME( CATCH2_INTERNAL_TEST_ ), __VA_ARGS__ )
      |         ^
/Users/swayamsingal/Desktop/Programming/Kairo/build/dev-clang/_deps/catch2-src/src/catch2/../catch2/internal/catch_test_registry.hpp:85:41: note: expanded from macro 'INTERNAL_CATCH_TESTCASE2'
   85 |         namespace{ const Catch::AutoReg INTERNAL_CATCH_UNIQUE_NAME( autoRegistrar )( Catch::makeTestInvoker( &TestName ), CATCH_INTERNAL_LINEINFO, Catch::StringRef(), Catch::NameAndTags{ __VA_ARGS__ } ); } /* NOLINT */ \
      |                                         ^
/Users/swayamsingal/Desktop/Programming/Kairo/build/dev-clang/_deps/catch2-src/src/catch2/../catch2/internal/catch_unique_name.hpp:15:85: note: expanded from macro 'INTERNAL_CATCH_UNIQUE_NAME'
   15 | #  define INTERNAL_CATCH_UNIQUE_NAME( name ) INTERNAL_CATCH_UNIQUE_NAME_LINE( name, __COUNTER__ )
      |                                                                                     ^
/Users/swayamsingal/Desktop/Programming/Kairo/KairoEngineCore/tests/NativeGameplayTests.cpp:72:1: warning: '__COUNTER__' is a C2y extension [-Wc2y-extensions]
   72 | TEST_CASE("Native gameplay property type mismatches fail before play")
      | ^
/Users/swayamsingal/Desktop/Programming/Kairo/build/dev-clang/_deps/catch2-src/src/catch2/../catch2/catch_test_macros.hpp:142:28: note: expanded from macro 'TEST_CASE'
  142 |   #define TEST_CASE( ... ) INTERNAL_CATCH_TESTCASE( __VA_ARGS__ )
      |                            ^
/Users/swayamsingal/Desktop/Programming/Kairo/build/dev-clang/_deps/catch2-src/src/catch2/../catch2/internal/catch_test_registry.hpp:89:35: note: expanded from macro 'INTERNAL_CATCH_TESTCASE'
   89 |         INTERNAL_CATCH_TESTCASE2( INTERNAL_CATCH_UNIQUE_NAME( CATCH2_INTERNAL_TEST_ ), __VA_ARGS__ )
      |                                   ^
/Users/swayamsingal/Desktop/Programming/Kairo/build/dev-clang/_deps/catch2-src/src/catch2/../catch2/internal/catch_unique_name.hpp:15:85: note: expanded from macro 'INTERNAL_CATCH_UNIQUE_NAME'
   15 | #  define INTERNAL_CATCH_UNIQUE_NAME( name ) INTERNAL_CATCH_UNIQUE_NAME_LINE( name, __COUNTER__ )
      |                                                                                     ^
/Users/swayamsingal/Desktop/Programming/Kairo/KairoEngineCore/tests/NativeGameplayTests.cpp:72:1: warning: '__COUNTER__' is a C2y extension [-Wc2y-extensions]
/Users/swayamsingal/Desktop/Programming/Kairo/build/dev-clang/_deps/catch2-src/src/catch2/../catch2/catch_test_macros.hpp:142:28: note: expanded from macro 'TEST_CASE'
  142 |   #define TEST_CASE( ... ) INTERNAL_CATCH_TESTCASE( __VA_ARGS__ )
      |                            ^
/Users/swayamsingal/Desktop/Programming/Kairo/build/dev-clang/_deps/catch2-src/src/catch2/../catch2/internal/catch_test_registry.hpp:89:9: note: expanded from macro 'INTERNAL_CATCH_TESTCASE'
   89 |         INTERNAL_CATCH_TESTCASE2( INTERNAL_CATCH_UNIQUE_NAME( CATCH2_INTERNAL_TEST_ ), __VA_ARGS__ )
      |         ^
/Users/swayamsingal/Desktop/Programming/Kairo/build/dev-clang/_deps/catch2-src/src/catch2/../catch2/internal/catch_test_registry.hpp:85:41: note: expanded from macro 'INTERNAL_CATCH_TESTCASE2'
   85 |         namespace{ const Catch::AutoReg INTERNAL_CATCH_UNIQUE_NAME( autoRegistrar )( Catch::makeTestInvoker( &TestName ), CATCH_INTERNAL_LINEINFO, Catch::StringRef(), Catch::NameAndTags{ __VA_ARGS__ } ); } /* NOLINT */ \
      |                                         ^
/Users/swayamsingal/Desktop/Programming/Kairo/build/dev-clang/_deps/catch2-src/src/catch2/../catch2/internal/catch_unique_name.hpp:15:85: note: expanded from macro 'INTERNAL_CATCH_UNIQUE_NAME'
   15 | #  define INTERNAL_CATCH_UNIQUE_NAME( name ) INTERNAL_CATCH_UNIQUE_NAME_LINE( name, __COUNTER__ )
      |                                                                                     ^
/Users/swayamsingal/Desktop/Programming/Kairo/KairoEngineCore/tests/NativeGameplayTests.cpp:78:82: warning: missing field 'Minimum' initializer [-Wmissing-field-initializers]
   78 |     type.Properties.push_back({ "speed", NativeGameplayPropertyType::Number, 1.0 });
      |                                                                                  ^
5 warnings generated.
[830/942] Building CXX object KairoEngineCore/CMakeFiles/KairoEngineCoreTests.dir/tests/PlatformTests.cpp.o
/Users/swayamsingal/Desktop/Programming/Kairo/KairoEngineCore/tests/PlatformTests.cpp:6:1: warning: '__COUNTER__' is a C2y extension [-Wc2y-extensions]
    6 | TEST_CASE("Platform reports a supported host family")
      | ^
/Users/swayamsingal/Desktop/Programming/Kairo/build/dev-clang/_deps/catch2-src/src/catch2/../catch2/catch_test_macros.hpp:142:28: note: expanded from macro 'TEST_CASE'
  142 |   #define TEST_CASE( ... ) INTERNAL_CATCH_TESTCASE( __VA_ARGS__ )
      |                            ^
/Users/swayamsingal/Desktop/Programming/Kairo/build/dev-clang/_deps/catch2-src/src/catch2/../catch2/internal/catch_test_registry.hpp:89:35: note: expanded from macro 'INTERNAL_CATCH_TESTCASE'
   89 |         INTERNAL_CATCH_TESTCASE2( INTERNAL_CATCH_UNIQUE_NAME( CATCH2_INTERNAL_TEST_ ), __VA_ARGS__ )
      |                                   ^
/Users/swayamsingal/Desktop/Programming/Kairo/build/dev-clang/_deps/catch2-src/src/catch2/../catch2/internal/catch_unique_name.hpp:15:85: note: expanded from macro 'INTERNAL_CATCH_UNIQUE_NAME'
   15 | #  define INTERNAL_CATCH_UNIQUE_NAME( name ) INTERNAL_CATCH_UNIQUE_NAME_LINE( name, __COUNTER__ )
      |                                                                                     ^
/Users/swayamsingal/Desktop/Programming/Kairo/KairoEngineCore/tests/PlatformTests.cpp:6:1: warning: '__COUNTER__' is a C2y extension [-Wc2y-extensions]
/Users/swayamsingal/Desktop/Programming/Kairo/build/dev-clang/_deps/catch2-src/src/catch2/../catch2/catch_test_macros.hpp:142:28: note: expanded from macro 'TEST_CASE'
  142 |   #define TEST_CASE( ... ) INTERNAL_CATCH_TESTCASE( __VA_ARGS__ )
      |                            ^
/Users/swayamsingal/Desktop/Programming/Kairo/build/dev-clang/_deps/catch2-src/src/catch2/../catch2/internal/catch_test_registry.hpp:89:9: note: expanded from macro 'INTERNAL_CATCH_TESTCASE'
   89 |         INTERNAL_CATCH_TESTCASE2( INTERNAL_CATCH_UNIQUE_NAME( CATCH2_INTERNAL_TEST_ ), __VA_ARGS__ )
      |         ^
/Users/swayamsingal/Desktop/Programming/Kairo/build/dev-clang/_deps/catch2-src/src/catch2/../catch2/internal/catch_test_registry.hpp:85:41: note: expanded from macro 'INTERNAL_CATCH_TESTCASE2'
   85 |         namespace{ const Catch::AutoReg INTERNAL_CATCH_UNIQUE_NAME( autoRegistrar )( Catch::makeTestInvoker( &TestName ), CATCH_INTERNAL_LINEINFO, Catch::StringRef(), Catch::NameAndTags{ __VA_ARGS__ } ); } /* NOLINT */ \
      |                                         ^
/Users/swayamsingal/Desktop/Programming/Kairo/build/dev-clang/_deps/catch2-src/src/catch2/../catch2/internal/catch_unique_name.hpp:15:85: note: expanded from macro 'INTERNAL_CATCH_UNIQUE_NAME'
   15 | #  define INTERNAL_CATCH_UNIQUE_NAME( name ) INTERNAL_CATCH_UNIQUE_NAME_LINE( name, __COUNTER__ )
      |                                                                                     ^
/Users/swayamsingal/Desktop/Programming/Kairo/KairoEngineCore/tests/PlatformTests.cpp:12:1: warning: '__COUNTER__' is a C2y extension [-Wc2y-extensions]
   12 | TEST_CASE("Platform file replacement has one cross-platform contract")
      | ^
/Users/swayamsingal/Desktop/Programming/Kairo/build/dev-clang/_deps/catch2-src/src/catch2/../catch2/catch_test_macros.hpp:142:28: note: expanded from macro 'TEST_CASE'
  142 |   #define TEST_CASE( ... ) INTERNAL_CATCH_TESTCASE( __VA_ARGS__ )
      |                            ^
/Users/swayamsingal/Desktop/Programming/Kairo/build/dev-clang/_deps/catch2-src/src/catch2/../catch2/internal/catch_test_registry.hpp:89:35: note: expanded from macro 'INTERNAL_CATCH_TESTCASE'
   89 |         INTERNAL_CATCH_TESTCASE2( INTERNAL_CATCH_UNIQUE_NAME( CATCH2_INTERNAL_TEST_ ), __VA_ARGS__ )
      |                                   ^
/Users/swayamsingal/Desktop/Programming/Kairo/build/dev-clang/_deps/catch2-src/src/catch2/../catch2/internal/catch_unique_name.hpp:15:85: note: expanded from macro 'INTERNAL_CATCH_UNIQUE_NAME'
   15 | #  define INTERNAL_CATCH_UNIQUE_NAME( name ) INTERNAL_CATCH_UNIQUE_NAME_LINE( name, __COUNTER__ )
      |                                                                                     ^
/Users/swayamsingal/Desktop/Programming/Kairo/KairoEngineCore/tests/PlatformTests.cpp:12:1: warning: '__COUNTER__' is a C2y extension [-Wc2y-extensions]
/Users/swayamsingal/Desktop/Programming/Kairo/build/dev-clang/_deps/catch2-src/src/catch2/../catch2/catch_test_macros.hpp:142:28: note: expanded from macro 'TEST_CASE'
  142 |   #define TEST_CASE( ... ) INTERNAL_CATCH_TESTCASE( __VA_ARGS__ )
      |                            ^
/Users/swayamsingal/Desktop/Programming/Kairo/build/dev-clang/_deps/catch2-src/src/catch2/../catch2/internal/catch_test_registry.hpp:89:9: note: expanded from macro 'INTERNAL_CATCH_TESTCASE'
   89 |         INTERNAL_CATCH_TESTCASE2( INTERNAL_CATCH_UNIQUE_NAME( CATCH2_INTERNAL_TEST_ ), __VA_ARGS__ )
      |         ^
/Users/swayamsingal/Desktop/Programming/Kairo/build/dev-clang/_deps/catch2-src/src/catch2/../catch2/internal/catch_test_registry.hpp:85:41: note: expanded from macro 'INTERNAL_CATCH_TESTCASE2'
   85 |         namespace{ const Catch::AutoReg INTERNAL_CATCH_UNIQUE_NAME( autoRegistrar )( Catch::makeTestInvoker( &TestName ), CATCH_INTERNAL_LINEINFO, Catch::StringRef(), Catch::NameAndTags{ __VA_ARGS__ } ); } /* NOLINT */ \
      |                                         ^
/Users/swayamsingal/Desktop/Programming/Kairo/build/dev-clang/_deps/catch2-src/src/catch2/../catch2/internal/catch_unique_name.hpp:15:85: note: expanded from macro 'INTERNAL_CATCH_UNIQUE_NAME'
   15 | #  define INTERNAL_CATCH_UNIQUE_NAME( name ) INTERNAL_CATCH_UNIQUE_NAME_LINE( name, __COUNTER__ )
      |                                                                                     ^
4 warnings generated.
[831/942] Building CXX object KairoEngineCore/CMakeFiles/KairoEngineCoreTests.dir/tests/NativeGameplayManifestTests.cpp.o
/Users/swayamsingal/Desktop/Programming/Kairo/KairoEngineCore/tests/NativeGameplayManifestTests.cpp:29:68: warning: missing field 'Minimum' initializer [-Wmissing-field-initializers]
   29 |             { "enabled", NativeGameplayPropertyType::Boolean, true },
      |                                                                    ^
/Users/swayamsingal/Desktop/Programming/Kairo/KairoEngineCore/tests/NativeGameplayManifestTests.cpp:31:82: warning: missing field 'Minimum' initializer [-Wmissing-field-initializers]
   31 |             { "label", NativeGameplayPropertyType::String, std::string("player") },
      |                                                                                  ^
/Users/swayamsingal/Desktop/Programming/Kairo/KairoEngineCore/tests/NativeGameplayManifestTests.cpp:32:106: warning: missing field 'Minimum' initializer [-Wmissing-field-initializers]
   32 |             { "offset", NativeGameplayPropertyType::Vector3, kairo::foundation::math::Vec3d{0.0,0.0,0.0} },
      |                                                                                                          ^
/Users/swayamsingal/Desktop/Programming/Kairo/KairoEngineCore/tests/NativeGameplayManifestTests.cpp:33:79: warning: missing field 'Minimum' initializer [-Wmissing-field-initializers]
   33 |             { "target", NativeGameplayPropertyType::EntityReference, Entity{} }
      |                                                                               ^
/Users/swayamsingal/Desktop/Programming/Kairo/KairoEngineCore/tests/NativeGameplayManifestTests.cpp:40:1: warning: '__COUNTER__' is a C2y extension [-Wc2y-extensions]
   40 | TEST_CASE("native gameplay manifest round trips all reflected property types deterministically")
      | ^
/Users/swayamsingal/Desktop/Programming/Kairo/build/dev-clang/_deps/catch2-src/src/catch2/../catch2/catch_test_macros.hpp:142:28: note: expanded from macro 'TEST_CASE'
  142 |   #define TEST_CASE( ... ) INTERNAL_CATCH_TESTCASE( __VA_ARGS__ )
      |                            ^
/Users/swayamsingal/Desktop/Programming/Kairo/build/dev-clang/_deps/catch2-src/src/catch2/../catch2/internal/catch_test_registry.hpp:89:35: note: expanded from macro 'INTERNAL_CATCH_TESTCASE'
   89 |         INTERNAL_CATCH_TESTCASE2( INTERNAL_CATCH_UNIQUE_NAME( CATCH2_INTERNAL_TEST_ ), __VA_ARGS__ )
      |                                   ^
/Users/swayamsingal/Desktop/Programming/Kairo/build/dev-clang/_deps/catch2-src/src/catch2/../catch2/internal/catch_unique_name.hpp:15:85: note: expanded from macro 'INTERNAL_CATCH_UNIQUE_NAME'
   15 | #  define INTERNAL_CATCH_UNIQUE_NAME( name ) INTERNAL_CATCH_UNIQUE_NAME_LINE( name, __COUNTER__ )
      |                                                                                     ^
/Users/swayamsingal/Desktop/Programming/Kairo/KairoEngineCore/tests/NativeGameplayManifestTests.cpp:40:1: warning: '__COUNTER__' is a C2y extension [-Wc2y-extensions]
/Users/swayamsingal/Desktop/Programming/Kairo/build/dev-clang/_deps/catch2-src/src/catch2/../catch2/catch_test_macros.hpp:142:28: note: expanded from macro 'TEST_CASE'
  142 |   #define TEST_CASE( ... ) INTERNAL_CATCH_TESTCASE( __VA_ARGS__ )
      |                            ^
/Users/swayamsingal/Desktop/Programming/Kairo/build/dev-clang/_deps/catch2-src/src/catch2/../catch2/internal/catch_test_registry.hpp:89:9: note: expanded from macro 'INTERNAL_CATCH_TESTCASE'
   89 |         INTERNAL_CATCH_TESTCASE2( INTERNAL_CATCH_UNIQUE_NAME( CATCH2_INTERNAL_TEST_ ), __VA_ARGS__ )
      |         ^
/Users/swayamsingal/Desktop/Programming/Kairo/build/dev-clang/_deps/catch2-src/src/catch2/../catch2/internal/catch_test_registry.hpp:85:41: note: expanded from macro 'INTERNAL_CATCH_TESTCASE2'
   85 |         namespace{ const Catch::AutoReg INTERNAL_CATCH_UNIQUE_NAME( autoRegistrar )( Catch::makeTestInvoker( &TestName ), CATCH_INTERNAL_LINEINFO, Catch::StringRef(), Catch::NameAndTags{ __VA_ARGS__ } ); } /* NOLINT */ \
      |                                         ^
/Users/swayamsingal/Desktop/Programming/Kairo/build/dev-clang/_deps/catch2-src/src/catch2/../catch2/internal/catch_unique_name.hpp:15:85: note: expanded from macro 'INTERNAL_CATCH_UNIQUE_NAME'
   15 | #  define INTERNAL_CATCH_UNIQUE_NAME( name ) INTERNAL_CATCH_UNIQUE_NAME_LINE( name, __COUNTER__ )
      |                                                                                     ^
/Users/swayamsingal/Desktop/Programming/Kairo/KairoEngineCore/tests/NativeGameplayManifestTests.cpp:72:1: warning: '__COUNTER__' is a C2y extension [-Wc2y-extensions]
   72 | TEST_CASE("native gameplay manifest rejects unknown and mistyped reflected overrides")
      | ^
/Users/swayamsingal/Desktop/Programming/Kairo/build/dev-clang/_deps/catch2-src/src/catch2/../catch2/catch_test_macros.hpp:142:28: note: expanded from macro 'TEST_CASE'
  142 |   #define TEST_CASE( ... ) INTERNAL_CATCH_TESTCASE( __VA_ARGS__ )
      |                            ^
/Users/swayamsingal/Desktop/Programming/Kairo/build/dev-clang/_deps/catch2-src/src/catch2/../catch2/internal/catch_test_registry.hpp:89:35: note: expanded from macro 'INTERNAL_CATCH_TESTCASE'
   89 |         INTERNAL_CATCH_TESTCASE2( INTERNAL_CATCH_UNIQUE_NAME( CATCH2_INTERNAL_TEST_ ), __VA_ARGS__ )
      |                                   ^
/Users/swayamsingal/Desktop/Programming/Kairo/build/dev-clang/_deps/catch2-src/src/catch2/../catch2/internal/catch_unique_name.hpp:15:85: note: expanded from macro 'INTERNAL_CATCH_UNIQUE_NAME'
   15 | #  define INTERNAL_CATCH_UNIQUE_NAME( name ) INTERNAL_CATCH_UNIQUE_NAME_LINE( name, __COUNTER__ )
      |                                                                                     ^
/Users/swayamsingal/Desktop/Programming/Kairo/KairoEngineCore/tests/NativeGameplayManifestTests.cpp:72:1: warning: '__COUNTER__' is a C2y extension [-Wc2y-extensions]
/Users/swayamsingal/Desktop/Programming/Kairo/build/dev-clang/_deps/catch2-src/src/catch2/../catch2/catch_test_macros.hpp:142:28: note: expanded from macro 'TEST_CASE'
  142 |   #define TEST_CASE( ... ) INTERNAL_CATCH_TESTCASE( __VA_ARGS__ )
      |                            ^
/Users/swayamsingal/Desktop/Programming/Kairo/build/dev-clang/_deps/catch2-src/src/catch2/../catch2/internal/catch_test_registry.hpp:89:9: note: expanded from macro 'INTERNAL_CATCH_TESTCASE'
   89 |         INTERNAL_CATCH_TESTCASE2( INTERNAL_CATCH_UNIQUE_NAME( CATCH2_INTERNAL_TEST_ ), __VA_ARGS__ )
      |         ^
/Users/swayamsingal/Desktop/Programming/Kairo/build/dev-clang/_deps/catch2-src/src/catch2/../catch2/internal/catch_test_registry.hpp:85:41: note: expanded from macro 'INTERNAL_CATCH_TESTCASE2'
   85 |         namespace{ const Catch::AutoReg INTERNAL_CATCH_UNIQUE_NAME( autoRegistrar )( Catch::makeTestInvoker( &TestName ), CATCH_INTERNAL_LINEINFO, Catch::StringRef(), Catch::NameAndTags{ __VA_ARGS__ } ); } /* NOLINT */ \
      |                                         ^
/Users/swayamsingal/Desktop/Programming/Kairo/build/dev-clang/_deps/catch2-src/src/catch2/../catch2/internal/catch_unique_name.hpp:15:85: note: expanded from macro 'INTERNAL_CATCH_UNIQUE_NAME'
   15 | #  define INTERNAL_CATCH_UNIQUE_NAME( name ) INTERNAL_CATCH_UNIQUE_NAME_LINE( name, __COUNTER__ )
      |                                                                                     ^
/Users/swayamsingal/Desktop/Programming/Kairo/KairoEngineCore/tests/NativeGameplayManifestTests.cpp:88:1: warning: '__COUNTER__' is a C2y extension [-Wc2y-extensions]
   88 | TEST_CASE("native gameplay manifest saves and reopens through atomic project text IO")
      | ^
/Users/swayamsingal/Desktop/Programming/Kairo/build/dev-clang/_deps/catch2-src/src/catch2/../catch2/catch_test_macros.hpp:142:28: note: expanded from macro 'TEST_CASE'
  142 |   #define TEST_CASE( ... ) INTERNAL_CATCH_TESTCASE( __VA_ARGS__ )
      |                            ^
/Users/swayamsingal/Desktop/Programming/Kairo/build/dev-clang/_deps/catch2-src/src/catch2/../catch2/internal/catch_test_registry.hpp:89:35: note: expanded from macro 'INTERNAL_CATCH_TESTCASE'
   89 |         INTERNAL_CATCH_TESTCASE2( INTERNAL_CATCH_UNIQUE_NAME( CATCH2_INTERNAL_TEST_ ), __VA_ARGS__ )
      |                                   ^
/Users/swayamsingal/Desktop/Programming/Kairo/build/dev-clang/_deps/catch2-src/src/catch2/../catch2/internal/catch_unique_name.hpp:15:85: note: expanded from macro 'INTERNAL_CATCH_UNIQUE_NAME'
   15 | #  define INTERNAL_CATCH_UNIQUE_NAME( name ) INTERNAL_CATCH_UNIQUE_NAME_LINE( name, __COUNTER__ )
      |                                                                                     ^
/Users/swayamsingal/Desktop/Programming/Kairo/KairoEngineCore/tests/NativeGameplayManifestTests.cpp:88:1: warning: '__COUNTER__' is a C2y extension [-Wc2y-extensions]
/Users/swayamsingal/Desktop/Programming/Kairo/build/dev-clang/_deps/catch2-src/src/catch2/../catch2/catch_test_macros.hpp:142:28: note: expanded from macro 'TEST_CASE'
  142 |   #define TEST_CASE( ... ) INTERNAL_CATCH_TESTCASE( __VA_ARGS__ )
      |                            ^
/Users/swayamsingal/Desktop/Programming/Kairo/build/dev-clang/_deps/catch2-src/src/catch2/../catch2/internal/catch_test_registry.hpp:89:9: note: expanded from macro 'INTERNAL_CATCH_TESTCASE'
   89 |         INTERNAL_CATCH_TESTCASE2( INTERNAL_CATCH_UNIQUE_NAME( CATCH2_INTERNAL_TEST_ ), __VA_ARGS__ )
      |         ^
/Users/swayamsingal/Desktop/Programming/Kairo/build/dev-clang/_deps/catch2-src/src/catch2/../catch2/internal/catch_test_registry.hpp:85:41: note: expanded from macro 'INTERNAL_CATCH_TESTCASE2'
   85 |         namespace{ const Catch::AutoReg INTERNAL_CATCH_UNIQUE_NAME( autoRegistrar )( Catch::makeTestInvoker( &TestName ), CATCH_INTERNAL_LINEINFO, Catch::StringRef(), Catch::NameAndTags{ __VA_ARGS__ } ); } /* NOLINT */ \
      |                                         ^
/Users/swayamsingal/Desktop/Programming/Kairo/build/dev-clang/_deps/catch2-src/src/catch2/../catch2/internal/catch_unique_name.hpp:15:85: note: expanded from macro 'INTERNAL_CATCH_UNIQUE_NAME'
   15 | #  define INTERNAL_CATCH_UNIQUE_NAME( name ) INTERNAL_CATCH_UNIQUE_NAME_LINE( name, __COUNTER__ )
      |                                                                                     ^
10 warnings generated.
[832/942] Building CXX object KairoEngineCore/CMakeFiles/KairoEngineCoreTests.dir/tests/ProductionRuntimeTests.cpp.o
/Users/swayamsingal/Desktop/Programming/Kairo/KairoEngineCore/tests/ProductionRuntimeTests.cpp:8:1: warning: '__COUNTER__' is a C2y extension [-Wc2y-extensions]
    8 | TEST_CASE("production systems manifest round trips every Phase 12 subsystem")
      | ^
/Users/swayamsingal/Desktop/Programming/Kairo/build/dev-clang/_deps/catch2-src/src/catch2/../catch2/catch_test_macros.hpp:142:28: note: expanded from macro 'TEST_CASE'
  142 |   #define TEST_CASE( ... ) INTERNAL_CATCH_TESTCASE( __VA_ARGS__ )
      |                            ^
/Users/swayamsingal/Desktop/Programming/Kairo/build/dev-clang/_deps/catch2-src/src/catch2/../catch2/internal/catch_test_registry.hpp:89:35: note: expanded from macro 'INTERNAL_CATCH_TESTCASE'
   89 |         INTERNAL_CATCH_TESTCASE2( INTERNAL_CATCH_UNIQUE_NAME( CATCH2_INTERNAL_TEST_ ), __VA_ARGS__ )
      |                                   ^
/Users/swayamsingal/Desktop/Programming/Kairo/build/dev-clang/_deps/catch2-src/src/catch2/../catch2/internal/catch_unique_name.hpp:15:85: note: expanded from macro 'INTERNAL_CATCH_UNIQUE_NAME'
   15 | #  define INTERNAL_CATCH_UNIQUE_NAME( name ) INTERNAL_CATCH_UNIQUE_NAME_LINE( name, __COUNTER__ )
      |                                                                                     ^
/Users/swayamsingal/Desktop/Programming/Kairo/KairoEngineCore/tests/ProductionRuntimeTests.cpp:8:1: warning: '__COUNTER__' is a C2y extension [-Wc2y-extensions]
/Users/swayamsingal/Desktop/Programming/Kairo/build/dev-clang/_deps/catch2-src/src/catch2/../catch2/catch_test_macros.hpp:142:28: note: expanded from macro 'TEST_CASE'
  142 |   #define TEST_CASE( ... ) INTERNAL_CATCH_TESTCASE( __VA_ARGS__ )
      |                            ^
/Users/swayamsingal/Desktop/Programming/Kairo/build/dev-clang/_deps/catch2-src/src/catch2/../catch2/internal/catch_test_registry.hpp:89:9: note: expanded from macro 'INTERNAL_CATCH_TESTCASE'
   89 |         INTERNAL_CATCH_TESTCASE2( INTERNAL_CATCH_UNIQUE_NAME( CATCH2_INTERNAL_TEST_ ), __VA_ARGS__ )
      |         ^
/Users/swayamsingal/Desktop/Programming/Kairo/build/dev-clang/_deps/catch2-src/src/catch2/../catch2/internal/catch_test_registry.hpp:85:41: note: expanded from macro 'INTERNAL_CATCH_TESTCASE2'
   85 |         namespace{ const Catch::AutoReg INTERNAL_CATCH_UNIQUE_NAME( autoRegistrar )( Catch::makeTestInvoker( &TestName ), CATCH_INTERNAL_LINEINFO, Catch::StringRef(), Catch::NameAndTags{ __VA_ARGS__ } ); } /* NOLINT */ \
      |                                         ^
/Users/swayamsingal/Desktop/Programming/Kairo/build/dev-clang/_deps/catch2-src/src/catch2/../catch2/internal/catch_unique_name.hpp:15:85: note: expanded from macro 'INTERNAL_CATCH_UNIQUE_NAME'
   15 | #  define INTERNAL_CATCH_UNIQUE_NAME( name ) INTERNAL_CATCH_UNIQUE_NAME_LINE( name, __COUNTER__ )
      |                                                                                     ^
/Users/swayamsingal/Desktop/Programming/Kairo/KairoEngineCore/tests/ProductionRuntimeTests.cpp:37:1: warning: '__COUNTER__' is a C2y extension [-Wc2y-extensions]
   37 | TEST_CASE("production manifest rejects configurations above explicit budgets")
      | ^
/Users/swayamsingal/Desktop/Programming/Kairo/build/dev-clang/_deps/catch2-src/src/catch2/../catch2/catch_test_macros.hpp:142:28: note: expanded from macro 'TEST_CASE'
  142 |   #define TEST_CASE( ... ) INTERNAL_CATCH_TESTCASE( __VA_ARGS__ )
      |                            ^
/Users/swayamsingal/Desktop/Programming/Kairo/build/dev-clang/_deps/catch2-src/src/catch2/../catch2/internal/catch_test_registry.hpp:89:35: note: expanded from macro 'INTERNAL_CATCH_TESTCASE'
   89 |         INTERNAL_CATCH_TESTCASE2( INTERNAL_CATCH_UNIQUE_NAME( CATCH2_INTERNAL_TEST_ ), __VA_ARGS__ )
      |                                   ^
/Users/swayamsingal/Desktop/Programming/Kairo/build/dev-clang/_deps/catch2-src/src/catch2/../catch2/internal/catch_unique_name.hpp:15:85: note: expanded from macro 'INTERNAL_CATCH_UNIQUE_NAME'
   15 | #  define INTERNAL_CATCH_UNIQUE_NAME( name ) INTERNAL_CATCH_UNIQUE_NAME_LINE( name, __COUNTER__ )
      |                                                                                     ^
/Users/swayamsingal/Desktop/Programming/Kairo/KairoEngineCore/tests/ProductionRuntimeTests.cpp:37:1: warning: '__COUNTER__' is a C2y extension [-Wc2y-extensions]
/Users/swayamsingal/Desktop/Programming/Kairo/build/dev-clang/_deps/catch2-src/src/catch2/../catch2/catch_test_macros.hpp:142:28: note: expanded from macro 'TEST_CASE'
  142 |   #define TEST_CASE( ... ) INTERNAL_CATCH_TESTCASE( __VA_ARGS__ )
      |                            ^
/Users/swayamsingal/Desktop/Programming/Kairo/build/dev-clang/_deps/catch2-src/src/catch2/../catch2/internal/catch_test_registry.hpp:89:9: note: expanded from macro 'INTERNAL_CATCH_TESTCASE'
   89 |         INTERNAL_CATCH_TESTCASE2( INTERNAL_CATCH_UNIQUE_NAME( CATCH2_INTERNAL_TEST_ ), __VA_ARGS__ )
      |         ^
/Users/swayamsingal/Desktop/Programming/Kairo/build/dev-clang/_deps/catch2-src/src/catch2/../catch2/internal/catch_test_registry.hpp:85:41: note: expanded from macro 'INTERNAL_CATCH_TESTCASE2'
   85 |         namespace{ const Catch::AutoReg INTERNAL_CATCH_UNIQUE_NAME( autoRegistrar )( Catch::makeTestInvoker( &TestName ), CATCH_INTERNAL_LINEINFO, Catch::StringRef(), Catch::NameAndTags{ __VA_ARGS__ } ); } /* NOLINT */ \
      |                                         ^
/Users/swayamsingal/Desktop/Programming/Kairo/build/dev-clang/_deps/catch2-src/src/catch2/../catch2/internal/catch_unique_name.hpp:15:85: note: expanded from macro 'INTERNAL_CATCH_UNIQUE_NAME'
   15 | #  define INTERNAL_CATCH_UNIQUE_NAME( name ) INTERNAL_CATCH_UNIQUE_NAME_LINE( name, __COUNTER__ )
      |                                                                                     ^
/Users/swayamsingal/Desktop/Programming/Kairo/KairoEngineCore/tests/ProductionRuntimeTests.cpp:47:1: warning: '__COUNTER__' is a C2y extension [-Wc2y-extensions]
   47 | TEST_CASE("production runtime orchestrates animation particles fluid streaming and profiling")
      | ^
/Users/swayamsingal/Desktop/Programming/Kairo/build/dev-clang/_deps/catch2-src/src/catch2/../catch2/catch_test_macros.hpp:142:28: note: expanded from macro 'TEST_CASE'
  142 |   #define TEST_CASE( ... ) INTERNAL_CATCH_TESTCASE( __VA_ARGS__ )
      |                            ^
/Users/swayamsingal/Desktop/Programming/Kairo/build/dev-clang/_deps/catch2-src/src/catch2/../catch2/internal/catch_test_registry.hpp:89:35: note: expanded from macro 'INTERNAL_CATCH_TESTCASE'
   89 |         INTERNAL_CATCH_TESTCASE2( INTERNAL_CATCH_UNIQUE_NAME( CATCH2_INTERNAL_TEST_ ), __VA_ARGS__ )
      |                                   ^
/Users/swayamsingal/Desktop/Programming/Kairo/build/dev-clang/_deps/catch2-src/src/catch2/../catch2/internal/catch_unique_name.hpp:15:85: note: expanded from macro 'INTERNAL_CATCH_UNIQUE_NAME'
   15 | #  define INTERNAL_CATCH_UNIQUE_NAME( name ) INTERNAL_CATCH_UNIQUE_NAME_LINE( name, __COUNTER__ )
      |                                                                                     ^
/Users/swayamsingal/Desktop/Programming/Kairo/KairoEngineCore/tests/ProductionRuntimeTests.cpp:47:1: warning: '__COUNTER__' is a C2y extension [-Wc2y-extensions]
/Users/swayamsingal/Desktop/Programming/Kairo/build/dev-clang/_deps/catch2-src/src/catch2/../catch2/catch_test_macros.hpp:142:28: note: expanded from macro 'TEST_CASE'
  142 |   #define TEST_CASE( ... ) INTERNAL_CATCH_TESTCASE( __VA_ARGS__ )
      |                            ^
/Users/swayamsingal/Desktop/Programming/Kairo/build/dev-clang/_deps/catch2-src/src/catch2/../catch2/internal/catch_test_registry.hpp:89:9: note: expanded from macro 'INTERNAL_CATCH_TESTCASE'
   89 |         INTERNAL_CATCH_TESTCASE2( INTERNAL_CATCH_UNIQUE_NAME( CATCH2_INTERNAL_TEST_ ), __VA_ARGS__ )
      |         ^
/Users/swayamsingal/Desktop/Programming/Kairo/build/dev-clang/_deps/catch2-src/src/catch2/../catch2/internal/catch_test_registry.hpp:85:41: note: expanded from macro 'INTERNAL_CATCH_TESTCASE2'
   85 |         namespace{ const Catch::AutoReg INTERNAL_CATCH_UNIQUE_NAME( autoRegistrar )( Catch::makeTestInvoker( &TestName ), CATCH_INTERNAL_LINEINFO, Catch::StringRef(), Catch::NameAndTags{ __VA_ARGS__ } ); } /* NOLINT */ \
      |                                         ^
/Users/swayamsingal/Desktop/Programming/Kairo/build/dev-clang/_deps/catch2-src/src/catch2/../catch2/internal/catch_unique_name.hpp:15:85: note: expanded from macro 'INTERNAL_CATCH_UNIQUE_NAME'
   15 | #  define INTERNAL_CATCH_UNIQUE_NAME( name ) INTERNAL_CATCH_UNIQUE_NAME_LINE( name, __COUNTER__ )
      |                                                                                     ^
/Users/swayamsingal/Desktop/Programming/Kairo/KairoEngineCore/tests/ProductionRuntimeTests.cpp:81:1: warning: '__COUNTER__' is a C2y extension [-Wc2y-extensions]
   81 | TEST_CASE("production system manifest saves and reopens as project-owned config")
      | ^
/Users/swayamsingal/Desktop/Programming/Kairo/build/dev-clang/_deps/catch2-src/src/catch2/../catch2/catch_test_macros.hpp:142:28: note: expanded from macro 'TEST_CASE'
  142 |   #define TEST_CASE( ... ) INTERNAL_CATCH_TESTCASE( __VA_ARGS__ )
      |                            ^
/Users/swayamsingal/Desktop/Programming/Kairo/build/dev-clang/_deps/catch2-src/src/catch2/../catch2/internal/catch_test_registry.hpp:89:35: note: expanded from macro 'INTERNAL_CATCH_TESTCASE'
   89 |         INTERNAL_CATCH_TESTCASE2( INTERNAL_CATCH_UNIQUE_NAME( CATCH2_INTERNAL_TEST_ ), __VA_ARGS__ )
      |                                   ^
/Users/swayamsingal/Desktop/Programming/Kairo/build/dev-clang/_deps/catch2-src/src/catch2/../catch2/internal/catch_unique_name.hpp:15:85: note: expanded from macro 'INTERNAL_CATCH_UNIQUE_NAME'
   15 | #  define INTERNAL_CATCH_UNIQUE_NAME( name ) INTERNAL_CATCH_UNIQUE_NAME_LINE( name, __COUNTER__ )
      |                                                                                     ^
/Users/swayamsingal/Desktop/Programming/Kairo/KairoEngineCore/tests/ProductionRuntimeTests.cpp:81:1: warning: '__COUNTER__' is a C2y extension [-Wc2y-extensions]
/Users/swayamsingal/Desktop/Programming/Kairo/build/dev-clang/_deps/catch2-src/src/catch2/../catch2/catch_test_macros.hpp:142:28: note: expanded from macro 'TEST_CASE'
  142 |   #define TEST_CASE( ... ) INTERNAL_CATCH_TESTCASE( __VA_ARGS__ )
      |                            ^
/Users/swayamsingal/Desktop/Programming/Kairo/build/dev-clang/_deps/catch2-src/src/catch2/../catch2/internal/catch_test_registry.hpp:89:9: note: expanded from macro 'INTERNAL_CATCH_TESTCASE'
   89 |         INTERNAL_CATCH_TESTCASE2( INTERNAL_CATCH_UNIQUE_NAME( CATCH2_INTERNAL_TEST_ ), __VA_ARGS__ )
      |         ^
/Users/swayamsingal/Desktop/Programming/Kairo/build/dev-clang/_deps/catch2-src/src/catch2/../catch2/internal/catch_test_registry.hpp:85:41: note: expanded from macro 'INTERNAL_CATCH_TESTCASE2'
   85 |         namespace{ const Catch::AutoReg INTERNAL_CATCH_UNIQUE_NAME( autoRegistrar )( Catch::makeTestInvoker( &TestName ), CATCH_INTERNAL_LINEINFO, Catch::StringRef(), Catch::NameAndTags{ __VA_ARGS__ } ); } /* NOLINT */ \
      |                                         ^
/Users/swayamsingal/Desktop/Programming/Kairo/build/dev-clang/_deps/catch2-src/src/catch2/../catch2/internal/catch_unique_name.hpp:15:85: note: expanded from macro 'INTERNAL_CATCH_UNIQUE_NAME'
   15 | #  define INTERNAL_CATCH_UNIQUE_NAME( name ) INTERNAL_CATCH_UNIQUE_NAME_LINE( name, __COUNTER__ )
      |                                                                                     ^
8 warnings generated.
[833/942] Building CXX object KairoEngineCore/_deps/KairoAssets/CMakeFiles/KairoAssetsTests.dir/tests/TextureArtifactTests.cpp.o
/Users/swayamsingal/Desktop/Programming/Kairo/KairoAssets/tests/TextureArtifactTests.cpp:21:1: warning: '__COUNTER__' is a C2y extension [-Wc2y-extensions]
   21 | TEST_CASE("Texture artifacts round trip canonical mip chains")
      | ^
/Users/swayamsingal/Desktop/Programming/Kairo/build/dev-clang/_deps/catch2-src/src/catch2/../catch2/catch_test_macros.hpp:142:28: note: expanded from macro 'TEST_CASE'
  142 |   #define TEST_CASE( ... ) INTERNAL_CATCH_TESTCASE( __VA_ARGS__ )
      |                            ^
/Users/swayamsingal/Desktop/Programming/Kairo/build/dev-clang/_deps/catch2-src/src/catch2/../catch2/internal/catch_test_registry.hpp:89:35: note: expanded from macro 'INTERNAL_CATCH_TESTCASE'
   89 |         INTERNAL_CATCH_TESTCASE2( INTERNAL_CATCH_UNIQUE_NAME( CATCH2_INTERNAL_TEST_ ), __VA_ARGS__ )
      |                                   ^
/Users/swayamsingal/Desktop/Programming/Kairo/build/dev-clang/_deps/catch2-src/src/catch2/../catch2/internal/catch_unique_name.hpp:15:85: note: expanded from macro 'INTERNAL_CATCH_UNIQUE_NAME'
   15 | #  define INTERNAL_CATCH_UNIQUE_NAME( name ) INTERNAL_CATCH_UNIQUE_NAME_LINE( name, __COUNTER__ )
      |                                                                                     ^
/Users/swayamsingal/Desktop/Programming/Kairo/KairoAssets/tests/TextureArtifactTests.cpp:21:1: warning: '__COUNTER__' is a C2y extension [-Wc2y-extensions]
/Users/swayamsingal/Desktop/Programming/Kairo/build/dev-clang/_deps/catch2-src/src/catch2/../catch2/catch_test_macros.hpp:142:28: note: expanded from macro 'TEST_CASE'
  142 |   #define TEST_CASE( ... ) INTERNAL_CATCH_TESTCASE( __VA_ARGS__ )
      |                            ^
/Users/swayamsingal/Desktop/Programming/Kairo/build/dev-clang/_deps/catch2-src/src/catch2/../catch2/internal/catch_test_registry.hpp:89:9: note: expanded from macro 'INTERNAL_CATCH_TESTCASE'
   89 |         INTERNAL_CATCH_TESTCASE2( INTERNAL_CATCH_UNIQUE_NAME( CATCH2_INTERNAL_TEST_ ), __VA_ARGS__ )
      |         ^
/Users/swayamsingal/Desktop/Programming/Kairo/build/dev-clang/_deps/catch2-src/src/catch2/../catch2/internal/catch_test_registry.hpp:85:41: note: expanded from macro 'INTERNAL_CATCH_TESTCASE2'
   85 |         namespace{ const Catch::AutoReg INTERNAL_CATCH_UNIQUE_NAME( autoRegistrar )( Catch::makeTestInvoker( &TestName ), CATCH_INTERNAL_LINEINFO, Catch::StringRef(), Catch::NameAndTags{ __VA_ARGS__ } ); } /* NOLINT */ \
      |                                         ^
/Users/swayamsingal/Desktop/Programming/Kairo/build/dev-clang/_deps/catch2-src/src/catch2/../catch2/internal/catch_unique_name.hpp:15:85: note: expanded from macro 'INTERNAL_CATCH_UNIQUE_NAME'
   15 | #  define INTERNAL_CATCH_UNIQUE_NAME( name ) INTERNAL_CATCH_UNIQUE_NAME_LINE( name, __COUNTER__ )
      |                                                                                     ^
/Users/swayamsingal/Desktop/Programming/Kairo/KairoAssets/tests/TextureArtifactTests.cpp:38:1: warning: '__COUNTER__' is a C2y extension [-Wc2y-extensions]
   38 | TEST_CASE("Texture artifacts reject noncanonical mip dimensions")
      | ^
/Users/swayamsingal/Desktop/Programming/Kairo/build/dev-clang/_deps/catch2-src/src/catch2/../catch2/catch_test_macros.hpp:142:28: note: expanded from macro 'TEST_CASE'
  142 |   #define TEST_CASE( ... ) INTERNAL_CATCH_TESTCASE( __VA_ARGS__ )
      |                            ^
/Users/swayamsingal/Desktop/Programming/Kairo/build/dev-clang/_deps/catch2-src/src/catch2/../catch2/internal/catch_test_registry.hpp:89:35: note: expanded from macro 'INTERNAL_CATCH_TESTCASE'
   89 |         INTERNAL_CATCH_TESTCASE2( INTERNAL_CATCH_UNIQUE_NAME( CATCH2_INTERNAL_TEST_ ), __VA_ARGS__ )
      |                                   ^
/Users/swayamsingal/Desktop/Programming/Kairo/build/dev-clang/_deps/catch2-src/src/catch2/../catch2/internal/catch_unique_name.hpp:15:85: note: expanded from macro 'INTERNAL_CATCH_UNIQUE_NAME'
   15 | #  define INTERNAL_CATCH_UNIQUE_NAME( name ) INTERNAL_CATCH_UNIQUE_NAME_LINE( name, __COUNTER__ )
      |                                                                                     ^
/Users/swayamsingal/Desktop/Programming/Kairo/KairoAssets/tests/TextureArtifactTests.cpp:38:1: warning: '__COUNTER__' is a C2y extension [-Wc2y-extensions]
/Users/swayamsingal/Desktop/Programming/Kairo/build/dev-clang/_deps/catch2-src/src/catch2/../catch2/catch_test_macros.hpp:142:28: note: expanded from macro 'TEST_CASE'
  142 |   #define TEST_CASE( ... ) INTERNAL_CATCH_TESTCASE( __VA_ARGS__ )
      |                            ^
/Users/swayamsingal/Desktop/Programming/Kairo/build/dev-clang/_deps/catch2-src/src/catch2/../catch2/internal/catch_test_registry.hpp:89:9: note: expanded from macro 'INTERNAL_CATCH_TESTCASE'
   89 |         INTERNAL_CATCH_TESTCASE2( INTERNAL_CATCH_UNIQUE_NAME( CATCH2_INTERNAL_TEST_ ), __VA_ARGS__ )
      |         ^
/Users/swayamsingal/Desktop/Programming/Kairo/build/dev-clang/_deps/catch2-src/src/catch2/../catch2/internal/catch_test_registry.hpp:85:41: note: expanded from macro 'INTERNAL_CATCH_TESTCASE2'
   85 |         namespace{ const Catch::AutoReg INTERNAL_CATCH_UNIQUE_NAME( autoRegistrar )( Catch::makeTestInvoker( &TestName ), CATCH_INTERNAL_LINEINFO, Catch::StringRef(), Catch::NameAndTags{ __VA_ARGS__ } ); } /* NOLINT */ \
      |                                         ^
/Users/swayamsingal/Desktop/Programming/Kairo/build/dev-clang/_deps/catch2-src/src/catch2/../catch2/internal/catch_unique_name.hpp:15:85: note: expanded from macro 'INTERNAL_CATCH_UNIQUE_NAME'
   15 | #  define INTERNAL_CATCH_UNIQUE_NAME( name ) INTERNAL_CATCH_UNIQUE_NAME_LINE( name, __COUNTER__ )
      |                                                                                     ^
/Users/swayamsingal/Desktop/Programming/Kairo/KairoAssets/tests/TextureArtifactTests.cpp:49:1: warning: '__COUNTER__' is a C2y extension [-Wc2y-extensions]
   49 | TEST_CASE("Normal and data textures require linear colour space")
      | ^
/Users/swayamsingal/Desktop/Programming/Kairo/build/dev-clang/_deps/catch2-src/src/catch2/../catch2/catch_test_macros.hpp:142:28: note: expanded from macro 'TEST_CASE'
  142 |   #define TEST_CASE( ... ) INTERNAL_CATCH_TESTCASE( __VA_ARGS__ )
      |                            ^
/Users/swayamsingal/Desktop/Programming/Kairo/build/dev-clang/_deps/catch2-src/src/catch2/../catch2/internal/catch_test_registry.hpp:89:35: note: expanded from macro 'INTERNAL_CATCH_TESTCASE'
   89 |         INTERNAL_CATCH_TESTCASE2( INTERNAL_CATCH_UNIQUE_NAME( CATCH2_INTERNAL_TEST_ ), __VA_ARGS__ )
      |                                   ^
/Users/swayamsingal/Desktop/Programming/Kairo/build/dev-clang/_deps/catch2-src/src/catch2/../catch2/internal/catch_unique_name.hpp:15:85: note: expanded from macro 'INTERNAL_CATCH_UNIQUE_NAME'
   15 | #  define INTERNAL_CATCH_UNIQUE_NAME( name ) INTERNAL_CATCH_UNIQUE_NAME_LINE( name, __COUNTER__ )
      |                                                                                     ^
/Users/swayamsingal/Desktop/Programming/Kairo/KairoAssets/tests/TextureArtifactTests.cpp:49:1: warning: '__COUNTER__' is a C2y extension [-Wc2y-extensions]
/Users/swayamsingal/Desktop/Programming/Kairo/build/dev-clang/_deps/catch2-src/src/catch2/../catch2/catch_test_macros.hpp:142:28: note: expanded from macro 'TEST_CASE'
  142 |   #define TEST_CASE( ... ) INTERNAL_CATCH_TESTCASE( __VA_ARGS__ )
      |                            ^
/Users/swayamsingal/Desktop/Programming/Kairo/build/dev-clang/_deps/catch2-src/src/catch2/../catch2/internal/catch_test_registry.hpp:89:9: note: expanded from macro 'INTERNAL_CATCH_TESTCASE'
   89 |         INTERNAL_CATCH_TESTCASE2( INTERNAL_CATCH_UNIQUE_NAME( CATCH2_INTERNAL_TEST_ ), __VA_ARGS__ )
      |         ^
/Users/swayamsingal/Desktop/Programming/Kairo/build/dev-clang/_deps/catch2-src/src/catch2/../catch2/internal/catch_test_registry.hpp:85:41: note: expanded from macro 'INTERNAL_CATCH_TESTCASE2'
   85 |         namespace{ const Catch::AutoReg INTERNAL_CATCH_UNIQUE_NAME( autoRegistrar )( Catch::makeTestInvoker( &TestName ), CATCH_INTERNAL_LINEINFO, Catch::StringRef(), Catch::NameAndTags{ __VA_ARGS__ } ); } /* NOLINT */ \
      |                                         ^
/Users/swayamsingal/Desktop/Programming/Kairo/build/dev-clang/_deps/catch2-src/src/catch2/../catch2/internal/catch_unique_name.hpp:15:85: note: expanded from macro 'INTERNAL_CATCH_UNIQUE_NAME'
   15 | #  define INTERNAL_CATCH_UNIQUE_NAME( name ) INTERNAL_CATCH_UNIQUE_NAME_LINE( name, __COUNTER__ )
      |                                                                                     ^
/Users/swayamsingal/Desktop/Programming/Kairo/KairoAssets/tests/TextureArtifactTests.cpp:61:1: warning: '__COUNTER__' is a C2y extension [-Wc2y-extensions]
   61 | TEST_CASE("Texture parser rejects truncation and trailing bytes")
      | ^
/Users/swayamsingal/Desktop/Programming/Kairo/build/dev-clang/_deps/catch2-src/src/catch2/../catch2/catch_test_macros.hpp:142:28: note: expanded from macro 'TEST_CASE'
  142 |   #define TEST_CASE( ... ) INTERNAL_CATCH_TESTCASE( __VA_ARGS__ )
      |                            ^
/Users/swayamsingal/Desktop/Programming/Kairo/build/dev-clang/_deps/catch2-src/src/catch2/../catch2/internal/catch_test_registry.hpp:89:35: note: expanded from macro 'INTERNAL_CATCH_TESTCASE'
   89 |         INTERNAL_CATCH_TESTCASE2( INTERNAL_CATCH_UNIQUE_NAME( CATCH2_INTERNAL_TEST_ ), __VA_ARGS__ )
      |                                   ^
/Users/swayamsingal/Desktop/Programming/Kairo/build/dev-clang/_deps/catch2-src/src/catch2/../catch2/internal/catch_unique_name.hpp:15:85: note: expanded from macro 'INTERNAL_CATCH_UNIQUE_NAME'
   15 | #  define INTERNAL_CATCH_UNIQUE_NAME( name ) INTERNAL_CATCH_UNIQUE_NAME_LINE( name, __COUNTER__ )
      |                                                                                     ^
/Users/swayamsingal/Desktop/Programming/Kairo/KairoAssets/tests/TextureArtifactTests.cpp:61:1: warning: '__COUNTER__' is a C2y extension [-Wc2y-extensions]
/Users/swayamsingal/Desktop/Programming/Kairo/build/dev-clang/_deps/catch2-src/src/catch2/../catch2/catch_test_macros.hpp:142:28: note: expanded from macro 'TEST_CASE'
  142 |   #define TEST_CASE( ... ) INTERNAL_CATCH_TESTCASE( __VA_ARGS__ )
      |                            ^
/Users/swayamsingal/Desktop/Programming/Kairo/build/dev-clang/_deps/catch2-src/src/catch2/../catch2/internal/catch_test_registry.hpp:89:9: note: expanded from macro 'INTERNAL_CATCH_TESTCASE'
   89 |         INTERNAL_CATCH_TESTCASE2( INTERNAL_CATCH_UNIQUE_NAME( CATCH2_INTERNAL_TEST_ ), __VA_ARGS__ )
      |         ^
/Users/swayamsingal/Desktop/Programming/Kairo/build/dev-clang/_deps/catch2-src/src/catch2/../catch2/internal/catch_test_registry.hpp:85:41: note: expanded from macro 'INTERNAL_CATCH_TESTCASE2'
   85 |         namespace{ const Catch::AutoReg INTERNAL_CATCH_UNIQUE_NAME( autoRegistrar )( Catch::makeTestInvoker( &TestName ), CATCH_INTERNAL_LINEINFO, Catch::StringRef(), Catch::NameAndTags{ __VA_ARGS__ } ); } /* NOLINT */ \
      |                                         ^
/Users/swayamsingal/Desktop/Programming/Kairo/build/dev-clang/_deps/catch2-src/src/catch2/../catch2/internal/catch_unique_name.hpp:15:85: note: expanded from macro 'INTERNAL_CATCH_UNIQUE_NAME'
   15 | #  define INTERNAL_CATCH_UNIQUE_NAME( name ) INTERNAL_CATCH_UNIQUE_NAME_LINE( name, __COUNTER__ )
      |                                                                                     ^
8 warnings generated.
[834/942] Building CXX object KairoEngineCore/_deps/KairoAssets/CMakeFiles/KairoAssetsTests.dir/tests/MaterialArtifactTests.cpp.o
/Users/swayamsingal/Desktop/Programming/Kairo/KairoAssets/tests/MaterialArtifactTests.cpp:21:1: warning: '__COUNTER__' is a C2y extension [-Wc2y-extensions]
   21 | TEST_CASE("Material artifacts round trip PBR factors and texture references")
      | ^
/Users/swayamsingal/Desktop/Programming/Kairo/build/dev-clang/_deps/catch2-src/src/catch2/../catch2/catch_test_macros.hpp:142:28: note: expanded from macro 'TEST_CASE'
  142 |   #define TEST_CASE( ... ) INTERNAL_CATCH_TESTCASE( __VA_ARGS__ )
      |                            ^
/Users/swayamsingal/Desktop/Programming/Kairo/build/dev-clang/_deps/catch2-src/src/catch2/../catch2/internal/catch_test_registry.hpp:89:35: note: expanded from macro 'INTERNAL_CATCH_TESTCASE'
   89 |         INTERNAL_CATCH_TESTCASE2( INTERNAL_CATCH_UNIQUE_NAME( CATCH2_INTERNAL_TEST_ ), __VA_ARGS__ )
      |                                   ^
/Users/swayamsingal/Desktop/Programming/Kairo/build/dev-clang/_deps/catch2-src/src/catch2/../catch2/internal/catch_unique_name.hpp:15:85: note: expanded from macro 'INTERNAL_CATCH_UNIQUE_NAME'
   15 | #  define INTERNAL_CATCH_UNIQUE_NAME( name ) INTERNAL_CATCH_UNIQUE_NAME_LINE( name, __COUNTER__ )
      |                                                                                     ^
/Users/swayamsingal/Desktop/Programming/Kairo/KairoAssets/tests/MaterialArtifactTests.cpp:21:1: warning: '__COUNTER__' is a C2y extension [-Wc2y-extensions]
/Users/swayamsingal/Desktop/Programming/Kairo/build/dev-clang/_deps/catch2-src/src/catch2/../catch2/catch_test_macros.hpp:142:28: note: expanded from macro 'TEST_CASE'
  142 |   #define TEST_CASE( ... ) INTERNAL_CATCH_TESTCASE( __VA_ARGS__ )
      |                            ^
/Users/swayamsingal/Desktop/Programming/Kairo/build/dev-clang/_deps/catch2-src/src/catch2/../catch2/internal/catch_test_registry.hpp:89:9: note: expanded from macro 'INTERNAL_CATCH_TESTCASE'
   89 |         INTERNAL_CATCH_TESTCASE2( INTERNAL_CATCH_UNIQUE_NAME( CATCH2_INTERNAL_TEST_ ), __VA_ARGS__ )
      |         ^
/Users/swayamsingal/Desktop/Programming/Kairo/build/dev-clang/_deps/catch2-src/src/catch2/../catch2/internal/catch_test_registry.hpp:85:41: note: expanded from macro 'INTERNAL_CATCH_TESTCASE2'
   85 |         namespace{ const Catch::AutoReg INTERNAL_CATCH_UNIQUE_NAME( autoRegistrar )( Catch::makeTestInvoker( &TestName ), CATCH_INTERNAL_LINEINFO, Catch::StringRef(), Catch::NameAndTags{ __VA_ARGS__ } ); } /* NOLINT */ \
      |                                         ^
/Users/swayamsingal/Desktop/Programming/Kairo/build/dev-clang/_deps/catch2-src/src/catch2/../catch2/internal/catch_unique_name.hpp:15:85: note: expanded from macro 'INTERNAL_CATCH_UNIQUE_NAME'
   15 | #  define INTERNAL_CATCH_UNIQUE_NAME( name ) INTERNAL_CATCH_UNIQUE_NAME_LINE( name, __COUNTER__ )
      |                                                                                     ^
/Users/swayamsingal/Desktop/Programming/Kairo/KairoAssets/tests/MaterialArtifactTests.cpp:42:1: warning: '__COUNTER__' is a C2y extension [-Wc2y-extensions]
   42 | TEST_CASE("Material artifacts reject invalid physical ranges")
      | ^
/Users/swayamsingal/Desktop/Programming/Kairo/build/dev-clang/_deps/catch2-src/src/catch2/../catch2/catch_test_macros.hpp:142:28: note: expanded from macro 'TEST_CASE'
  142 |   #define TEST_CASE( ... ) INTERNAL_CATCH_TESTCASE( __VA_ARGS__ )
      |                            ^
/Users/swayamsingal/Desktop/Programming/Kairo/build/dev-clang/_deps/catch2-src/src/catch2/../catch2/internal/catch_test_registry.hpp:89:35: note: expanded from macro 'INTERNAL_CATCH_TESTCASE'
   89 |         INTERNAL_CATCH_TESTCASE2( INTERNAL_CATCH_UNIQUE_NAME( CATCH2_INTERNAL_TEST_ ), __VA_ARGS__ )
      |                                   ^
/Users/swayamsingal/Desktop/Programming/Kairo/build/dev-clang/_deps/catch2-src/src/catch2/../catch2/internal/catch_unique_name.hpp:15:85: note: expanded from macro 'INTERNAL_CATCH_UNIQUE_NAME'
   15 | #  define INTERNAL_CATCH_UNIQUE_NAME( name ) INTERNAL_CATCH_UNIQUE_NAME_LINE( name, __COUNTER__ )
      |                                                                                     ^
/Users/swayamsingal/Desktop/Programming/Kairo/KairoAssets/tests/MaterialArtifactTests.cpp:42:1: warning: '__COUNTER__' is a C2y extension [-Wc2y-extensions]
/Users/swayamsingal/Desktop/Programming/Kairo/build/dev-clang/_deps/catch2-src/src/catch2/../catch2/catch_test_macros.hpp:142:28: note: expanded from macro 'TEST_CASE'
  142 |   #define TEST_CASE( ... ) INTERNAL_CATCH_TESTCASE( __VA_ARGS__ )
      |                            ^
/Users/swayamsingal/Desktop/Programming/Kairo/build/dev-clang/_deps/catch2-src/src/catch2/../catch2/internal/catch_test_registry.hpp:89:9: note: expanded from macro 'INTERNAL_CATCH_TESTCASE'
   89 |         INTERNAL_CATCH_TESTCASE2( INTERNAL_CATCH_UNIQUE_NAME( CATCH2_INTERNAL_TEST_ ), __VA_ARGS__ )
      |         ^
/Users/swayamsingal/Desktop/Programming/Kairo/build/dev-clang/_deps/catch2-src/src/catch2/../catch2/internal/catch_test_registry.hpp:85:41: note: expanded from macro 'INTERNAL_CATCH_TESTCASE2'
   85 |         namespace{ const Catch::AutoReg INTERNAL_CATCH_UNIQUE_NAME( autoRegistrar )( Catch::makeTestInvoker( &TestName ), CATCH_INTERNAL_LINEINFO, Catch::StringRef(), Catch::NameAndTags{ __VA_ARGS__ } ); } /* NOLINT */ \
      |                                         ^
/Users/swayamsingal/Desktop/Programming/Kairo/build/dev-clang/_deps/catch2-src/src/catch2/../catch2/internal/catch_unique_name.hpp:15:85: note: expanded from macro 'INTERNAL_CATCH_UNIQUE_NAME'
   15 | #  define INTERNAL_CATCH_UNIQUE_NAME( name ) INTERNAL_CATCH_UNIQUE_NAME_LINE( name, __COUNTER__ )
      |                                                                                     ^
/Users/swayamsingal/Desktop/Programming/Kairo/KairoAssets/tests/MaterialArtifactTests.cpp:56:1: warning: '__COUNTER__' is a C2y extension [-Wc2y-extensions]
   56 | TEST_CASE("Material parser rejects every truncated suffix and trailing bytes")
      | ^
/Users/swayamsingal/Desktop/Programming/Kairo/build/dev-clang/_deps/catch2-src/src/catch2/../catch2/catch_test_macros.hpp:142:28: note: expanded from macro 'TEST_CASE'
  142 |   #define TEST_CASE( ... ) INTERNAL_CATCH_TESTCASE( __VA_ARGS__ )
      |                            ^
/Users/swayamsingal/Desktop/Programming/Kairo/build/dev-clang/_deps/catch2-src/src/catch2/../catch2/internal/catch_test_registry.hpp:89:35: note: expanded from macro 'INTERNAL_CATCH_TESTCASE'
   89 |         INTERNAL_CATCH_TESTCASE2( INTERNAL_CATCH_UNIQUE_NAME( CATCH2_INTERNAL_TEST_ ), __VA_ARGS__ )
      |                                   ^
/Users/swayamsingal/Desktop/Programming/Kairo/build/dev-clang/_deps/catch2-src/src/catch2/../catch2/internal/catch_unique_name.hpp:15:85: note: expanded from macro 'INTERNAL_CATCH_UNIQUE_NAME'
   15 | #  define INTERNAL_CATCH_UNIQUE_NAME( name ) INTERNAL_CATCH_UNIQUE_NAME_LINE( name, __COUNTER__ )
      |                                                                                     ^
/Users/swayamsingal/Desktop/Programming/Kairo/KairoAssets/tests/MaterialArtifactTests.cpp:56:1: warning: '__COUNTER__' is a C2y extension [-Wc2y-extensions]
/Users/swayamsingal/Desktop/Programming/Kairo/build/dev-clang/_deps/catch2-src/src/catch2/../catch2/catch_test_macros.hpp:142:28: note: expanded from macro 'TEST_CASE'
  142 |   #define TEST_CASE( ... ) INTERNAL_CATCH_TESTCASE( __VA_ARGS__ )
      |                            ^
/Users/swayamsingal/Desktop/Programming/Kairo/build/dev-clang/_deps/catch2-src/src/catch2/../catch2/internal/catch_test_registry.hpp:89:9: note: expanded from macro 'INTERNAL_CATCH_TESTCASE'
   89 |         INTERNAL_CATCH_TESTCASE2( INTERNAL_CATCH_UNIQUE_NAME( CATCH2_INTERNAL_TEST_ ), __VA_ARGS__ )
      |         ^
/Users/swayamsingal/Desktop/Programming/Kairo/build/dev-clang/_deps/catch2-src/src/catch2/../catch2/internal/catch_test_registry.hpp:85:41: note: expanded from macro 'INTERNAL_CATCH_TESTCASE2'
   85 |         namespace{ const Catch::AutoReg INTERNAL_CATCH_UNIQUE_NAME( autoRegistrar )( Catch::makeTestInvoker( &TestName ), CATCH_INTERNAL_LINEINFO, Catch::StringRef(), Catch::NameAndTags{ __VA_ARGS__ } ); } /* NOLINT */ \
      |                                         ^
/Users/swayamsingal/Desktop/Programming/Kairo/build/dev-clang/_deps/catch2-src/src/catch2/../catch2/internal/catch_unique_name.hpp:15:85: note: expanded from macro 'INTERNAL_CATCH_UNIQUE_NAME'
   15 | #  define INTERNAL_CATCH_UNIQUE_NAME( name ) INTERNAL_CATCH_UNIQUE_NAME_LINE( name, __COUNTER__ )
      |                                                                                     ^
6 warnings generated.
[835/942] Building CXX object KairoEngineCore/CMakeFiles/KairoEngineCorePhase3Tests.dir/tests/Phase3RuntimeTests.cpp.o
/Users/swayamsingal/Desktop/Programming/Kairo/KairoEngineCore/tests/Phase3RuntimeTests.cpp:61:1: warning: '__COUNTER__' is a C2y extension [-Wc2y-extensions]
   61 | TEST_CASE("Runtime world commits structural gameplay changes atomically")
      | ^
/Users/swayamsingal/Desktop/Programming/Kairo/build/dev-clang/_deps/catch2-src/src/catch2/../catch2/catch_test_macros.hpp:142:28: note: expanded from macro 'TEST_CASE'
  142 |   #define TEST_CASE( ... ) INTERNAL_CATCH_TESTCASE( __VA_ARGS__ )
      |                            ^
/Users/swayamsingal/Desktop/Programming/Kairo/build/dev-clang/_deps/catch2-src/src/catch2/../catch2/internal/catch_test_registry.hpp:89:35: note: expanded from macro 'INTERNAL_CATCH_TESTCASE'
   89 |         INTERNAL_CATCH_TESTCASE2( INTERNAL_CATCH_UNIQUE_NAME( CATCH2_INTERNAL_TEST_ ), __VA_ARGS__ )
      |                                   ^
/Users/swayamsingal/Desktop/Programming/Kairo/build/dev-clang/_deps/catch2-src/src/catch2/../catch2/internal/catch_unique_name.hpp:15:85: note: expanded from macro 'INTERNAL_CATCH_UNIQUE_NAME'
   15 | #  define INTERNAL_CATCH_UNIQUE_NAME( name ) INTERNAL_CATCH_UNIQUE_NAME_LINE( name, __COUNTER__ )
      |                                                                                     ^
/Users/swayamsingal/Desktop/Programming/Kairo/KairoEngineCore/tests/Phase3RuntimeTests.cpp:61:1: warning: '__COUNTER__' is a C2y extension [-Wc2y-extensions]
/Users/swayamsingal/Desktop/Programming/Kairo/build/dev-clang/_deps/catch2-src/src/catch2/../catch2/catch_test_macros.hpp:142:28: note: expanded from macro 'TEST_CASE'
  142 |   #define TEST_CASE( ... ) INTERNAL_CATCH_TESTCASE( __VA_ARGS__ )
      |                            ^
/Users/swayamsingal/Desktop/Programming/Kairo/build/dev-clang/_deps/catch2-src/src/catch2/../catch2/internal/catch_test_registry.hpp:89:9: note: expanded from macro 'INTERNAL_CATCH_TESTCASE'
   89 |         INTERNAL_CATCH_TESTCASE2( INTERNAL_CATCH_UNIQUE_NAME( CATCH2_INTERNAL_TEST_ ), __VA_ARGS__ )
      |         ^
/Users/swayamsingal/Desktop/Programming/Kairo/build/dev-clang/_deps/catch2-src/src/catch2/../catch2/internal/catch_test_registry.hpp:85:41: note: expanded from macro 'INTERNAL_CATCH_TESTCASE2'
   85 |         namespace{ const Catch::AutoReg INTERNAL_CATCH_UNIQUE_NAME( autoRegistrar )( Catch::makeTestInvoker( &TestName ), CATCH_INTERNAL_LINEINFO, Catch::StringRef(), Catch::NameAndTags{ __VA_ARGS__ } ); } /* NOLINT */ \
      |                                         ^
/Users/swayamsingal/Desktop/Programming/Kairo/build/dev-clang/_deps/catch2-src/src/catch2/../catch2/internal/catch_unique_name.hpp:15:85: note: expanded from macro 'INTERNAL_CATCH_UNIQUE_NAME'
   15 | #  define INTERNAL_CATCH_UNIQUE_NAME( name ) INTERNAL_CATCH_UNIQUE_NAME_LINE( name, __COUNTER__ )
      |                                                                                     ^
/Users/swayamsingal/Desktop/Programming/Kairo/KairoEngineCore/tests/Phase3RuntimeTests.cpp:93:1: warning: '__COUNTER__' is a C2y extension [-Wc2y-extensions]
   93 | TEST_CASE("Gameplay VM preserves typed variables across bounded dispatches")
      | ^
/Users/swayamsingal/Desktop/Programming/Kairo/build/dev-clang/_deps/catch2-src/src/catch2/../catch2/catch_test_macros.hpp:142:28: note: expanded from macro 'TEST_CASE'
  142 |   #define TEST_CASE( ... ) INTERNAL_CATCH_TESTCASE( __VA_ARGS__ )
      |                            ^
/Users/swayamsingal/Desktop/Programming/Kairo/build/dev-clang/_deps/catch2-src/src/catch2/../catch2/internal/catch_test_registry.hpp:89:35: note: expanded from macro 'INTERNAL_CATCH_TESTCASE'
   89 |         INTERNAL_CATCH_TESTCASE2( INTERNAL_CATCH_UNIQUE_NAME( CATCH2_INTERNAL_TEST_ ), __VA_ARGS__ )
      |                                   ^
/Users/swayamsingal/Desktop/Programming/Kairo/build/dev-clang/_deps/catch2-src/src/catch2/../catch2/internal/catch_unique_name.hpp:15:85: note: expanded from macro 'INTERNAL_CATCH_UNIQUE_NAME'
   15 | #  define INTERNAL_CATCH_UNIQUE_NAME( name ) INTERNAL_CATCH_UNIQUE_NAME_LINE( name, __COUNTER__ )
      |                                                                                     ^
/Users/swayamsingal/Desktop/Programming/Kairo/KairoEngineCore/tests/Phase3RuntimeTests.cpp:93:1: warning: '__COUNTER__' is a C2y extension [-Wc2y-extensions]
/Users/swayamsingal/Desktop/Programming/Kairo/build/dev-clang/_deps/catch2-src/src/catch2/../catch2/catch_test_macros.hpp:142:28: note: expanded from macro 'TEST_CASE'
  142 |   #define TEST_CASE( ... ) INTERNAL_CATCH_TESTCASE( __VA_ARGS__ )
      |                            ^
/Users/swayamsingal/Desktop/Programming/Kairo/build/dev-clang/_deps/catch2-src/src/catch2/../catch2/internal/catch_test_registry.hpp:89:9: note: expanded from macro 'INTERNAL_CATCH_TESTCASE'
   89 |         INTERNAL_CATCH_TESTCASE2( INTERNAL_CATCH_UNIQUE_NAME( CATCH2_INTERNAL_TEST_ ), __VA_ARGS__ )
      |         ^
/Users/swayamsingal/Desktop/Programming/Kairo/build/dev-clang/_deps/catch2-src/src/catch2/../catch2/internal/catch_test_registry.hpp:85:41: note: expanded from macro 'INTERNAL_CATCH_TESTCASE2'
   85 |         namespace{ const Catch::AutoReg INTERNAL_CATCH_UNIQUE_NAME( autoRegistrar )( Catch::makeTestInvoker( &TestName ), CATCH_INTERNAL_LINEINFO, Catch::StringRef(), Catch::NameAndTags{ __VA_ARGS__ } ); } /* NOLINT */ \
      |                                         ^
/Users/swayamsingal/Desktop/Programming/Kairo/build/dev-clang/_deps/catch2-src/src/catch2/../catch2/internal/catch_unique_name.hpp:15:85: note: expanded from macro 'INTERNAL_CATCH_UNIQUE_NAME'
   15 | #  define INTERNAL_CATCH_UNIQUE_NAME( name ) INTERNAL_CATCH_UNIQUE_NAME_LINE( name, __COUNTER__ )
      |                                                                                     ^
/Users/swayamsingal/Desktop/Programming/Kairo/KairoEngineCore/tests/Phase3RuntimeTests.cpp:133:77: warning: missing field 'Action' initializer [-Wmissing-designated-field-initializers]
  133 |     CHECK(instance.Dispatch({ 1u }, { .Event = GameplayEventKind::BeginPlay }, host) == 3u);
      |                                                                             ^
/Users/swayamsingal/Desktop/Programming/Kairo/KairoEngineCore/tests/Phase3RuntimeTests.cpp:133:77: warning: missing field 'Action' initializer [-Wmissing-designated-field-initializers]
/Users/swayamsingal/Desktop/Programming/Kairo/KairoEngineCore/tests/Phase3RuntimeTests.cpp:133:77: warning: missing field 'Action' initializer [-Wmissing-designated-field-initializers]
/Users/swayamsingal/Desktop/Programming/Kairo/KairoEngineCore/tests/Phase3RuntimeTests.cpp:136:36: warning: missing field 'Action' initializer [-Wmissing-designated-field-initializers]
  136 |         .DeltaSeconds = 1.0 / 60.0 }, host) == 8u);
      |                                    ^
/Users/swayamsingal/Desktop/Programming/Kairo/KairoEngineCore/tests/Phase3RuntimeTests.cpp:136:36: warning: missing field 'Action' initializer [-Wmissing-designated-field-initializers]
/Users/swayamsingal/Desktop/Programming/Kairo/KairoEngineCore/tests/Phase3RuntimeTests.cpp:136:36: warning: missing field 'Action' initializer [-Wmissing-designated-field-initializers]
/Users/swayamsingal/Desktop/Programming/Kairo/KairoEngineCore/tests/Phase3RuntimeTests.cpp:141:47: warning: missing field 'OtherEntity' initializer [-Wmissing-designated-field-initializers]
  141 |         .Action = "Spawn", .ActionValue = 1.0 }, host) == 5u);
      |                                               ^
/Users/swayamsingal/Desktop/Programming/Kairo/KairoEngineCore/tests/Phase3RuntimeTests.cpp:141:47: warning: missing field 'OtherEntity' initializer [-Wmissing-designated-field-initializers]
/Users/swayamsingal/Desktop/Programming/Kairo/KairoEngineCore/tests/Phase3RuntimeTests.cpp:141:47: warning: missing field 'OtherEntity' initializer [-Wmissing-designated-field-initializers]
/Users/swayamsingal/Desktop/Programming/Kairo/KairoEngineCore/tests/Phase3RuntimeTests.cpp:156:1: warning: '__COUNTER__' is a C2y extension [-Wc2y-extensions]
  156 | TEST_CASE("Gameplay VM rejects runaway loops and variable type changes")
      | ^
/Users/swayamsingal/Desktop/Programming/Kairo/build/dev-clang/_deps/catch2-src/src/catch2/../catch2/catch_test_macros.hpp:142:28: note: expanded from macro 'TEST_CASE'
  142 |   #define TEST_CASE( ... ) INTERNAL_CATCH_TESTCASE( __VA_ARGS__ )
      |                            ^
/Users/swayamsingal/Desktop/Programming/Kairo/build/dev-clang/_deps/catch2-src/src/catch2/../catch2/internal/catch_test_registry.hpp:89:35: note: expanded from macro 'INTERNAL_CATCH_TESTCASE'
   89 |         INTERNAL_CATCH_TESTCASE2( INTERNAL_CATCH_UNIQUE_NAME( CATCH2_INTERNAL_TEST_ ), __VA_ARGS__ )
      |                                   ^
/Users/swayamsingal/Desktop/Programming/Kairo/build/dev-clang/_deps/catch2-src/src/catch2/../catch2/internal/catch_unique_name.hpp:15:85: note: expanded from macro 'INTERNAL_CATCH_UNIQUE_NAME'
   15 | #  define INTERNAL_CATCH_UNIQUE_NAME( name ) INTERNAL_CATCH_UNIQUE_NAME_LINE( name, __COUNTER__ )
      |                                                                                     ^
/Users/swayamsingal/Desktop/Programming/Kairo/KairoEngineCore/tests/Phase3RuntimeTests.cpp:156:1: warning: '__COUNTER__' is a C2y extension [-Wc2y-extensions]
/Users/swayamsingal/Desktop/Programming/Kairo/build/dev-clang/_deps/catch2-src/src/catch2/../catch2/catch_test_macros.hpp:142:28: note: expanded from macro 'TEST_CASE'
  142 |   #define TEST_CASE( ... ) INTERNAL_CATCH_TESTCASE( __VA_ARGS__ )
      |                            ^
/Users/swayamsingal/Desktop/Programming/Kairo/build/dev-clang/_deps/catch2-src/src/catch2/../catch2/internal/catch_test_registry.hpp:89:9: note: expanded from macro 'INTERNAL_CATCH_TESTCASE'
   89 |         INTERNAL_CATCH_TESTCASE2( INTERNAL_CATCH_UNIQUE_NAME( CATCH2_INTERNAL_TEST_ ), __VA_ARGS__ )
      |         ^
/Users/swayamsingal/Desktop/Programming/Kairo/build/dev-clang/_deps/catch2-src/src/catch2/../catch2/internal/catch_test_registry.hpp:85:41: note: expanded from macro 'INTERNAL_CATCH_TESTCASE2'
   85 |         namespace{ const Catch::AutoReg INTERNAL_CATCH_UNIQUE_NAME( autoRegistrar )( Catch::makeTestInvoker( &TestName ), CATCH_INTERNAL_LINEINFO, Catch::StringRef(), Catch::NameAndTags{ __VA_ARGS__ } ); } /* NOLINT */ \
      |                                         ^
/Users/swayamsingal/Desktop/Programming/Kairo/build/dev-clang/_deps/catch2-src/src/catch2/../catch2/internal/catch_unique_name.hpp:15:85: note: expanded from macro 'INTERNAL_CATCH_UNIQUE_NAME'
   15 | #  define INTERNAL_CATCH_UNIQUE_NAME( name ) INTERNAL_CATCH_UNIQUE_NAME_LINE( name, __COUNTER__ )
      |                                                                                     ^
/Users/swayamsingal/Desktop/Programming/Kairo/KairoEngineCore/tests/Phase3RuntimeTests.cpp:165:66: warning: missing field 'Action' initializer [-Wmissing-designated-field-initializers]
  165 |         { .Event = GameplayEventKind::Tick, .DeltaSeconds = 0.01 }, host, 32u),
      |                                                                  ^
/Users/swayamsingal/Desktop/Programming/Kairo/KairoEngineCore/tests/Phase3RuntimeTests.cpp:180:49: warning: missing field 'Action' initializer [-Wmissing-designated-field-initializers]
  180 |         { .Event = GameplayEventKind::BeginPlay }, host), std::runtime_error);
      |                                                 ^
17 warnings generated.
[836/942] Building CXX object KairoEngineCore/_deps/KairoAssets/CMakeFiles/KairoAssetsTests.dir/tests/AssetTests.cpp.o
/Users/swayamsingal/Desktop/Programming/Kairo/KairoAssets/tests/AssetTests.cpp:59:1: warning: '__COUNTER__' is a C2y extension [-Wc2y-extensions]
   59 | TEST_CASE("Asset IDs round-trip canonical UUID text", "[KairoAssets][Identity]")
      | ^
/Users/swayamsingal/Desktop/Programming/Kairo/build/dev-clang/_deps/catch2-src/src/catch2/../catch2/catch_test_macros.hpp:142:28: note: expanded from macro 'TEST_CASE'
  142 |   #define TEST_CASE( ... ) INTERNAL_CATCH_TESTCASE( __VA_ARGS__ )
      |                            ^
/Users/swayamsingal/Desktop/Programming/Kairo/build/dev-clang/_deps/catch2-src/src/catch2/../catch2/internal/catch_test_registry.hpp:89:35: note: expanded from macro 'INTERNAL_CATCH_TESTCASE'
   89 |         INTERNAL_CATCH_TESTCASE2( INTERNAL_CATCH_UNIQUE_NAME( CATCH2_INTERNAL_TEST_ ), __VA_ARGS__ )
      |                                   ^
/Users/swayamsingal/Desktop/Programming/Kairo/build/dev-clang/_deps/catch2-src/src/catch2/../catch2/internal/catch_unique_name.hpp:15:85: note: expanded from macro 'INTERNAL_CATCH_UNIQUE_NAME'
   15 | #  define INTERNAL_CATCH_UNIQUE_NAME( name ) INTERNAL_CATCH_UNIQUE_NAME_LINE( name, __COUNTER__ )
      |                                                                                     ^
/Users/swayamsingal/Desktop/Programming/Kairo/KairoAssets/tests/AssetTests.cpp:59:1: warning: '__COUNTER__' is a C2y extension [-Wc2y-extensions]
/Users/swayamsingal/Desktop/Programming/Kairo/build/dev-clang/_deps/catch2-src/src/catch2/../catch2/catch_test_macros.hpp:142:28: note: expanded from macro 'TEST_CASE'
  142 |   #define TEST_CASE( ... ) INTERNAL_CATCH_TESTCASE( __VA_ARGS__ )
      |                            ^
/Users/swayamsingal/Desktop/Programming/Kairo/build/dev-clang/_deps/catch2-src/src/catch2/../catch2/internal/catch_test_registry.hpp:89:9: note: expanded from macro 'INTERNAL_CATCH_TESTCASE'
   89 |         INTERNAL_CATCH_TESTCASE2( INTERNAL_CATCH_UNIQUE_NAME( CATCH2_INTERNAL_TEST_ ), __VA_ARGS__ )
      |         ^
/Users/swayamsingal/Desktop/Programming/Kairo/build/dev-clang/_deps/catch2-src/src/catch2/../catch2/internal/catch_test_registry.hpp:85:41: note: expanded from macro 'INTERNAL_CATCH_TESTCASE2'
   85 |         namespace{ const Catch::AutoReg INTERNAL_CATCH_UNIQUE_NAME( autoRegistrar )( Catch::makeTestInvoker( &TestName ), CATCH_INTERNAL_LINEINFO, Catch::StringRef(), Catch::NameAndTags{ __VA_ARGS__ } ); } /* NOLINT */ \
      |                                         ^
/Users/swayamsingal/Desktop/Programming/Kairo/build/dev-clang/_deps/catch2-src/src/catch2/../catch2/internal/catch_unique_name.hpp:15:85: note: expanded from macro 'INTERNAL_CATCH_UNIQUE_NAME'
   15 | #  define INTERNAL_CATCH_UNIQUE_NAME( name ) INTERNAL_CATCH_UNIQUE_NAME_LINE( name, __COUNTER__ )
      |                                                                                     ^
/Users/swayamsingal/Desktop/Programming/Kairo/KairoAssets/tests/AssetTests.cpp:81:1: warning: '__COUNTER__' is a C2y extension [-Wc2y-extensions]
   81 | TEST_CASE("Asset fingerprints use portable SHA-256 content identity", "[KairoAssets][Fingerprint]")
      | ^
/Users/swayamsingal/Desktop/Programming/Kairo/build/dev-clang/_deps/catch2-src/src/catch2/../catch2/catch_test_macros.hpp:142:28: note: expanded from macro 'TEST_CASE'
  142 |   #define TEST_CASE( ... ) INTERNAL_CATCH_TESTCASE( __VA_ARGS__ )
      |                            ^
/Users/swayamsingal/Desktop/Programming/Kairo/build/dev-clang/_deps/catch2-src/src/catch2/../catch2/internal/catch_test_registry.hpp:89:35: note: expanded from macro 'INTERNAL_CATCH_TESTCASE'
   89 |         INTERNAL_CATCH_TESTCASE2( INTERNAL_CATCH_UNIQUE_NAME( CATCH2_INTERNAL_TEST_ ), __VA_ARGS__ )
      |                                   ^
/Users/swayamsingal/Desktop/Programming/Kairo/build/dev-clang/_deps/catch2-src/src/catch2/../catch2/internal/catch_unique_name.hpp:15:85: note: expanded from macro 'INTERNAL_CATCH_UNIQUE_NAME'
   15 | #  define INTERNAL_CATCH_UNIQUE_NAME( name ) INTERNAL_CATCH_UNIQUE_NAME_LINE( name, __COUNTER__ )
      |                                                                                     ^
/Users/swayamsingal/Desktop/Programming/Kairo/KairoAssets/tests/AssetTests.cpp:81:1: warning: '__COUNTER__' is a C2y extension [-Wc2y-extensions]
/Users/swayamsingal/Desktop/Programming/Kairo/build/dev-clang/_deps/catch2-src/src/catch2/../catch2/catch_test_macros.hpp:142:28: note: expanded from macro 'TEST_CASE'
  142 |   #define TEST_CASE( ... ) INTERNAL_CATCH_TESTCASE( __VA_ARGS__ )
      |                            ^
/Users/swayamsingal/Desktop/Programming/Kairo/build/dev-clang/_deps/catch2-src/src/catch2/../catch2/internal/catch_test_registry.hpp:89:9: note: expanded from macro 'INTERNAL_CATCH_TESTCASE'
   89 |         INTERNAL_CATCH_TESTCASE2( INTERNAL_CATCH_UNIQUE_NAME( CATCH2_INTERNAL_TEST_ ), __VA_ARGS__ )
      |         ^
/Users/swayamsingal/Desktop/Programming/Kairo/build/dev-clang/_deps/catch2-src/src/catch2/../catch2/internal/catch_test_registry.hpp:85:41: note: expanded from macro 'INTERNAL_CATCH_TESTCASE2'
   85 |         namespace{ const Catch::AutoReg INTERNAL_CATCH_UNIQUE_NAME( autoRegistrar )( Catch::makeTestInvoker( &TestName ), CATCH_INTERNAL_LINEINFO, Catch::StringRef(), Catch::NameAndTags{ __VA_ARGS__ } ); } /* NOLINT */ \
      |                                         ^
/Users/swayamsingal/Desktop/Programming/Kairo/build/dev-clang/_deps/catch2-src/src/catch2/../catch2/internal/catch_unique_name.hpp:15:85: note: expanded from macro 'INTERNAL_CATCH_UNIQUE_NAME'
   15 | #  define INTERNAL_CATCH_UNIQUE_NAME( name ) INTERNAL_CATCH_UNIQUE_NAME_LINE( name, __COUNTER__ )
      |                                                                                     ^
/Users/swayamsingal/Desktop/Programming/Kairo/KairoAssets/tests/AssetTests.cpp:105:1: warning: '__COUNTER__' is a C2y extension [-Wc2y-extensions]
  105 | TEST_CASE("Import provenance detects source changes without owning import execution", "[KairoAssets][Import]")
      | ^
/Users/swayamsingal/Desktop/Programming/Kairo/build/dev-clang/_deps/catch2-src/src/catch2/../catch2/catch_test_macros.hpp:142:28: note: expanded from macro 'TEST_CASE'
  142 |   #define TEST_CASE( ... ) INTERNAL_CATCH_TESTCASE( __VA_ARGS__ )
      |                            ^
/Users/swayamsingal/Desktop/Programming/Kairo/build/dev-clang/_deps/catch2-src/src/catch2/../catch2/internal/catch_test_registry.hpp:89:35: note: expanded from macro 'INTERNAL_CATCH_TESTCASE'
   89 |         INTERNAL_CATCH_TESTCASE2( INTERNAL_CATCH_UNIQUE_NAME( CATCH2_INTERNAL_TEST_ ), __VA_ARGS__ )
      |                                   ^
/Users/swayamsingal/Desktop/Programming/Kairo/build/dev-clang/_deps/catch2-src/src/catch2/../catch2/internal/catch_unique_name.hpp:15:85: note: expanded from macro 'INTERNAL_CATCH_UNIQUE_NAME'
   15 | #  define INTERNAL_CATCH_UNIQUE_NAME( name ) INTERNAL_CATCH_UNIQUE_NAME_LINE( name, __COUNTER__ )
      |                                                                                     ^
/Users/swayamsingal/Desktop/Programming/Kairo/KairoAssets/tests/AssetTests.cpp:105:1: warning: '__COUNTER__' is a C2y extension [-Wc2y-extensions]
/Users/swayamsingal/Desktop/Programming/Kairo/build/dev-clang/_deps/catch2-src/src/catch2/../catch2/catch_test_macros.hpp:142:28: note: expanded from macro 'TEST_CASE'
  142 |   #define TEST_CASE( ... ) INTERNAL_CATCH_TESTCASE( __VA_ARGS__ )
      |                            ^
/Users/swayamsingal/Desktop/Programming/Kairo/build/dev-clang/_deps/catch2-src/src/catch2/../catch2/internal/catch_test_registry.hpp:89:9: note: expanded from macro 'INTERNAL_CATCH_TESTCASE'
   89 |         INTERNAL_CATCH_TESTCASE2( INTERNAL_CATCH_UNIQUE_NAME( CATCH2_INTERNAL_TEST_ ), __VA_ARGS__ )
      |         ^
/Users/swayamsingal/Desktop/Programming/Kairo/build/dev-clang/_deps/catch2-src/src/catch2/../catch2/internal/catch_test_registry.hpp:85:41: note: expanded from macro 'INTERNAL_CATCH_TESTCASE2'
   85 |         namespace{ const Catch::AutoReg INTERNAL_CATCH_UNIQUE_NAME( autoRegistrar )( Catch::makeTestInvoker( &TestName ), CATCH_INTERNAL_LINEINFO, Catch::StringRef(), Catch::NameAndTags{ __VA_ARGS__ } ); } /* NOLINT */ \
      |                                         ^
/Users/swayamsingal/Desktop/Programming/Kairo/build/dev-clang/_deps/catch2-src/src/catch2/../catch2/internal/catch_unique_name.hpp:15:85: note: expanded from macro 'INTERNAL_CATCH_UNIQUE_NAME'
   15 | #  define INTERNAL_CATCH_UNIQUE_NAME( name ) INTERNAL_CATCH_UNIQUE_NAME_LINE( name, __COUNTER__ )
      |                                                                                     ^
/Users/swayamsingal/Desktop/Programming/Kairo/KairoAssets/tests/AssetTests.cpp:138:1: warning: '__COUNTER__' is a C2y extension [-Wc2y-extensions]
  138 | TEST_CASE("Derived data cache is content addressed and byte exact", "[KairoAssets][Cache]")
      | ^
/Users/swayamsingal/Desktop/Programming/Kairo/build/dev-clang/_deps/catch2-src/src/catch2/../catch2/catch_test_macros.hpp:142:28: note: expanded from macro 'TEST_CASE'
  142 |   #define TEST_CASE( ... ) INTERNAL_CATCH_TESTCASE( __VA_ARGS__ )
      |                            ^
/Users/swayamsingal/Desktop/Programming/Kairo/build/dev-clang/_deps/catch2-src/src/catch2/../catch2/internal/catch_test_registry.hpp:89:35: note: expanded from macro 'INTERNAL_CATCH_TESTCASE'
   89 |         INTERNAL_CATCH_TESTCASE2( INTERNAL_CATCH_UNIQUE_NAME( CATCH2_INTERNAL_TEST_ ), __VA_ARGS__ )
      |                                   ^
/Users/swayamsingal/Desktop/Programming/Kairo/build/dev-clang/_deps/catch2-src/src/catch2/../catch2/internal/catch_unique_name.hpp:15:85: note: expanded from macro 'INTERNAL_CATCH_UNIQUE_NAME'
   15 | #  define INTERNAL_CATCH_UNIQUE_NAME( name ) INTERNAL_CATCH_UNIQUE_NAME_LINE( name, __COUNTER__ )
      |                                                                                     ^
/Users/swayamsingal/Desktop/Programming/Kairo/KairoAssets/tests/AssetTests.cpp:138:1: warning: '__COUNTER__' is a C2y extension [-Wc2y-extensions]
/Users/swayamsingal/Desktop/Programming/Kairo/build/dev-clang/_deps/catch2-src/src/catch2/../catch2/catch_test_macros.hpp:142:28: note: expanded from macro 'TEST_CASE'
  142 |   #define TEST_CASE( ... ) INTERNAL_CATCH_TESTCASE( __VA_ARGS__ )
      |                            ^
/Users/swayamsingal/Desktop/Programming/Kairo/build/dev-clang/_deps/catch2-src/src/catch2/../catch2/internal/catch_test_registry.hpp:89:9: note: expanded from macro 'INTERNAL_CATCH_TESTCASE'
   89 |         INTERNAL_CATCH_TESTCASE2( INTERNAL_CATCH_UNIQUE_NAME( CATCH2_INTERNAL_TEST_ ), __VA_ARGS__ )
      |         ^
/Users/swayamsingal/Desktop/Programming/Kairo/build/dev-clang/_deps/catch2-src/src/catch2/../catch2/internal/catch_test_registry.hpp:85:41: note: expanded from macro 'INTERNAL_CATCH_TESTCASE2'
   85 |         namespace{ const Catch::AutoReg INTERNAL_CATCH_UNIQUE_NAME( autoRegistrar )( Catch::makeTestInvoker( &TestName ), CATCH_INTERNAL_LINEINFO, Catch::StringRef(), Catch::NameAndTags{ __VA_ARGS__ } ); } /* NOLINT */ \
      |                                         ^
/Users/swayamsingal/Desktop/Programming/Kairo/build/dev-clang/_deps/catch2-src/src/catch2/../catch2/internal/catch_unique_name.hpp:15:85: note: expanded from macro 'INTERNAL_CATCH_UNIQUE_NAME'
   15 | #  define INTERNAL_CATCH_UNIQUE_NAME( name ) INTERNAL_CATCH_UNIQUE_NAME_LINE( name, __COUNTER__ )
      |                                                                                     ^
/Users/swayamsingal/Desktop/Programming/Kairo/KairoAssets/tests/AssetTests.cpp:164:1: warning: '__COUNTER__' is a C2y extension [-Wc2y-extensions]
  164 | TEST_CASE("Derived artifacts require a stable declared format", "[KairoAssets][Artifact]")
      | ^
/Users/swayamsingal/Desktop/Programming/Kairo/build/dev-clang/_deps/catch2-src/src/catch2/../catch2/catch_test_macros.hpp:142:28: note: expanded from macro 'TEST_CASE'
  142 |   #define TEST_CASE( ... ) INTERNAL_CATCH_TESTCASE( __VA_ARGS__ )
      |                            ^
/Users/swayamsingal/Desktop/Programming/Kairo/build/dev-clang/_deps/catch2-src/src/catch2/../catch2/internal/catch_test_registry.hpp:89:35: note: expanded from macro 'INTERNAL_CATCH_TESTCASE'
   89 |         INTERNAL_CATCH_TESTCASE2( INTERNAL_CATCH_UNIQUE_NAME( CATCH2_INTERNAL_TEST_ ), __VA_ARGS__ )
      |                                   ^
/Users/swayamsingal/Desktop/Programming/Kairo/build/dev-clang/_deps/catch2-src/src/catch2/../catch2/internal/catch_unique_name.hpp:15:85: note: expanded from macro 'INTERNAL_CATCH_UNIQUE_NAME'
   15 | #  define INTERNAL_CATCH_UNIQUE_NAME( name ) INTERNAL_CATCH_UNIQUE_NAME_LINE( name, __COUNTER__ )
      |                                                                                     ^
/Users/swayamsingal/Desktop/Programming/Kairo/KairoAssets/tests/AssetTests.cpp:164:1: warning: '__COUNTER__' is a C2y extension [-Wc2y-extensions]
/Users/swayamsingal/Desktop/Programming/Kairo/build/dev-clang/_deps/catch2-src/src/catch2/../catch2/catch_test_macros.hpp:142:28: note: expanded from macro 'TEST_CASE'
  142 |   #define TEST_CASE( ... ) INTERNAL_CATCH_TESTCASE( __VA_ARGS__ )
      |                            ^
/Users/swayamsingal/Desktop/Programming/Kairo/build/dev-clang/_deps/catch2-src/src/catch2/../catch2/internal/catch_test_registry.hpp:89:9: note: expanded from macro 'INTERNAL_CATCH_TESTCASE'
   89 |         INTERNAL_CATCH_TESTCASE2( INTERNAL_CATCH_UNIQUE_NAME( CATCH2_INTERNAL_TEST_ ), __VA_ARGS__ )
      |         ^
/Users/swayamsingal/Desktop/Programming/Kairo/build/dev-clang/_deps/catch2-src/src/catch2/../catch2/internal/catch_test_registry.hpp:85:41: note: expanded from macro 'INTERNAL_CATCH_TESTCASE2'
   85 |         namespace{ const Catch::AutoReg INTERNAL_CATCH_UNIQUE_NAME( autoRegistrar )( Catch::makeTestInvoker( &TestName ), CATCH_INTERNAL_LINEINFO, Catch::StringRef(), Catch::NameAndTags{ __VA_ARGS__ } ); } /* NOLINT */ \
      |                                         ^
/Users/swayamsingal/Desktop/Programming/Kairo/build/dev-clang/_deps/catch2-src/src/catch2/../catch2/internal/catch_unique_name.hpp:15:85: note: expanded from macro 'INTERNAL_CATCH_UNIQUE_NAME'
   15 | #  define INTERNAL_CATCH_UNIQUE_NAME( name ) INTERNAL_CATCH_UNIQUE_NAME_LINE( name, __COUNTER__ )
      |                                                                                     ^
/Users/swayamsingal/Desktop/Programming/Kairo/KairoAssets/tests/AssetTests.cpp:198:1: warning: '__COUNTER__' is a C2y extension [-Wc2y-extensions]
  198 | TEST_CASE("Portable binary format is endian-stable and bounds checked", "[KairoAssets][Binary]")
      | ^
/Users/swayamsingal/Desktop/Programming/Kairo/build/dev-clang/_deps/catch2-src/src/catch2/../catch2/catch_test_macros.hpp:142:28: note: expanded from macro 'TEST_CASE'
  142 |   #define TEST_CASE( ... ) INTERNAL_CATCH_TESTCASE( __VA_ARGS__ )
      |                            ^
/Users/swayamsingal/Desktop/Programming/Kairo/build/dev-clang/_deps/catch2-src/src/catch2/../catch2/internal/catch_test_registry.hpp:89:35: note: expanded from macro 'INTERNAL_CATCH_TESTCASE'
   89 |         INTERNAL_CATCH_TESTCASE2( INTERNAL_CATCH_UNIQUE_NAME( CATCH2_INTERNAL_TEST_ ), __VA_ARGS__ )
      |                                   ^
/Users/swayamsingal/Desktop/Programming/Kairo/build/dev-clang/_deps/catch2-src/src/catch2/../catch2/internal/catch_unique_name.hpp:15:85: note: expanded from macro 'INTERNAL_CATCH_UNIQUE_NAME'
   15 | #  define INTERNAL_CATCH_UNIQUE_NAME( name ) INTERNAL_CATCH_UNIQUE_NAME_LINE( name, __COUNTER__ )
      |                                                                                     ^
/Users/swayamsingal/Desktop/Programming/Kairo/KairoAssets/tests/AssetTests.cpp:198:1: warning: '__COUNTER__' is a C2y extension [-Wc2y-extensions]
/Users/swayamsingal/Desktop/Programming/Kairo/build/dev-clang/_deps/catch2-src/src/catch2/../catch2/catch_test_macros.hpp:142:28: note: expanded from macro 'TEST_CASE'
  142 |   #define TEST_CASE( ... ) INTERNAL_CATCH_TESTCASE( __VA_ARGS__ )
      |                            ^
/Users/swayamsingal/Desktop/Programming/Kairo/build/dev-clang/_deps/catch2-src/src/catch2/../catch2/internal/catch_test_registry.hpp:89:9: note: expanded from macro 'INTERNAL_CATCH_TESTCASE'
   89 |         INTERNAL_CATCH_TESTCASE2( INTERNAL_CATCH_UNIQUE_NAME( CATCH2_INTERNAL_TEST_ ), __VA_ARGS__ )
      |         ^
/Users/swayamsingal/Desktop/Programming/Kairo/build/dev-clang/_deps/catch2-src/src/catch2/../catch2/internal/catch_test_registry.hpp:85:41: note: expanded from macro 'INTERNAL_CATCH_TESTCASE2'
   85 |         namespace{ const Catch::AutoReg INTERNAL_CATCH_UNIQUE_NAME( autoRegistrar )( Catch::makeTestInvoker( &TestName ), CATCH_INTERNAL_LINEINFO, Catch::StringRef(), Catch::NameAndTags{ __VA_ARGS__ } ); } /* NOLINT */ \
      |                                         ^
/Users/swayamsingal/Desktop/Programming/Kairo/build/dev-clang/_deps/catch2-src/src/catch2/../catch2/internal/catch_unique_name.hpp:15:85: note: expanded from macro 'INTERNAL_CATCH_UNIQUE_NAME'
   15 | #  define INTERNAL_CATCH_UNIQUE_NAME( name ) INTERNAL_CATCH_UNIQUE_NAME_LINE( name, __COUNTER__ )
      |                                                                                     ^
/Users/swayamsingal/Desktop/Programming/Kairo/KairoAssets/tests/AssetTests.cpp:224:1: warning: '__COUNTER__' is a C2y extension [-Wc2y-extensions]
  224 | TEST_CASE("Mesh artifacts round-trip portable indexed geometry", "[KairoAssets][Mesh]")
      | ^
/Users/swayamsingal/Desktop/Programming/Kairo/build/dev-clang/_deps/catch2-src/src/catch2/../catch2/catch_test_macros.hpp:142:28: note: expanded from macro 'TEST_CASE'
  142 |   #define TEST_CASE( ... ) INTERNAL_CATCH_TESTCASE( __VA_ARGS__ )
      |                            ^
/Users/swayamsingal/Desktop/Programming/Kairo/build/dev-clang/_deps/catch2-src/src/catch2/../catch2/internal/catch_test_registry.hpp:89:35: note: expanded from macro 'INTERNAL_CATCH_TESTCASE'
   89 |         INTERNAL_CATCH_TESTCASE2( INTERNAL_CATCH_UNIQUE_NAME( CATCH2_INTERNAL_TEST_ ), __VA_ARGS__ )
      |                                   ^
/Users/swayamsingal/Desktop/Programming/Kairo/build/dev-clang/_deps/catch2-src/src/catch2/../catch2/internal/catch_unique_name.hpp:15:85: note: expanded from macro 'INTERNAL_CATCH_UNIQUE_NAME'
   15 | #  define INTERNAL_CATCH_UNIQUE_NAME( name ) INTERNAL_CATCH_UNIQUE_NAME_LINE( name, __COUNTER__ )
      |                                                                                     ^
/Users/swayamsingal/Desktop/Programming/Kairo/KairoAssets/tests/AssetTests.cpp:224:1: warning: '__COUNTER__' is a C2y extension [-Wc2y-extensions]
/Users/swayamsingal/Desktop/Programming/Kairo/build/dev-clang/_deps/catch2-src/src/catch2/../catch2/catch_test_macros.hpp:142:28: note: expanded from macro 'TEST_CASE'
  142 |   #define TEST_CASE( ... ) INTERNAL_CATCH_TESTCASE( __VA_ARGS__ )
      |                            ^
/Users/swayamsingal/Desktop/Programming/Kairo/build/dev-clang/_deps/catch2-src/src/catch2/../catch2/internal/catch_test_registry.hpp:89:9: note: expanded from macro 'INTERNAL_CATCH_TESTCASE'
   89 |         INTERNAL_CATCH_TESTCASE2( INTERNAL_CATCH_UNIQUE_NAME( CATCH2_INTERNAL_TEST_ ), __VA_ARGS__ )
      |         ^
/Users/swayamsingal/Desktop/Programming/Kairo/build/dev-clang/_deps/catch2-src/src/catch2/../catch2/internal/catch_test_registry.hpp:85:41: note: expanded from macro 'INTERNAL_CATCH_TESTCASE2'
   85 |         namespace{ const Catch::AutoReg INTERNAL_CATCH_UNIQUE_NAME( autoRegistrar )( Catch::makeTestInvoker( &TestName ), CATCH_INTERNAL_LINEINFO, Catch::StringRef(), Catch::NameAndTags{ __VA_ARGS__ } ); } /* NOLINT */ \
      |                                         ^
/Users/swayamsingal/Desktop/Programming/Kairo/build/dev-clang/_deps/catch2-src/src/catch2/../catch2/internal/catch_unique_name.hpp:15:85: note: expanded from macro 'INTERNAL_CATCH_UNIQUE_NAME'
   15 | #  define INTERNAL_CATCH_UNIQUE_NAME( name ) INTERNAL_CATCH_UNIQUE_NAME_LINE( name, __COUNTER__ )
      |                                                                                     ^
/Users/swayamsingal/Desktop/Programming/Kairo/KairoAssets/tests/AssetTests.cpp:255:1: warning: '__COUNTER__' is a C2y extension [-Wc2y-extensions]
  255 | TEST_CASE("Source watcher reports only deterministic provenance transitions", "[KairoAssets][Watch]")
      | ^
/Users/swayamsingal/Desktop/Programming/Kairo/build/dev-clang/_deps/catch2-src/src/catch2/../catch2/catch_test_macros.hpp:142:28: note: expanded from macro 'TEST_CASE'
  142 |   #define TEST_CASE( ... ) INTERNAL_CATCH_TESTCASE( __VA_ARGS__ )
      |                            ^
/Users/swayamsingal/Desktop/Programming/Kairo/build/dev-clang/_deps/catch2-src/src/catch2/../catch2/internal/catch_test_registry.hpp:89:35: note: expanded from macro 'INTERNAL_CATCH_TESTCASE'
   89 |         INTERNAL_CATCH_TESTCASE2( INTERNAL_CATCH_UNIQUE_NAME( CATCH2_INTERNAL_TEST_ ), __VA_ARGS__ )
      |                                   ^
/Users/swayamsingal/Desktop/Programming/Kairo/build/dev-clang/_deps/catch2-src/src/catch2/../catch2/internal/catch_unique_name.hpp:15:85: note: expanded from macro 'INTERNAL_CATCH_UNIQUE_NAME'
   15 | #  define INTERNAL_CATCH_UNIQUE_NAME( name ) INTERNAL_CATCH_UNIQUE_NAME_LINE( name, __COUNTER__ )
      |                                                                                     ^
/Users/swayamsingal/Desktop/Programming/Kairo/KairoAssets/tests/AssetTests.cpp:255:1: warning: '__COUNTER__' is a C2y extension [-Wc2y-extensions]
/Users/swayamsingal/Desktop/Programming/Kairo/build/dev-clang/_deps/catch2-src/src/catch2/../catch2/catch_test_macros.hpp:142:28: note: expanded from macro 'TEST_CASE'
  142 |   #define TEST_CASE( ... ) INTERNAL_CATCH_TESTCASE( __VA_ARGS__ )
      |                            ^
/Users/swayamsingal/Desktop/Programming/Kairo/build/dev-clang/_deps/catch2-src/src/catch2/../catch2/internal/catch_test_registry.hpp:89:9: note: expanded from macro 'INTERNAL_CATCH_TESTCASE'
   89 |         INTERNAL_CATCH_TESTCASE2( INTERNAL_CATCH_UNIQUE_NAME( CATCH2_INTERNAL_TEST_ ), __VA_ARGS__ )
      |         ^
/Users/swayamsingal/Desktop/Programming/Kairo/build/dev-clang/_deps/catch2-src/src/catch2/../catch2/internal/catch_test_registry.hpp:85:41: note: expanded from macro 'INTERNAL_CATCH_TESTCASE2'
   85 |         namespace{ const Catch::AutoReg INTERNAL_CATCH_UNIQUE_NAME( autoRegistrar )( Catch::makeTestInvoker( &TestName ), CATCH_INTERNAL_LINEINFO, Catch::StringRef(), Catch::NameAndTags{ __VA_ARGS__ } ); } /* NOLINT */ \
      |                                         ^
/Users/swayamsingal/Desktop/Programming/Kairo/build/dev-clang/_deps/catch2-src/src/catch2/../catch2/internal/catch_unique_name.hpp:15:85: note: expanded from macro 'INTERNAL_CATCH_UNIQUE_NAME'
   15 | #  define INTERNAL_CATCH_UNIQUE_NAME( name ) INTERNAL_CATCH_UNIQUE_NAME_LINE( name, __COUNTER__ )
      |                                                                                     ^
/Users/swayamsingal/Desktop/Programming/Kairo/KairoAssets/tests/AssetTests.cpp:277:1: warning: '__COUNTER__' is a C2y extension [-Wc2y-extensions]
  277 | TEST_CASE("Import service caches successful plugin output before recording provenance", "[KairoAssets][Importer]")
      | ^
/Users/swayamsingal/Desktop/Programming/Kairo/build/dev-clang/_deps/catch2-src/src/catch2/../catch2/catch_test_macros.hpp:142:28: note: expanded from macro 'TEST_CASE'
  142 |   #define TEST_CASE( ... ) INTERNAL_CATCH_TESTCASE( __VA_ARGS__ )
      |                            ^
/Users/swayamsingal/Desktop/Programming/Kairo/build/dev-clang/_deps/catch2-src/src/catch2/../catch2/internal/catch_test_registry.hpp:89:35: note: expanded from macro 'INTERNAL_CATCH_TESTCASE'
   89 |         INTERNAL_CATCH_TESTCASE2( INTERNAL_CATCH_UNIQUE_NAME( CATCH2_INTERNAL_TEST_ ), __VA_ARGS__ )
      |                                   ^
/Users/swayamsingal/Desktop/Programming/Kairo/build/dev-clang/_deps/catch2-src/src/catch2/../catch2/internal/catch_unique_name.hpp:15:85: note: expanded from macro 'INTERNAL_CATCH_UNIQUE_NAME'
   15 | #  define INTERNAL_CATCH_UNIQUE_NAME( name ) INTERNAL_CATCH_UNIQUE_NAME_LINE( name, __COUNTER__ )
      |                                                                                     ^
/Users/swayamsingal/Desktop/Programming/Kairo/KairoAssets/tests/AssetTests.cpp:277:1: warning: '__COUNTER__' is a C2y extension [-Wc2y-extensions]
/Users/swayamsingal/Desktop/Programming/Kairo/build/dev-clang/_deps/catch2-src/src/catch2/../catch2/catch_test_macros.hpp:142:28: note: expanded from macro 'TEST_CASE'
  142 |   #define TEST_CASE( ... ) INTERNAL_CATCH_TESTCASE( __VA_ARGS__ )
      |                            ^
/Users/swayamsingal/Desktop/Programming/Kairo/build/dev-clang/_deps/catch2-src/src/catch2/../catch2/internal/catch_test_registry.hpp:89:9: note: expanded from macro 'INTERNAL_CATCH_TESTCASE'
   89 |         INTERNAL_CATCH_TESTCASE2( INTERNAL_CATCH_UNIQUE_NAME( CATCH2_INTERNAL_TEST_ ), __VA_ARGS__ )
      |         ^
/Users/swayamsingal/Desktop/Programming/Kairo/build/dev-clang/_deps/catch2-src/src/catch2/../catch2/internal/catch_test_registry.hpp:85:41: note: expanded from macro 'INTERNAL_CATCH_TESTCASE2'
   85 |         namespace{ const Catch::AutoReg INTERNAL_CATCH_UNIQUE_NAME( autoRegistrar )( Catch::makeTestInvoker( &TestName ), CATCH_INTERNAL_LINEINFO, Catch::StringRef(), Catch::NameAndTags{ __VA_ARGS__ } ); } /* NOLINT */ \
      |                                         ^
/Users/swayamsingal/Desktop/Programming/Kairo/build/dev-clang/_deps/catch2-src/src/catch2/../catch2/internal/catch_unique_name.hpp:15:85: note: expanded from macro 'INTERNAL_CATCH_UNIQUE_NAME'
   15 | #  define INTERNAL_CATCH_UNIQUE_NAME( name ) INTERNAL_CATCH_UNIQUE_NAME_LINE( name, __COUNTER__ )
      |                                                                                     ^
/Users/swayamsingal/Desktop/Programming/Kairo/KairoAssets/tests/AssetTests.cpp:304:1: warning: '__COUNTER__' is a C2y extension [-Wc2y-extensions]
  304 | TEST_CASE("Import service rejects mistyped plugin output before publication", "[KairoAssets][Importer]")
      | ^
/Users/swayamsingal/Desktop/Programming/Kairo/build/dev-clang/_deps/catch2-src/src/catch2/../catch2/catch_test_macros.hpp:142:28: note: expanded from macro 'TEST_CASE'
  142 |   #define TEST_CASE( ... ) INTERNAL_CATCH_TESTCASE( __VA_ARGS__ )
      |                            ^
/Users/swayamsingal/Desktop/Programming/Kairo/build/dev-clang/_deps/catch2-src/src/catch2/../catch2/internal/catch_test_registry.hpp:89:35: note: expanded from macro 'INTERNAL_CATCH_TESTCASE'
   89 |         INTERNAL_CATCH_TESTCASE2( INTERNAL_CATCH_UNIQUE_NAME( CATCH2_INTERNAL_TEST_ ), __VA_ARGS__ )
      |                                   ^
/Users/swayamsingal/Desktop/Programming/Kairo/build/dev-clang/_deps/catch2-src/src/catch2/../catch2/internal/catch_unique_name.hpp:15:85: note: expanded from macro 'INTERNAL_CATCH_UNIQUE_NAME'
   15 | #  define INTERNAL_CATCH_UNIQUE_NAME( name ) INTERNAL_CATCH_UNIQUE_NAME_LINE( name, __COUNTER__ )
      |                                                                                     ^
/Users/swayamsingal/Desktop/Programming/Kairo/KairoAssets/tests/AssetTests.cpp:304:1: warning: '__COUNTER__' is a C2y extension [-Wc2y-extensions]
/Users/swayamsingal/Desktop/Programming/Kairo/build/dev-clang/_deps/catch2-src/src/catch2/../catch2/catch_test_macros.hpp:142:28: note: expanded from macro 'TEST_CASE'
  142 |   #define TEST_CASE( ... ) INTERNAL_CATCH_TESTCASE( __VA_ARGS__ )
      |                            ^
/Users/swayamsingal/Desktop/Programming/Kairo/build/dev-clang/_deps/catch2-src/src/catch2/../catch2/internal/catch_test_registry.hpp:89:9: note: expanded from macro 'INTERNAL_CATCH_TESTCASE'
   89 |         INTERNAL_CATCH_TESTCASE2( INTERNAL_CATCH_UNIQUE_NAME( CATCH2_INTERNAL_TEST_ ), __VA_ARGS__ )
      |         ^
/Users/swayamsingal/Desktop/Programming/Kairo/build/dev-clang/_deps/catch2-src/src/catch2/../catch2/internal/catch_test_registry.hpp:85:41: note: expanded from macro 'INTERNAL_CATCH_TESTCASE2'
   85 |         namespace{ const Catch::AutoReg INTERNAL_CATCH_UNIQUE_NAME( autoRegistrar )( Catch::makeTestInvoker( &TestName ), CATCH_INTERNAL_LINEINFO, Catch::StringRef(), Catch::NameAndTags{ __VA_ARGS__ } ); } /* NOLINT */ \
      |                                         ^
/Users/swayamsingal/Desktop/Programming/Kairo/build/dev-clang/_deps/catch2-src/src/catch2/../catch2/internal/catch_unique_name.hpp:15:85: note: expanded from macro 'INTERNAL_CATCH_UNIQUE_NAME'
   15 | #  define INTERNAL_CATCH_UNIQUE_NAME( name ) INTERNAL_CATCH_UNIQUE_NAME_LINE( name, __COUNTER__ )
      |                                                                                     ^
/Users/swayamsingal/Desktop/Programming/Kairo/KairoAssets/tests/AssetTests.cpp:325:1: warning: '__COUNTER__' is a C2y extension [-Wc2y-extensions]
  325 | TEST_CASE("Import service rejects a cached artifact with the wrong type", "[KairoAssets][Importer]")
      | ^
/Users/swayamsingal/Desktop/Programming/Kairo/build/dev-clang/_deps/catch2-src/src/catch2/../catch2/catch_test_macros.hpp:142:28: note: expanded from macro 'TEST_CASE'
  142 |   #define TEST_CASE( ... ) INTERNAL_CATCH_TESTCASE( __VA_ARGS__ )
      |                            ^
/Users/swayamsingal/Desktop/Programming/Kairo/build/dev-clang/_deps/catch2-src/src/catch2/../catch2/internal/catch_test_registry.hpp:89:35: note: expanded from macro 'INTERNAL_CATCH_TESTCASE'
   89 |         INTERNAL_CATCH_TESTCASE2( INTERNAL_CATCH_UNIQUE_NAME( CATCH2_INTERNAL_TEST_ ), __VA_ARGS__ )
      |                                   ^
/Users/swayamsingal/Desktop/Programming/Kairo/build/dev-clang/_deps/catch2-src/src/catch2/../catch2/internal/catch_unique_name.hpp:15:85: note: expanded from macro 'INTERNAL_CATCH_UNIQUE_NAME'
   15 | #  define INTERNAL_CATCH_UNIQUE_NAME( name ) INTERNAL_CATCH_UNIQUE_NAME_LINE( name, __COUNTER__ )
      |                                                                                     ^
/Users/swayamsingal/Desktop/Programming/Kairo/KairoAssets/tests/AssetTests.cpp:325:1: warning: '__COUNTER__' is a C2y extension [-Wc2y-extensions]
/Users/swayamsingal/Desktop/Programming/Kairo/build/dev-clang/_deps/catch2-src/src/catch2/../catch2/catch_test_macros.hpp:142:28: note: expanded from macro 'TEST_CASE'
  142 |   #define TEST_CASE( ... ) INTERNAL_CATCH_TESTCASE( __VA_ARGS__ )
      |                            ^
/Users/swayamsingal/Desktop/Programming/Kairo/build/dev-clang/_deps/catch2-src/src/catch2/../catch2/internal/catch_test_registry.hpp:89:9: note: expanded from macro 'INTERNAL_CATCH_TESTCASE'
   89 |         INTERNAL_CATCH_TESTCASE2( INTERNAL_CATCH_UNIQUE_NAME( CATCH2_INTERNAL_TEST_ ), __VA_ARGS__ )
      |         ^
/Users/swayamsingal/Desktop/Programming/Kairo/build/dev-clang/_deps/catch2-src/src/catch2/../catch2/internal/catch_test_registry.hpp:85:41: note: expanded from macro 'INTERNAL_CATCH_TESTCASE2'
   85 |         namespace{ const Catch::AutoReg INTERNAL_CATCH_UNIQUE_NAME( autoRegistrar )( Catch::makeTestInvoker( &TestName ), CATCH_INTERNAL_LINEINFO, Catch::StringRef(), Catch::NameAndTags{ __VA_ARGS__ } ); } /* NOLINT */ \
      |                                         ^
/Users/swayamsingal/Desktop/Programming/Kairo/build/dev-clang/_deps/catch2-src/src/catch2/../catch2/internal/catch_unique_name.hpp:15:85: note: expanded from macro 'INTERNAL_CATCH_UNIQUE_NAME'
   15 | #  define INTERNAL_CATCH_UNIQUE_NAME( name ) INTERNAL_CATCH_UNIQUE_NAME_LINE( name, __COUNTER__ )
      |                                                                                     ^
/Users/swayamsingal/Desktop/Programming/Kairo/KairoAssets/tests/AssetTests.cpp:347:1: warning: '__COUNTER__' is a C2y extension [-Wc2y-extensions]
  347 | TEST_CASE("Importer registry resolves exact immutable plugin versions", "[KairoAssets][ImporterRegistry]")
      | ^
/Users/swayamsingal/Desktop/Programming/Kairo/build/dev-clang/_deps/catch2-src/src/catch2/../catch2/catch_test_macros.hpp:142:28: note: expanded from macro 'TEST_CASE'
  142 |   #define TEST_CASE( ... ) INTERNAL_CATCH_TESTCASE( __VA_ARGS__ )
      |                            ^
/Users/swayamsingal/Desktop/Programming/Kairo/build/dev-clang/_deps/catch2-src/src/catch2/../catch2/internal/catch_test_registry.hpp:89:35: note: expanded from macro 'INTERNAL_CATCH_TESTCASE'
   89 |         INTERNAL_CATCH_TESTCASE2( INTERNAL_CATCH_UNIQUE_NAME( CATCH2_INTERNAL_TEST_ ), __VA_ARGS__ )
      |                                   ^
/Users/swayamsingal/Desktop/Programming/Kairo/build/dev-clang/_deps/catch2-src/src/catch2/../catch2/internal/catch_unique_name.hpp:15:85: note: expanded from macro 'INTERNAL_CATCH_UNIQUE_NAME'
   15 | #  define INTERNAL_CATCH_UNIQUE_NAME( name ) INTERNAL_CATCH_UNIQUE_NAME_LINE( name, __COUNTER__ )
      |                                                                                     ^
/Users/swayamsingal/Desktop/Programming/Kairo/KairoAssets/tests/AssetTests.cpp:347:1: warning: '__COUNTER__' is a C2y extension [-Wc2y-extensions]
/Users/swayamsingal/Desktop/Programming/Kairo/build/dev-clang/_deps/catch2-src/src/catch2/../catch2/catch_test_macros.hpp:142:28: note: expanded from macro 'TEST_CASE'
  142 |   #define TEST_CASE( ... ) INTERNAL_CATCH_TESTCASE( __VA_ARGS__ )
      |                            ^
/Users/swayamsingal/Desktop/Programming/Kairo/build/dev-clang/_deps/catch2-src/src/catch2/../catch2/internal/catch_test_registry.hpp:89:9: note: expanded from macro 'INTERNAL_CATCH_TESTCASE'
   89 |         INTERNAL_CATCH_TESTCASE2( INTERNAL_CATCH_UNIQUE_NAME( CATCH2_INTERNAL_TEST_ ), __VA_ARGS__ )
      |         ^
/Users/swayamsingal/Desktop/Programming/Kairo/build/dev-clang/_deps/catch2-src/src/catch2/../catch2/internal/catch_test_registry.hpp:85:41: note: expanded from macro 'INTERNAL_CATCH_TESTCASE2'
   85 |         namespace{ const Catch::AutoReg INTERNAL_CATCH_UNIQUE_NAME( autoRegistrar )( Catch::makeTestInvoker( &TestName ), CATCH_INTERNAL_LINEINFO, Catch::StringRef(), Catch::NameAndTags{ __VA_ARGS__ } ); } /* NOLINT */ \
      |                                         ^
/Users/swayamsingal/Desktop/Programming/Kairo/build/dev-clang/_deps/catch2-src/src/catch2/../catch2/internal/catch_unique_name.hpp:15:85: note: expanded from macro 'INTERNAL_CATCH_UNIQUE_NAME'
   15 | #  define INTERNAL_CATCH_UNIQUE_NAME( name ) INTERNAL_CATCH_UNIQUE_NAME_LINE( name, __COUNTER__ )
      |                                                                                     ^
/Users/swayamsingal/Desktop/Programming/Kairo/KairoAssets/tests/AssetTests.cpp:369:1: warning: '__COUNTER__' is a C2y extension [-Wc2y-extensions]
  369 | TEST_CASE("OBJ importer triangulates polygons and generates smooth normals", "[KairoAssets][OBJ]")
      | ^
/Users/swayamsingal/Desktop/Programming/Kairo/build/dev-clang/_deps/catch2-src/src/catch2/../catch2/catch_test_macros.hpp:142:28: note: expanded from macro 'TEST_CASE'
  142 |   #define TEST_CASE( ... ) INTERNAL_CATCH_TESTCASE( __VA_ARGS__ )
      |                            ^
/Users/swayamsingal/Desktop/Programming/Kairo/build/dev-clang/_deps/catch2-src/src/catch2/../catch2/internal/catch_test_registry.hpp:89:35: note: expanded from macro 'INTERNAL_CATCH_TESTCASE'
   89 |         INTERNAL_CATCH_TESTCASE2( INTERNAL_CATCH_UNIQUE_NAME( CATCH2_INTERNAL_TEST_ ), __VA_ARGS__ )
      |                                   ^
/Users/swayamsingal/Desktop/Programming/Kairo/build/dev-clang/_deps/catch2-src/src/catch2/../catch2/internal/catch_unique_name.hpp:15:85: note: expanded from macro 'INTERNAL_CATCH_UNIQUE_NAME'
   15 | #  define INTERNAL_CATCH_UNIQUE_NAME( name ) INTERNAL_CATCH_UNIQUE_NAME_LINE( name, __COUNTER__ )
      |                                                                                     ^
/Users/swayamsingal/Desktop/Programming/Kairo/KairoAssets/tests/AssetTests.cpp:369:1: warning: '__COUNTER__' is a C2y extension [-Wc2y-extensions]
/Users/swayamsingal/Desktop/Programming/Kairo/build/dev-clang/_deps/catch2-src/src/catch2/../catch2/catch_test_macros.hpp:142:28: note: expanded from macro 'TEST_CASE'
  142 |   #define TEST_CASE( ... ) INTERNAL_CATCH_TESTCASE( __VA_ARGS__ )
      |                            ^
/Users/swayamsingal/Desktop/Programming/Kairo/build/dev-clang/_deps/catch2-src/src/catch2/../catch2/internal/catch_test_registry.hpp:89:9: note: expanded from macro 'INTERNAL_CATCH_TESTCASE'
   89 |         INTERNAL_CATCH_TESTCASE2( INTERNAL_CATCH_UNIQUE_NAME( CATCH2_INTERNAL_TEST_ ), __VA_ARGS__ )
      |         ^
/Users/swayamsingal/Desktop/Programming/Kairo/build/dev-clang/_deps/catch2-src/src/catch2/../catch2/internal/catch_test_registry.hpp:85:41: note: expanded from macro 'INTERNAL_CATCH_TESTCASE2'
   85 |         namespace{ const Catch::AutoReg INTERNAL_CATCH_UNIQUE_NAME( autoRegistrar )( Catch::makeTestInvoker( &TestName ), CATCH_INTERNAL_LINEINFO, Catch::StringRef(), Catch::NameAndTags{ __VA_ARGS__ } ); } /* NOLINT */ \
      |                                         ^
/Users/swayamsingal/Desktop/Programming/Kairo/build/dev-clang/_deps/catch2-src/src/catch2/../catch2/internal/catch_unique_name.hpp:15:85: note: expanded from macro 'INTERNAL_CATCH_UNIQUE_NAME'
   15 | #  define INTERNAL_CATCH_UNIQUE_NAME( name ) INTERNAL_CATCH_UNIQUE_NAME_LINE( name, __COUNTER__ )
      |                                                                                     ^
/Users/swayamsingal/Desktop/Programming/Kairo/KairoAssets/tests/AssetTests.cpp:393:90: warning: missing field 'SourcePath' initializer [-Wmissing-field-initializers]
  393 |     CHECK(ParseMeshDerivedArtifact(OBJMeshImporter{}.Import({ {}, AssetType::Mesh, bytes })) == mesh);
      |                                                                                          ^
/Users/swayamsingal/Desktop/Programming/Kairo/KairoAssets/tests/AssetTests.cpp:393:90: warning: missing field 'SourcePath' initializer [-Wmissing-field-initializers]
/Users/swayamsingal/Desktop/Programming/Kairo/KairoAssets/tests/AssetTests.cpp:393:90: warning: missing field 'SourcePath' initializer [-Wmissing-field-initializers]
/Users/swayamsingal/Desktop/Programming/Kairo/KairoAssets/tests/AssetTests.cpp:396:1: warning: '__COUNTER__' is a C2y extension [-Wc2y-extensions]
  396 | TEST_CASE("OBJ importer reports source locations and refuses lossy material import", "[KairoAssets][OBJ]")
      | ^
/Users/swayamsingal/Desktop/Programming/Kairo/build/dev-clang/_deps/catch2-src/src/catch2/../catch2/catch_test_macros.hpp:142:28: note: expanded from macro 'TEST_CASE'
  142 |   #define TEST_CASE( ... ) INTERNAL_CATCH_TESTCASE( __VA_ARGS__ )
      |                            ^
/Users/swayamsingal/Desktop/Programming/Kairo/build/dev-clang/_deps/catch2-src/src/catch2/../catch2/internal/catch_test_registry.hpp:89:35: note: expanded from macro 'INTERNAL_CATCH_TESTCASE'
   89 |         INTERNAL_CATCH_TESTCASE2( INTERNAL_CATCH_UNIQUE_NAME( CATCH2_INTERNAL_TEST_ ), __VA_ARGS__ )
      |                                   ^
/Users/swayamsingal/Desktop/Programming/Kairo/build/dev-clang/_deps/catch2-src/src/catch2/../catch2/internal/catch_unique_name.hpp:15:85: note: expanded from macro 'INTERNAL_CATCH_UNIQUE_NAME'
   15 | #  define INTERNAL_CATCH_UNIQUE_NAME( name ) INTERNAL_CATCH_UNIQUE_NAME_LINE( name, __COUNTER__ )
      |                                                                                     ^
/Users/swayamsingal/Desktop/Programming/Kairo/KairoAssets/tests/AssetTests.cpp:396:1: warning: '__COUNTER__' is a C2y extension [-Wc2y-extensions]
/Users/swayamsingal/Desktop/Programming/Kairo/build/dev-clang/_deps/catch2-src/src/catch2/../catch2/catch_test_macros.hpp:142:28: note: expanded from macro 'TEST_CASE'
  142 |   #define TEST_CASE( ... ) INTERNAL_CATCH_TESTCASE( __VA_ARGS__ )
      |                            ^
/Users/swayamsingal/Desktop/Programming/Kairo/build/dev-clang/_deps/catch2-src/src/catch2/../catch2/internal/catch_test_registry.hpp:89:9: note: expanded from macro 'INTERNAL_CATCH_TESTCASE'
   89 |         INTERNAL_CATCH_TESTCASE2( INTERNAL_CATCH_UNIQUE_NAME( CATCH2_INTERNAL_TEST_ ), __VA_ARGS__ )
      |         ^
/Users/swayamsingal/Desktop/Programming/Kairo/build/dev-clang/_deps/catch2-src/src/catch2/../catch2/internal/catch_test_registry.hpp:85:41: note: expanded from macro 'INTERNAL_CATCH_TESTCASE2'
   85 |         namespace{ const Catch::AutoReg INTERNAL_CATCH_UNIQUE_NAME( autoRegistrar )( Catch::makeTestInvoker( &TestName ), CATCH_INTERNAL_LINEINFO, Catch::StringRef(), Catch::NameAndTags{ __VA_ARGS__ } ); } /* NOLINT */ \
      |                                         ^
/Users/swayamsingal/Desktop/Programming/Kairo/build/dev-clang/_deps/catch2-src/src/catch2/../catch2/internal/catch_unique_name.hpp:15:85: note: expanded from macro 'INTERNAL_CATCH_UNIQUE_NAME'
   15 | #  define INTERNAL_CATCH_UNIQUE_NAME( name ) INTERNAL_CATCH_UNIQUE_NAME_LINE( name, __COUNTER__ )
      |                                                                                     ^
/Users/swayamsingal/Desktop/Programming/Kairo/KairoAssets/tests/AssetTests.cpp:416:1: warning: '__COUNTER__' is a C2y extension [-Wc2y-extensions]
  416 | TEST_CASE("OBJ importer publishes a typed cache artifact through the registry", "[KairoAssets][OBJ][Importer]")
      | ^
/Users/swayamsingal/Desktop/Programming/Kairo/build/dev-clang/_deps/catch2-src/src/catch2/../catch2/catch_test_macros.hpp:142:28: note: expanded from macro 'TEST_CASE'
  142 |   #define TEST_CASE( ... ) INTERNAL_CATCH_TESTCASE( __VA_ARGS__ )
      |                            ^
/Users/swayamsingal/Desktop/Programming/Kairo/build/dev-clang/_deps/catch2-src/src/catch2/../catch2/internal/catch_test_registry.hpp:89:35: note: expanded from macro 'INTERNAL_CATCH_TESTCASE'
   89 |         INTERNAL_CATCH_TESTCASE2( INTERNAL_CATCH_UNIQUE_NAME( CATCH2_INTERNAL_TEST_ ), __VA_ARGS__ )
      |                                   ^
/Users/swayamsingal/Desktop/Programming/Kairo/build/dev-clang/_deps/catch2-src/src/catch2/../catch2/internal/catch_unique_name.hpp:15:85: note: expanded from macro 'INTERNAL_CATCH_UNIQUE_NAME'
   15 | #  define INTERNAL_CATCH_UNIQUE_NAME( name ) INTERNAL_CATCH_UNIQUE_NAME_LINE( name, __COUNTER__ )
      |                                                                                     ^
/Users/swayamsingal/Desktop/Programming/Kairo/KairoAssets/tests/AssetTests.cpp:416:1: warning: '__COUNTER__' is a C2y extension [-Wc2y-extensions]
/Users/swayamsingal/Desktop/Programming/Kairo/build/dev-clang/_deps/catch2-src/src/catch2/../catch2/catch_test_macros.hpp:142:28: note: expanded from macro 'TEST_CASE'
  142 |   #define TEST_CASE( ... ) INTERNAL_CATCH_TESTCASE( __VA_ARGS__ )
      |                            ^
/Users/swayamsingal/Desktop/Programming/Kairo/build/dev-clang/_deps/catch2-src/src/catch2/../catch2/internal/catch_test_registry.hpp:89:9: note: expanded from macro 'INTERNAL_CATCH_TESTCASE'
   89 |         INTERNAL_CATCH_TESTCASE2( INTERNAL_CATCH_UNIQUE_NAME( CATCH2_INTERNAL_TEST_ ), __VA_ARGS__ )
      |         ^
/Users/swayamsingal/Desktop/Programming/Kairo/build/dev-clang/_deps/catch2-src/src/catch2/../catch2/internal/catch_test_registry.hpp:85:41: note: expanded from macro 'INTERNAL_CATCH_TESTCASE2'
   85 |         namespace{ const Catch::AutoReg INTERNAL_CATCH_UNIQUE_NAME( autoRegistrar )( Catch::makeTestInvoker( &TestName ), CATCH_INTERNAL_LINEINFO, Catch::StringRef(), Catch::NameAndTags{ __VA_ARGS__ } ); } /* NOLINT */ \
      |                                         ^
/Users/swayamsingal/Desktop/Programming/Kairo/build/dev-clang/_deps/catch2-src/src/catch2/../catch2/internal/catch_unique_name.hpp:15:85: note: expanded from macro 'INTERNAL_CATCH_UNIQUE_NAME'
   15 | #  define INTERNAL_CATCH_UNIQUE_NAME( name ) INTERNAL_CATCH_UNIQUE_NAME_LINE( name, __COUNTER__ )
      |                                                                                     ^
/Users/swayamsingal/Desktop/Programming/Kairo/KairoAssets/tests/AssetTests.cpp:442:1: warning: '__COUNTER__' is a C2y extension [-Wc2y-extensions]
  442 | TEST_CASE("Asset paths normalize portably and prevent traversal", "[KairoAssets][Metadata]")
      | ^
/Users/swayamsingal/Desktop/Programming/Kairo/build/dev-clang/_deps/catch2-src/src/catch2/../catch2/catch_test_macros.hpp:142:28: note: expanded from macro 'TEST_CASE'
  142 |   #define TEST_CASE( ... ) INTERNAL_CATCH_TESTCASE( __VA_ARGS__ )
      |                            ^
/Users/swayamsingal/Desktop/Programming/Kairo/build/dev-clang/_deps/catch2-src/src/catch2/../catch2/internal/catch_test_registry.hpp:89:35: note: expanded from macro 'INTERNAL_CATCH_TESTCASE'
   89 |         INTERNAL_CATCH_TESTCASE2( INTERNAL_CATCH_UNIQUE_NAME( CATCH2_INTERNAL_TEST_ ), __VA_ARGS__ )
      |                                   ^
/Users/swayamsingal/Desktop/Programming/Kairo/build/dev-clang/_deps/catch2-src/src/catch2/../catch2/internal/catch_unique_name.hpp:15:85: note: expanded from macro 'INTERNAL_CATCH_UNIQUE_NAME'
   15 | #  define INTERNAL_CATCH_UNIQUE_NAME( name ) INTERNAL_CATCH_UNIQUE_NAME_LINE( name, __COUNTER__ )
      |                                                                                     ^
/Users/swayamsingal/Desktop/Programming/Kairo/KairoAssets/tests/AssetTests.cpp:442:1: warning: '__COUNTER__' is a C2y extension [-Wc2y-extensions]
/Users/swayamsingal/Desktop/Programming/Kairo/build/dev-clang/_deps/catch2-src/src/catch2/../catch2/catch_test_macros.hpp:142:28: note: expanded from macro 'TEST_CASE'
  142 |   #define TEST_CASE( ... ) INTERNAL_CATCH_TESTCASE( __VA_ARGS__ )
      |                            ^
/Users/swayamsingal/Desktop/Programming/Kairo/build/dev-clang/_deps/catch2-src/src/catch2/../catch2/internal/catch_test_registry.hpp:89:9: note: expanded from macro 'INTERNAL_CATCH_TESTCASE'
   89 |         INTERNAL_CATCH_TESTCASE2( INTERNAL_CATCH_UNIQUE_NAME( CATCH2_INTERNAL_TEST_ ), __VA_ARGS__ )
      |         ^
/Users/swayamsingal/Desktop/Programming/Kairo/build/dev-clang/_deps/catch2-src/src/catch2/../catch2/internal/catch_test_registry.hpp:85:41: note: expanded from macro 'INTERNAL_CATCH_TESTCASE2'
   85 |         namespace{ const Catch::AutoReg INTERNAL_CATCH_UNIQUE_NAME( autoRegistrar )( Catch::makeTestInvoker( &TestName ), CATCH_INTERNAL_LINEINFO, Catch::StringRef(), Catch::NameAndTags{ __VA_ARGS__ } ); } /* NOLINT */ \
      |                                         ^
/Users/swayamsingal/Desktop/Programming/Kairo/build/dev-clang/_deps/catch2-src/src/catch2/../catch2/internal/catch_unique_name.hpp:15:85: note: expanded from macro 'INTERNAL_CATCH_UNIQUE_NAME'
   15 | #  define INTERNAL_CATCH_UNIQUE_NAME( name ) INTERNAL_CATCH_UNIQUE_NAME_LINE( name, __COUNTER__ )
      |                                                                                     ^
/Users/swayamsingal/Desktop/Programming/Kairo/KairoAssets/tests/AssetTests.cpp:456:1: warning: '__COUNTER__' is a C2y extension [-Wc2y-extensions]
  456 | TEST_CASE("Asset categories preserve typed authoring documents", "[KairoAssets][Metadata]")
      | ^
/Users/swayamsingal/Desktop/Programming/Kairo/build/dev-clang/_deps/catch2-src/src/catch2/../catch2/catch_test_macros.hpp:142:28: note: expanded from macro 'TEST_CASE'
  142 |   #define TEST_CASE( ... ) INTERNAL_CATCH_TESTCASE( __VA_ARGS__ )
      |                            ^
/Users/swayamsingal/Desktop/Programming/Kairo/build/dev-clang/_deps/catch2-src/src/catch2/../catch2/internal/catch_test_registry.hpp:89:35: note: expanded from macro 'INTERNAL_CATCH_TESTCASE'
   89 |         INTERNAL_CATCH_TESTCASE2( INTERNAL_CATCH_UNIQUE_NAME( CATCH2_INTERNAL_TEST_ ), __VA_ARGS__ )
      |                                   ^
/Users/swayamsingal/Desktop/Programming/Kairo/build/dev-clang/_deps/catch2-src/src/catch2/../catch2/internal/catch_unique_name.hpp:15:85: note: expanded from macro 'INTERNAL_CATCH_UNIQUE_NAME'
   15 | #  define INTERNAL_CATCH_UNIQUE_NAME( name ) INTERNAL_CATCH_UNIQUE_NAME_LINE( name, __COUNTER__ )
      |                                                                                     ^
/Users/swayamsingal/Desktop/Programming/Kairo/KairoAssets/tests/AssetTests.cpp:456:1: warning: '__COUNTER__' is a C2y extension [-Wc2y-extensions]
/Users/swayamsingal/Desktop/Programming/Kairo/build/dev-clang/_deps/catch2-src/src/catch2/../catch2/catch_test_macros.hpp:142:28: note: expanded from macro 'TEST_CASE'
  142 |   #define TEST_CASE( ... ) INTERNAL_CATCH_TESTCASE( __VA_ARGS__ )
      |                            ^
/Users/swayamsingal/Desktop/Programming/Kairo/build/dev-clang/_deps/catch2-src/src/catch2/../catch2/internal/catch_test_registry.hpp:89:9: note: expanded from macro 'INTERNAL_CATCH_TESTCASE'
   89 |         INTERNAL_CATCH_TESTCASE2( INTERNAL_CATCH_UNIQUE_NAME( CATCH2_INTERNAL_TEST_ ), __VA_ARGS__ )
      |         ^
/Users/swayamsingal/Desktop/Programming/Kairo/build/dev-clang/_deps/catch2-src/src/catch2/../catch2/internal/catch_test_registry.hpp:85:41: note: expanded from macro 'INTERNAL_CATCH_TESTCASE2'
   85 |         namespace{ const Catch::AutoReg INTERNAL_CATCH_UNIQUE_NAME( autoRegistrar )( Catch::makeTestInvoker( &TestName ), CATCH_INTERNAL_LINEINFO, Catch::StringRef(), Catch::NameAndTags{ __VA_ARGS__ } ); } /* NOLINT */ \
      |                                         ^
/Users/swayamsingal/Desktop/Programming/Kairo/build/dev-clang/_deps/catch2-src/src/catch2/../catch2/internal/catch_unique_name.hpp:15:85: note: expanded from macro 'INTERNAL_CATCH_UNIQUE_NAME'
   15 | #  define INTERNAL_CATCH_UNIQUE_NAME( name ) INTERNAL_CATCH_UNIQUE_NAME_LINE( name, __COUNTER__ )
      |                                                                                     ^
/Users/swayamsingal/Desktop/Programming/Kairo/KairoAssets/tests/AssetTests.cpp:469:1: warning: '__COUNTER__' is a C2y extension [-Wc2y-extensions]
  469 | TEST_CASE("Registry preserves typed identity and portable path uniqueness", "[KairoAssets][Registry]")
      | ^
/Users/swayamsingal/Desktop/Programming/Kairo/build/dev-clang/_deps/catch2-src/src/catch2/../catch2/catch_test_macros.hpp:142:28: note: expanded from macro 'TEST_CASE'
  142 |   #define TEST_CASE( ... ) INTERNAL_CATCH_TESTCASE( __VA_ARGS__ )
      |                            ^
/Users/swayamsingal/Desktop/Programming/Kairo/build/dev-clang/_deps/catch2-src/src/catch2/../catch2/internal/catch_test_registry.hpp:89:35: note: expanded from macro 'INTERNAL_CATCH_TESTCASE'
   89 |         INTERNAL_CATCH_TESTCASE2( INTERNAL_CATCH_UNIQUE_NAME( CATCH2_INTERNAL_TEST_ ), __VA_ARGS__ )
      |                                   ^
/Users/swayamsingal/Desktop/Programming/Kairo/build/dev-clang/_deps/catch2-src/src/catch2/../catch2/internal/catch_unique_name.hpp:15:85: note: expanded from macro 'INTERNAL_CATCH_UNIQUE_NAME'
   15 | #  define INTERNAL_CATCH_UNIQUE_NAME( name ) INTERNAL_CATCH_UNIQUE_NAME_LINE( name, __COUNTER__ )
      |                                                                                     ^
/Users/swayamsingal/Desktop/Programming/Kairo/KairoAssets/tests/AssetTests.cpp:469:1: warning: '__COUNTER__' is a C2y extension [-Wc2y-extensions]
/Users/swayamsingal/Desktop/Programming/Kairo/build/dev-clang/_deps/catch2-src/src/catch2/../catch2/catch_test_macros.hpp:142:28: note: expanded from macro 'TEST_CASE'
  142 |   #define TEST_CASE( ... ) INTERNAL_CATCH_TESTCASE( __VA_ARGS__ )
      |                            ^
/Users/swayamsingal/Desktop/Programming/Kairo/build/dev-clang/_deps/catch2-src/src/catch2/../catch2/internal/catch_test_registry.hpp:89:9: note: expanded from macro 'INTERNAL_CATCH_TESTCASE'
   89 |         INTERNAL_CATCH_TESTCASE2( INTERNAL_CATCH_UNIQUE_NAME( CATCH2_INTERNAL_TEST_ ), __VA_ARGS__ )
      |         ^
/Users/swayamsingal/Desktop/Programming/Kairo/build/dev-clang/_deps/catch2-src/src/catch2/../catch2/internal/catch_test_registry.hpp:85:41: note: expanded from macro 'INTERNAL_CATCH_TESTCASE2'
   85 |         namespace{ const Catch::AutoReg INTERNAL_CATCH_UNIQUE_NAME( autoRegistrar )( Catch::makeTestInvoker( &TestName ), CATCH_INTERNAL_LINEINFO, Catch::StringRef(), Catch::NameAndTags{ __VA_ARGS__ } ); } /* NOLINT */ \
      |                                         ^
/Users/swayamsingal/Desktop/Programming/Kairo/build/dev-clang/_deps/catch2-src/src/catch2/../catch2/internal/catch_unique_name.hpp:15:85: note: expanded from macro 'INTERNAL_CATCH_UNIQUE_NAME'
   15 | #  define INTERNAL_CATCH_UNIQUE_NAME( name ) INTERNAL_CATCH_UNIQUE_NAME_LINE( name, __COUNTER__ )
      |                                                                                     ^
/Users/swayamsingal/Desktop/Programming/Kairo/KairoAssets/tests/AssetTests.cpp:485:1: warning: '__COUNTER__' is a C2y extension [-Wc2y-extensions]
  485 | TEST_CASE("Registry rejects missing, mistyped, cyclic, and dangling dependencies", "[KairoAssets][Registry]")
      | ^
/Users/swayamsingal/Desktop/Programming/Kairo/build/dev-clang/_deps/catch2-src/src/catch2/../catch2/catch_test_macros.hpp:142:28: note: expanded from macro 'TEST_CASE'
  142 |   #define TEST_CASE( ... ) INTERNAL_CATCH_TESTCASE( __VA_ARGS__ )
      |                            ^
/Users/swayamsingal/Desktop/Programming/Kairo/build/dev-clang/_deps/catch2-src/src/catch2/../catch2/internal/catch_test_registry.hpp:89:35: note: expanded from macro 'INTERNAL_CATCH_TESTCASE'
   89 |         INTERNAL_CATCH_TESTCASE2( INTERNAL_CATCH_UNIQUE_NAME( CATCH2_INTERNAL_TEST_ ), __VA_ARGS__ )
      |                                   ^
/Users/swayamsingal/Desktop/Programming/Kairo/build/dev-clang/_deps/catch2-src/src/catch2/../catch2/internal/catch_unique_name.hpp:15:85: note: expanded from macro 'INTERNAL_CATCH_UNIQUE_NAME'
   15 | #  define INTERNAL_CATCH_UNIQUE_NAME( name ) INTERNAL_CATCH_UNIQUE_NAME_LINE( name, __COUNTER__ )
      |                                                                                     ^
/Users/swayamsingal/Desktop/Programming/Kairo/KairoAssets/tests/AssetTests.cpp:485:1: warning: '__COUNTER__' is a C2y extension [-Wc2y-extensions]
/Users/swayamsingal/Desktop/Programming/Kairo/build/dev-clang/_deps/catch2-src/src/catch2/../catch2/catch_test_macros.hpp:142:28: note: expanded from macro 'TEST_CASE'
  142 |   #define TEST_CASE( ... ) INTERNAL_CATCH_TESTCASE( __VA_ARGS__ )
      |                            ^
/Users/swayamsingal/Desktop/Programming/Kairo/build/dev-clang/_deps/catch2-src/src/catch2/../catch2/internal/catch_test_registry.hpp:89:9: note: expanded from macro 'INTERNAL_CATCH_TESTCASE'
   89 |         INTERNAL_CATCH_TESTCASE2( INTERNAL_CATCH_UNIQUE_NAME( CATCH2_INTERNAL_TEST_ ), __VA_ARGS__ )
      |         ^
/Users/swayamsingal/Desktop/Programming/Kairo/build/dev-clang/_deps/catch2-src/src/catch2/../catch2/internal/catch_test_registry.hpp:85:41: note: expanded from macro 'INTERNAL_CATCH_TESTCASE2'
   85 |         namespace{ const Catch::AutoReg INTERNAL_CATCH_UNIQUE_NAME( autoRegistrar )( Catch::makeTestInvoker( &TestName ), CATCH_INTERNAL_LINEINFO, Catch::StringRef(), Catch::NameAndTags{ __VA_ARGS__ } ); } /* NOLINT */ \
      |                                         ^
/Users/swayamsingal/Desktop/Programming/Kairo/build/dev-clang/_deps/catch2-src/src/catch2/../catch2/internal/catch_unique_name.hpp:15:85: note: expanded from macro 'INTERNAL_CATCH_UNIQUE_NAME'
   15 | #  define INTERNAL_CATCH_UNIQUE_NAME( name ) INTERNAL_CATCH_UNIQUE_NAME_LINE( name, __COUNTER__ )
      |                                                                                     ^
/Users/swayamsingal/Desktop/Programming/Kairo/KairoAssets/tests/AssetTests.cpp:507:1: warning: '__COUNTER__' is a C2y extension [-Wc2y-extensions]
  507 | TEST_CASE("Registry mutations preserve state when revision is exhausted", "[KairoAssets][Registry]")
      | ^
/Users/swayamsingal/Desktop/Programming/Kairo/build/dev-clang/_deps/catch2-src/src/catch2/../catch2/catch_test_macros.hpp:142:28: note: expanded from macro 'TEST_CASE'
  142 |   #define TEST_CASE( ... ) INTERNAL_CATCH_TESTCASE( __VA_ARGS__ )
      |                            ^
/Users/swayamsingal/Desktop/Programming/Kairo/build/dev-clang/_deps/catch2-src/src/catch2/../catch2/internal/catch_test_registry.hpp:89:35: note: expanded from macro 'INTERNAL_CATCH_TESTCASE'
   89 |         INTERNAL_CATCH_TESTCASE2( INTERNAL_CATCH_UNIQUE_NAME( CATCH2_INTERNAL_TEST_ ), __VA_ARGS__ )
      |                                   ^
/Users/swayamsingal/Desktop/Programming/Kairo/build/dev-clang/_deps/catch2-src/src/catch2/../catch2/internal/catch_unique_name.hpp:15:85: note: expanded from macro 'INTERNAL_CATCH_UNIQUE_NAME'
   15 | #  define INTERNAL_CATCH_UNIQUE_NAME( name ) INTERNAL_CATCH_UNIQUE_NAME_LINE( name, __COUNTER__ )
      |                                                                                     ^
/Users/swayamsingal/Desktop/Programming/Kairo/KairoAssets/tests/AssetTests.cpp:507:1: warning: '__COUNTER__' is a C2y extension [-Wc2y-extensions]
/Users/swayamsingal/Desktop/Programming/Kairo/build/dev-clang/_deps/catch2-src/src/catch2/../catch2/catch_test_macros.hpp:142:28: note: expanded from macro 'TEST_CASE'
  142 |   #define TEST_CASE( ... ) INTERNAL_CATCH_TESTCASE( __VA_ARGS__ )
      |                            ^
/Users/swayamsingal/Desktop/Programming/Kairo/build/dev-clang/_deps/catch2-src/src/catch2/../catch2/internal/catch_test_registry.hpp:89:9: note: expanded from macro 'INTERNAL_CATCH_TESTCASE'
   89 |         INTERNAL_CATCH_TESTCASE2( INTERNAL_CATCH_UNIQUE_NAME( CATCH2_INTERNAL_TEST_ ), __VA_ARGS__ )
      |         ^
/Users/swayamsingal/Desktop/Programming/Kairo/build/dev-clang/_deps/catch2-src/src/catch2/../catch2/internal/catch_test_registry.hpp:85:41: note: expanded from macro 'INTERNAL_CATCH_TESTCASE2'
   85 |         namespace{ const Catch::AutoReg INTERNAL_CATCH_UNIQUE_NAME( autoRegistrar )( Catch::makeTestInvoker( &TestName ), CATCH_INTERNAL_LINEINFO, Catch::StringRef(), Catch::NameAndTags{ __VA_ARGS__ } ); } /* NOLINT */ \
      |                                         ^
/Users/swayamsingal/Desktop/Programming/Kairo/build/dev-clang/_deps/catch2-src/src/catch2/../catch2/internal/catch_unique_name.hpp:15:85: note: expanded from macro 'INTERNAL_CATCH_UNIQUE_NAME'
   15 | #  define INTERNAL_CATCH_UNIQUE_NAME( name ) INTERNAL_CATCH_UNIQUE_NAME_LINE( name, __COUNTER__ )
      |                                                                                     ^
/Users/swayamsingal/Desktop/Programming/Kairo/KairoAssets/tests/AssetTests.cpp:521:1: warning: '__COUNTER__' is a C2y extension [-Wc2y-extensions]
  521 | TEST_CASE("Registry creates assets safely from concurrent workers", "[KairoAssets][Registry][Threading]")
      | ^
/Users/swayamsingal/Desktop/Programming/Kairo/build/dev-clang/_deps/catch2-src/src/catch2/../catch2/catch_test_macros.hpp:142:28: note: expanded from macro 'TEST_CASE'
  142 |   #define TEST_CASE( ... ) INTERNAL_CATCH_TESTCASE( __VA_ARGS__ )
      |                            ^
/Users/swayamsingal/Desktop/Programming/Kairo/build/dev-clang/_deps/catch2-src/src/catch2/../catch2/internal/catch_test_registry.hpp:89:35: note: expanded from macro 'INTERNAL_CATCH_TESTCASE'
   89 |         INTERNAL_CATCH_TESTCASE2( INTERNAL_CATCH_UNIQUE_NAME( CATCH2_INTERNAL_TEST_ ), __VA_ARGS__ )
      |                                   ^
/Users/swayamsingal/Desktop/Programming/Kairo/build/dev-clang/_deps/catch2-src/src/catch2/../catch2/internal/catch_unique_name.hpp:15:85: note: expanded from macro 'INTERNAL_CATCH_UNIQUE_NAME'
   15 | #  define INTERNAL_CATCH_UNIQUE_NAME( name ) INTERNAL_CATCH_UNIQUE_NAME_LINE( name, __COUNTER__ )
      |                                                                                     ^
/Users/swayamsingal/Desktop/Programming/Kairo/KairoAssets/tests/AssetTests.cpp:521:1: warning: '__COUNTER__' is a C2y extension [-Wc2y-extensions]
/Users/swayamsingal/Desktop/Programming/Kairo/build/dev-clang/_deps/catch2-src/src/catch2/../catch2/catch_test_macros.hpp:142:28: note: expanded from macro 'TEST_CASE'
  142 |   #define TEST_CASE( ... ) INTERNAL_CATCH_TESTCASE( __VA_ARGS__ )
      |                            ^
/Users/swayamsingal/Desktop/Programming/Kairo/build/dev-clang/_deps/catch2-src/src/catch2/../catch2/internal/catch_test_registry.hpp:89:9: note: expanded from macro 'INTERNAL_CATCH_TESTCASE'
   89 |         INTERNAL_CATCH_TESTCASE2( INTERNAL_CATCH_UNIQUE_NAME( CATCH2_INTERNAL_TEST_ ), __VA_ARGS__ )
      |         ^
/Users/swayamsingal/Desktop/Programming/Kairo/build/dev-clang/_deps/catch2-src/src/catch2/../catch2/internal/catch_test_registry.hpp:85:41: note: expanded from macro 'INTERNAL_CATCH_TESTCASE2'
   85 |         namespace{ const Catch::AutoReg INTERNAL_CATCH_UNIQUE_NAME( autoRegistrar )( Catch::makeTestInvoker( &TestName ), CATCH_INTERNAL_LINEINFO, Catch::StringRef(), Catch::NameAndTags{ __VA_ARGS__ } ); } /* NOLINT */ \
      |                                         ^
/Users/swayamsingal/Desktop/Programming/Kairo/build/dev-clang/_deps/catch2-src/src/catch2/../catch2/internal/catch_unique_name.hpp:15:85: note: expanded from macro 'INTERNAL_CATCH_UNIQUE_NAME'
   15 | #  define INTERNAL_CATCH_UNIQUE_NAME( name ) INTERNAL_CATCH_UNIQUE_NAME_LINE( name, __COUNTER__ )
      |                                                                                     ^
/Users/swayamsingal/Desktop/Programming/Kairo/KairoAssets/tests/AssetTests.cpp:546:1: warning: '__COUNTER__' is a C2y extension [-Wc2y-extensions]
  546 | TEST_CASE("Asset manifests round-trip deterministically with arbitrary dependency order", "[KairoAssets][Manifest]")
      | ^
/Users/swayamsingal/Desktop/Programming/Kairo/build/dev-clang/_deps/catch2-src/src/catch2/../catch2/catch_test_macros.hpp:142:28: note: expanded from macro 'TEST_CASE'
  142 |   #define TEST_CASE( ... ) INTERNAL_CATCH_TESTCASE( __VA_ARGS__ )
      |                            ^
/Users/swayamsingal/Desktop/Programming/Kairo/build/dev-clang/_deps/catch2-src/src/catch2/../catch2/internal/catch_test_registry.hpp:89:35: note: expanded from macro 'INTERNAL_CATCH_TESTCASE'
   89 |         INTERNAL_CATCH_TESTCASE2( INTERNAL_CATCH_UNIQUE_NAME( CATCH2_INTERNAL_TEST_ ), __VA_ARGS__ )
      |                                   ^
/Users/swayamsingal/Desktop/Programming/Kairo/build/dev-clang/_deps/catch2-src/src/catch2/../catch2/internal/catch_unique_name.hpp:15:85: note: expanded from macro 'INTERNAL_CATCH_UNIQUE_NAME'
   15 | #  define INTERNAL_CATCH_UNIQUE_NAME( name ) INTERNAL_CATCH_UNIQUE_NAME_LINE( name, __COUNTER__ )
      |                                                                                     ^
/Users/swayamsingal/Desktop/Programming/Kairo/KairoAssets/tests/AssetTests.cpp:546:1: warning: '__COUNTER__' is a C2y extension [-Wc2y-extensions]
/Users/swayamsingal/Desktop/Programming/Kairo/build/dev-clang/_deps/catch2-src/src/catch2/../catch2/catch_test_macros.hpp:142:28: note: expanded from macro 'TEST_CASE'
  142 |   #define TEST_CASE( ... ) INTERNAL_CATCH_TESTCASE( __VA_ARGS__ )
      |                            ^
/Users/swayamsingal/Desktop/Programming/Kairo/build/dev-clang/_deps/catch2-src/src/catch2/../catch2/internal/catch_test_registry.hpp:89:9: note: expanded from macro 'INTERNAL_CATCH_TESTCASE'
   89 |         INTERNAL_CATCH_TESTCASE2( INTERNAL_CATCH_UNIQUE_NAME( CATCH2_INTERNAL_TEST_ ), __VA_ARGS__ )
      |         ^
/Users/swayamsingal/Desktop/Programming/Kairo/build/dev-clang/_deps/catch2-src/src/catch2/../catch2/internal/catch_test_registry.hpp:85:41: note: expanded from macro 'INTERNAL_CATCH_TESTCASE2'
   85 |         namespace{ const Catch::AutoReg INTERNAL_CATCH_UNIQUE_NAME( autoRegistrar )( Catch::makeTestInvoker( &TestName ), CATCH_INTERNAL_LINEINFO, Catch::StringRef(), Catch::NameAndTags{ __VA_ARGS__ } ); } /* NOLINT */ \
      |                                         ^
/Users/swayamsingal/Desktop/Programming/Kairo/build/dev-clang/_deps/catch2-src/src/catch2/../catch2/internal/catch_unique_name.hpp:15:85: note: expanded from macro 'INTERNAL_CATCH_UNIQUE_NAME'
   15 | #  define INTERNAL_CATCH_UNIQUE_NAME( name ) INTERNAL_CATCH_UNIQUE_NAME_LINE( name, __COUNTER__ )
      |                                                                                     ^
/Users/swayamsingal/Desktop/Programming/Kairo/KairoAssets/tests/AssetTests.cpp:571:1: warning: '__COUNTER__' is a C2y extension [-Wc2y-extensions]
  571 | TEST_CASE("Asset manifest syntax errors preserve exact source location", "[KairoAssets][Manifest]")
      | ^
/Users/swayamsingal/Desktop/Programming/Kairo/build/dev-clang/_deps/catch2-src/src/catch2/../catch2/catch_test_macros.hpp:142:28: note: expanded from macro 'TEST_CASE'
  142 |   #define TEST_CASE( ... ) INTERNAL_CATCH_TESTCASE( __VA_ARGS__ )
      |                            ^
/Users/swayamsingal/Desktop/Programming/Kairo/build/dev-clang/_deps/catch2-src/src/catch2/../catch2/internal/catch_test_registry.hpp:89:35: note: expanded from macro 'INTERNAL_CATCH_TESTCASE'
   89 |         INTERNAL_CATCH_TESTCASE2( INTERNAL_CATCH_UNIQUE_NAME( CATCH2_INTERNAL_TEST_ ), __VA_ARGS__ )
      |                                   ^
/Users/swayamsingal/Desktop/Programming/Kairo/build/dev-clang/_deps/catch2-src/src/catch2/../catch2/internal/catch_unique_name.hpp:15:85: note: expanded from macro 'INTERNAL_CATCH_UNIQUE_NAME'
   15 | #  define INTERNAL_CATCH_UNIQUE_NAME( name ) INTERNAL_CATCH_UNIQUE_NAME_LINE( name, __COUNTER__ )
      |                                                                                     ^
/Users/swayamsingal/Desktop/Programming/Kairo/KairoAssets/tests/AssetTests.cpp:571:1: warning: '__COUNTER__' is a C2y extension [-Wc2y-extensions]
/Users/swayamsingal/Desktop/Programming/Kairo/build/dev-clang/_deps/catch2-src/src/catch2/../catch2/catch_test_macros.hpp:142:28: note: expanded from macro 'TEST_CASE'
  142 |   #define TEST_CASE( ... ) INTERNAL_CATCH_TESTCASE( __VA_ARGS__ )
      |                            ^
/Users/swayamsingal/Desktop/Programming/Kairo/build/dev-clang/_deps/catch2-src/src/catch2/../catch2/internal/catch_test_registry.hpp:89:9: note: expanded from macro 'INTERNAL_CATCH_TESTCASE'
   89 |         INTERNAL_CATCH_TESTCASE2( INTERNAL_CATCH_UNIQUE_NAME( CATCH2_INTERNAL_TEST_ ), __VA_ARGS__ )
      |         ^
/Users/swayamsingal/Desktop/Programming/Kairo/build/dev-clang/_deps/catch2-src/src/catch2/../catch2/internal/catch_test_registry.hpp:85:41: note: expanded from macro 'INTERNAL_CATCH_TESTCASE2'
   85 |         namespace{ const Catch::AutoReg INTERNAL_CATCH_UNIQUE_NAME( autoRegistrar )( Catch::makeTestInvoker( &TestName ), CATCH_INTERNAL_LINEINFO, Catch::StringRef(), Catch::NameAndTags{ __VA_ARGS__ } ); } /* NOLINT */ \
      |                                         ^
/Users/swayamsingal/Desktop/Programming/Kairo/build/dev-clang/_deps/catch2-src/src/catch2/../catch2/internal/catch_unique_name.hpp:15:85: note: expanded from macro 'INTERNAL_CATCH_UNIQUE_NAME'
   15 | #  define INTERNAL_CATCH_UNIQUE_NAME( name ) INTERNAL_CATCH_UNIQUE_NAME_LINE( name, __COUNTER__ )
      |                                                                                     ^
/Users/swayamsingal/Desktop/Programming/Kairo/KairoAssets/tests/AssetTests.cpp:590:1: warning: '__COUNTER__' is a C2y extension [-Wc2y-extensions]
  590 | TEST_CASE("Asset manifest files replace and reload registry state", "[KairoAssets][Manifest][IO]")
      | ^
/Users/swayamsingal/Desktop/Programming/Kairo/build/dev-clang/_deps/catch2-src/src/catch2/../catch2/catch_test_macros.hpp:142:28: note: expanded from macro 'TEST_CASE'
  142 |   #define TEST_CASE( ... ) INTERNAL_CATCH_TESTCASE( __VA_ARGS__ )
      |                            ^
/Users/swayamsingal/Desktop/Programming/Kairo/build/dev-clang/_deps/catch2-src/src/catch2/../catch2/internal/catch_test_registry.hpp:89:35: note: expanded from macro 'INTERNAL_CATCH_TESTCASE'
   89 |         INTERNAL_CATCH_TESTCASE2( INTERNAL_CATCH_UNIQUE_NAME( CATCH2_INTERNAL_TEST_ ), __VA_ARGS__ )
      |                                   ^
/Users/swayamsingal/Desktop/Programming/Kairo/build/dev-clang/_deps/catch2-src/src/catch2/../catch2/internal/catch_unique_name.hpp:15:85: note: expanded from macro 'INTERNAL_CATCH_UNIQUE_NAME'
   15 | #  define INTERNAL_CATCH_UNIQUE_NAME( name ) INTERNAL_CATCH_UNIQUE_NAME_LINE( name, __COUNTER__ )
      |                                                                                     ^
/Users/swayamsingal/Desktop/Programming/Kairo/KairoAssets/tests/AssetTests.cpp:590:1: warning: '__COUNTER__' is a C2y extension [-Wc2y-extensions]
/Users/swayamsingal/Desktop/Programming/Kairo/build/dev-clang/_deps/catch2-src/src/catch2/../catch2/catch_test_macros.hpp:142:28: note: expanded from macro 'TEST_CASE'
  142 |   #define TEST_CASE( ... ) INTERNAL_CATCH_TESTCASE( __VA_ARGS__ )
      |                            ^
/Users/swayamsingal/Desktop/Programming/Kairo/build/dev-clang/_deps/catch2-src/src/catch2/../catch2/internal/catch_test_registry.hpp:89:9: note: expanded from macro 'INTERNAL_CATCH_TESTCASE'
   89 |         INTERNAL_CATCH_TESTCASE2( INTERNAL_CATCH_UNIQUE_NAME( CATCH2_INTERNAL_TEST_ ), __VA_ARGS__ )
      |         ^
/Users/swayamsingal/Desktop/Programming/Kairo/build/dev-clang/_deps/catch2-src/src/catch2/../catch2/internal/catch_test_registry.hpp:85:41: note: expanded from macro 'INTERNAL_CATCH_TESTCASE2'
   85 |         namespace{ const Catch::AutoReg INTERNAL_CATCH_UNIQUE_NAME( autoRegistrar )( Catch::makeTestInvoker( &TestName ), CATCH_INTERNAL_LINEINFO, Catch::StringRef(), Catch::NameAndTags{ __VA_ARGS__ } ); } /* NOLINT */ \
      |                                         ^
/Users/swayamsingal/Desktop/Programming/Kairo/build/dev-clang/_deps/catch2-src/src/catch2/../catch2/internal/catch_unique_name.hpp:15:85: note: expanded from macro 'INTERNAL_CATCH_UNIQUE_NAME'
   15 | #  define INTERNAL_CATCH_UNIQUE_NAME( name ) INTERNAL_CATCH_UNIQUE_NAME_LINE( name, __COUNTER__ )
      |                                                                                     ^
51 warnings generated.
[837/942] Building CXX object KairoEngineCore/_deps/KairoAssets/CMakeFiles/KairoAssetsTests.dir/tests/AuthoringMeshTests.cpp.o
/Users/swayamsingal/Desktop/Programming/Kairo/KairoAssets/tests/AuthoringMeshTests.cpp:10:1: warning: '__COUNTER__' is a C2y extension [-Wc2y-extensions]
   10 | TEST_CASE("Editable mesh exposes stable loop topology and deterministic cook")
      | ^
/Users/swayamsingal/Desktop/Programming/Kairo/build/dev-clang/_deps/catch2-src/src/catch2/../catch2/catch_test_macros.hpp:142:28: note: expanded from macro 'TEST_CASE'
  142 |   #define TEST_CASE( ... ) INTERNAL_CATCH_TESTCASE( __VA_ARGS__ )
      |                            ^
/Users/swayamsingal/Desktop/Programming/Kairo/build/dev-clang/_deps/catch2-src/src/catch2/../catch2/internal/catch_test_registry.hpp:89:35: note: expanded from macro 'INTERNAL_CATCH_TESTCASE'
   89 |         INTERNAL_CATCH_TESTCASE2( INTERNAL_CATCH_UNIQUE_NAME( CATCH2_INTERNAL_TEST_ ), __VA_ARGS__ )
      |                                   ^
/Users/swayamsingal/Desktop/Programming/Kairo/build/dev-clang/_deps/catch2-src/src/catch2/../catch2/internal/catch_unique_name.hpp:15:85: note: expanded from macro 'INTERNAL_CATCH_UNIQUE_NAME'
   15 | #  define INTERNAL_CATCH_UNIQUE_NAME( name ) INTERNAL_CATCH_UNIQUE_NAME_LINE( name, __COUNTER__ )
      |                                                                                     ^
/Users/swayamsingal/Desktop/Programming/Kairo/KairoAssets/tests/AuthoringMeshTests.cpp:10:1: warning: '__COUNTER__' is a C2y extension [-Wc2y-extensions]
/Users/swayamsingal/Desktop/Programming/Kairo/build/dev-clang/_deps/catch2-src/src/catch2/../catch2/catch_test_macros.hpp:142:28: note: expanded from macro 'TEST_CASE'
  142 |   #define TEST_CASE( ... ) INTERNAL_CATCH_TESTCASE( __VA_ARGS__ )
      |                            ^
/Users/swayamsingal/Desktop/Programming/Kairo/build/dev-clang/_deps/catch2-src/src/catch2/../catch2/internal/catch_test_registry.hpp:89:9: note: expanded from macro 'INTERNAL_CATCH_TESTCASE'
   89 |         INTERNAL_CATCH_TESTCASE2( INTERNAL_CATCH_UNIQUE_NAME( CATCH2_INTERNAL_TEST_ ), __VA_ARGS__ )
      |         ^
/Users/swayamsingal/Desktop/Programming/Kairo/build/dev-clang/_deps/catch2-src/src/catch2/../catch2/internal/catch_test_registry.hpp:85:41: note: expanded from macro 'INTERNAL_CATCH_TESTCASE2'
   85 |         namespace{ const Catch::AutoReg INTERNAL_CATCH_UNIQUE_NAME( autoRegistrar )( Catch::makeTestInvoker( &TestName ), CATCH_INTERNAL_LINEINFO, Catch::StringRef(), Catch::NameAndTags{ __VA_ARGS__ } ); } /* NOLINT */ \
      |                                         ^
/Users/swayamsingal/Desktop/Programming/Kairo/build/dev-clang/_deps/catch2-src/src/catch2/../catch2/internal/catch_unique_name.hpp:15:85: note: expanded from macro 'INTERNAL_CATCH_UNIQUE_NAME'
   15 | #  define INTERNAL_CATCH_UNIQUE_NAME( name ) INTERNAL_CATCH_UNIQUE_NAME_LINE( name, __COUNTER__ )
      |                                                                                     ^
/Users/swayamsingal/Desktop/Programming/Kairo/KairoAssets/tests/AuthoringMeshTests.cpp:35:1: warning: '__COUNTER__' is a C2y extension [-Wc2y-extensions]
   35 | TEST_CASE("Editable mesh transactions rollback invalid authoring")
      | ^
/Users/swayamsingal/Desktop/Programming/Kairo/build/dev-clang/_deps/catch2-src/src/catch2/../catch2/catch_test_macros.hpp:142:28: note: expanded from macro 'TEST_CASE'
  142 |   #define TEST_CASE( ... ) INTERNAL_CATCH_TESTCASE( __VA_ARGS__ )
      |                            ^
/Users/swayamsingal/Desktop/Programming/Kairo/build/dev-clang/_deps/catch2-src/src/catch2/../catch2/internal/catch_test_registry.hpp:89:35: note: expanded from macro 'INTERNAL_CATCH_TESTCASE'
   89 |         INTERNAL_CATCH_TESTCASE2( INTERNAL_CATCH_UNIQUE_NAME( CATCH2_INTERNAL_TEST_ ), __VA_ARGS__ )
      |                                   ^
/Users/swayamsingal/Desktop/Programming/Kairo/build/dev-clang/_deps/catch2-src/src/catch2/../catch2/internal/catch_unique_name.hpp:15:85: note: expanded from macro 'INTERNAL_CATCH_UNIQUE_NAME'
   15 | #  define INTERNAL_CATCH_UNIQUE_NAME( name ) INTERNAL_CATCH_UNIQUE_NAME_LINE( name, __COUNTER__ )
      |                                                                                     ^
/Users/swayamsingal/Desktop/Programming/Kairo/KairoAssets/tests/AuthoringMeshTests.cpp:35:1: warning: '__COUNTER__' is a C2y extension [-Wc2y-extensions]
/Users/swayamsingal/Desktop/Programming/Kairo/build/dev-clang/_deps/catch2-src/src/catch2/../catch2/catch_test_macros.hpp:142:28: note: expanded from macro 'TEST_CASE'
  142 |   #define TEST_CASE( ... ) INTERNAL_CATCH_TESTCASE( __VA_ARGS__ )
      |                            ^
/Users/swayamsingal/Desktop/Programming/Kairo/build/dev-clang/_deps/catch2-src/src/catch2/../catch2/internal/catch_test_registry.hpp:89:9: note: expanded from macro 'INTERNAL_CATCH_TESTCASE'
   89 |         INTERNAL_CATCH_TESTCASE2( INTERNAL_CATCH_UNIQUE_NAME( CATCH2_INTERNAL_TEST_ ), __VA_ARGS__ )
      |         ^
/Users/swayamsingal/Desktop/Programming/Kairo/build/dev-clang/_deps/catch2-src/src/catch2/../catch2/internal/catch_test_registry.hpp:85:41: note: expanded from macro 'INTERNAL_CATCH_TESTCASE2'
   85 |         namespace{ const Catch::AutoReg INTERNAL_CATCH_UNIQUE_NAME( autoRegistrar )( Catch::makeTestInvoker( &TestName ), CATCH_INTERNAL_LINEINFO, Catch::StringRef(), Catch::NameAndTags{ __VA_ARGS__ } ); } /* NOLINT */ \
      |                                         ^
/Users/swayamsingal/Desktop/Programming/Kairo/build/dev-clang/_deps/catch2-src/src/catch2/../catch2/internal/catch_unique_name.hpp:15:85: note: expanded from macro 'INTERNAL_CATCH_UNIQUE_NAME'
   15 | #  define INTERNAL_CATCH_UNIQUE_NAME( name ) INTERNAL_CATCH_UNIQUE_NAME_LINE( name, __COUNTER__ )
      |                                                                                     ^
/Users/swayamsingal/Desktop/Programming/Kairo/KairoAssets/tests/AuthoringMeshTests.cpp:51:1: warning: '__COUNTER__' is a C2y extension [-Wc2y-extensions]
   51 | TEST_CASE("UV authoring unwraps packs and cooks per-corner coordinates")
      | ^
/Users/swayamsingal/Desktop/Programming/Kairo/build/dev-clang/_deps/catch2-src/src/catch2/../catch2/catch_test_macros.hpp:142:28: note: expanded from macro 'TEST_CASE'
  142 |   #define TEST_CASE( ... ) INTERNAL_CATCH_TESTCASE( __VA_ARGS__ )
      |                            ^
/Users/swayamsingal/Desktop/Programming/Kairo/build/dev-clang/_deps/catch2-src/src/catch2/../catch2/internal/catch_test_registry.hpp:89:35: note: expanded from macro 'INTERNAL_CATCH_TESTCASE'
   89 |         INTERNAL_CATCH_TESTCASE2( INTERNAL_CATCH_UNIQUE_NAME( CATCH2_INTERNAL_TEST_ ), __VA_ARGS__ )
      |                                   ^
/Users/swayamsingal/Desktop/Programming/Kairo/build/dev-clang/_deps/catch2-src/src/catch2/../catch2/internal/catch_unique_name.hpp:15:85: note: expanded from macro 'INTERNAL_CATCH_UNIQUE_NAME'
   15 | #  define INTERNAL_CATCH_UNIQUE_NAME( name ) INTERNAL_CATCH_UNIQUE_NAME_LINE( name, __COUNTER__ )
      |                                                                                     ^
/Users/swayamsingal/Desktop/Programming/Kairo/KairoAssets/tests/AuthoringMeshTests.cpp:51:1: warning: '__COUNTER__' is a C2y extension [-Wc2y-extensions]
/Users/swayamsingal/Desktop/Programming/Kairo/build/dev-clang/_deps/catch2-src/src/catch2/../catch2/catch_test_macros.hpp:142:28: note: expanded from macro 'TEST_CASE'
  142 |   #define TEST_CASE( ... ) INTERNAL_CATCH_TESTCASE( __VA_ARGS__ )
      |                            ^
/Users/swayamsingal/Desktop/Programming/Kairo/build/dev-clang/_deps/catch2-src/src/catch2/../catch2/internal/catch_test_registry.hpp:89:9: note: expanded from macro 'INTERNAL_CATCH_TESTCASE'
   89 |         INTERNAL_CATCH_TESTCASE2( INTERNAL_CATCH_UNIQUE_NAME( CATCH2_INTERNAL_TEST_ ), __VA_ARGS__ )
      |         ^
/Users/swayamsingal/Desktop/Programming/Kairo/build/dev-clang/_deps/catch2-src/src/catch2/../catch2/internal/catch_test_registry.hpp:85:41: note: expanded from macro 'INTERNAL_CATCH_TESTCASE2'
   85 |         namespace{ const Catch::AutoReg INTERNAL_CATCH_UNIQUE_NAME( autoRegistrar )( Catch::makeTestInvoker( &TestName ), CATCH_INTERNAL_LINEINFO, Catch::StringRef(), Catch::NameAndTags{ __VA_ARGS__ } ); } /* NOLINT */ \
      |                                         ^
/Users/swayamsingal/Desktop/Programming/Kairo/build/dev-clang/_deps/catch2-src/src/catch2/../catch2/internal/catch_unique_name.hpp:15:85: note: expanded from macro 'INTERNAL_CATCH_UNIQUE_NAME'
   15 | #  define INTERNAL_CATCH_UNIQUE_NAME( name ) INTERNAL_CATCH_UNIQUE_NAME_LINE( name, __COUNTER__ )
      |                                                                                     ^
/Users/swayamsingal/Desktop/Programming/Kairo/KairoAssets/tests/AuthoringMeshTests.cpp:75:1: warning: '__COUNTER__' is a C2y extension [-Wc2y-extensions]
   75 | TEST_CASE("Sculpt strokes support masks symmetry undo and multires subdivision")
      | ^
/Users/swayamsingal/Desktop/Programming/Kairo/build/dev-clang/_deps/catch2-src/src/catch2/../catch2/catch_test_macros.hpp:142:28: note: expanded from macro 'TEST_CASE'
  142 |   #define TEST_CASE( ... ) INTERNAL_CATCH_TESTCASE( __VA_ARGS__ )
      |                            ^
/Users/swayamsingal/Desktop/Programming/Kairo/build/dev-clang/_deps/catch2-src/src/catch2/../catch2/internal/catch_test_registry.hpp:89:35: note: expanded from macro 'INTERNAL_CATCH_TESTCASE'
   89 |         INTERNAL_CATCH_TESTCASE2( INTERNAL_CATCH_UNIQUE_NAME( CATCH2_INTERNAL_TEST_ ), __VA_ARGS__ )
      |                                   ^
/Users/swayamsingal/Desktop/Programming/Kairo/build/dev-clang/_deps/catch2-src/src/catch2/../catch2/internal/catch_unique_name.hpp:15:85: note: expanded from macro 'INTERNAL_CATCH_UNIQUE_NAME'
   15 | #  define INTERNAL_CATCH_UNIQUE_NAME( name ) INTERNAL_CATCH_UNIQUE_NAME_LINE( name, __COUNTER__ )
      |                                                                                     ^
/Users/swayamsingal/Desktop/Programming/Kairo/KairoAssets/tests/AuthoringMeshTests.cpp:75:1: warning: '__COUNTER__' is a C2y extension [-Wc2y-extensions]
/Users/swayamsingal/Desktop/Programming/Kairo/build/dev-clang/_deps/catch2-src/src/catch2/../catch2/catch_test_macros.hpp:142:28: note: expanded from macro 'TEST_CASE'
  142 |   #define TEST_CASE( ... ) INTERNAL_CATCH_TESTCASE( __VA_ARGS__ )
      |                            ^
/Users/swayamsingal/Desktop/Programming/Kairo/build/dev-clang/_deps/catch2-src/src/catch2/../catch2/internal/catch_test_registry.hpp:89:9: note: expanded from macro 'INTERNAL_CATCH_TESTCASE'
   89 |         INTERNAL_CATCH_TESTCASE2( INTERNAL_CATCH_UNIQUE_NAME( CATCH2_INTERNAL_TEST_ ), __VA_ARGS__ )
      |         ^
/Users/swayamsingal/Desktop/Programming/Kairo/build/dev-clang/_deps/catch2-src/src/catch2/../catch2/internal/catch_test_registry.hpp:85:41: note: expanded from macro 'INTERNAL_CATCH_TESTCASE2'
   85 |         namespace{ const Catch::AutoReg INTERNAL_CATCH_UNIQUE_NAME( autoRegistrar )( Catch::makeTestInvoker( &TestName ), CATCH_INTERNAL_LINEINFO, Catch::StringRef(), Catch::NameAndTags{ __VA_ARGS__ } ); } /* NOLINT */ \
      |                                         ^
/Users/swayamsingal/Desktop/Programming/Kairo/build/dev-clang/_deps/catch2-src/src/catch2/../catch2/internal/catch_unique_name.hpp:15:85: note: expanded from macro 'INTERNAL_CATCH_UNIQUE_NAME'
   15 | #  define INTERNAL_CATCH_UNIQUE_NAME( name ) INTERNAL_CATCH_UNIQUE_NAME_LINE( name, __COUNTER__ )
      |                                                                                     ^
8 warnings generated.
[838/942] Building CXX object KairoEngineCore/_deps/KairoAssets/CMakeFiles/KairoAssetsTests.dir/tests/GLBImporterTests.cpp.o
/Users/swayamsingal/Desktop/Programming/Kairo/KairoAssets/tests/GLBImporterTests.cpp:72:1: warning: '__COUNTER__' is a C2y extension [-Wc2y-extensions]
   72 | TEST_CASE("Static GLB importer produces canonical mesh artifacts")
      | ^
/Users/swayamsingal/Desktop/Programming/Kairo/build/dev-clang/_deps/catch2-src/src/catch2/../catch2/catch_test_macros.hpp:142:28: note: expanded from macro 'TEST_CASE'
  142 |   #define TEST_CASE( ... ) INTERNAL_CATCH_TESTCASE( __VA_ARGS__ )
      |                            ^
/Users/swayamsingal/Desktop/Programming/Kairo/build/dev-clang/_deps/catch2-src/src/catch2/../catch2/internal/catch_test_registry.hpp:89:35: note: expanded from macro 'INTERNAL_CATCH_TESTCASE'
   89 |         INTERNAL_CATCH_TESTCASE2( INTERNAL_CATCH_UNIQUE_NAME( CATCH2_INTERNAL_TEST_ ), __VA_ARGS__ )
      |                                   ^
/Users/swayamsingal/Desktop/Programming/Kairo/build/dev-clang/_deps/catch2-src/src/catch2/../catch2/internal/catch_unique_name.hpp:15:85: note: expanded from macro 'INTERNAL_CATCH_UNIQUE_NAME'
   15 | #  define INTERNAL_CATCH_UNIQUE_NAME( name ) INTERNAL_CATCH_UNIQUE_NAME_LINE( name, __COUNTER__ )
      |                                                                                     ^
/Users/swayamsingal/Desktop/Programming/Kairo/KairoAssets/tests/GLBImporterTests.cpp:72:1: warning: '__COUNTER__' is a C2y extension [-Wc2y-extensions]
/Users/swayamsingal/Desktop/Programming/Kairo/build/dev-clang/_deps/catch2-src/src/catch2/../catch2/catch_test_macros.hpp:142:28: note: expanded from macro 'TEST_CASE'
  142 |   #define TEST_CASE( ... ) INTERNAL_CATCH_TESTCASE( __VA_ARGS__ )
      |                            ^
/Users/swayamsingal/Desktop/Programming/Kairo/build/dev-clang/_deps/catch2-src/src/catch2/../catch2/internal/catch_test_registry.hpp:89:9: note: expanded from macro 'INTERNAL_CATCH_TESTCASE'
   89 |         INTERNAL_CATCH_TESTCASE2( INTERNAL_CATCH_UNIQUE_NAME( CATCH2_INTERNAL_TEST_ ), __VA_ARGS__ )
      |         ^
/Users/swayamsingal/Desktop/Programming/Kairo/build/dev-clang/_deps/catch2-src/src/catch2/../catch2/internal/catch_test_registry.hpp:85:41: note: expanded from macro 'INTERNAL_CATCH_TESTCASE2'
   85 |         namespace{ const Catch::AutoReg INTERNAL_CATCH_UNIQUE_NAME( autoRegistrar )( Catch::makeTestInvoker( &TestName ), CATCH_INTERNAL_LINEINFO, Catch::StringRef(), Catch::NameAndTags{ __VA_ARGS__ } ); } /* NOLINT */ \
      |                                         ^
/Users/swayamsingal/Desktop/Programming/Kairo/build/dev-clang/_deps/catch2-src/src/catch2/../catch2/internal/catch_unique_name.hpp:15:85: note: expanded from macro 'INTERNAL_CATCH_UNIQUE_NAME'
   15 | #  define INTERNAL_CATCH_UNIQUE_NAME( name ) INTERNAL_CATCH_UNIQUE_NAME_LINE( name, __COUNTER__ )
      |                                                                                     ^
/Users/swayamsingal/Desktop/Programming/Kairo/KairoAssets/tests/GLBImporterTests.cpp:77:83: warning: missing field 'SourcePath' initializer [-Wmissing-field-initializers]
   77 |     const DerivedArtifact artifact = importer.Import({ {}, AssetType::Mesh, bytes });
      |                                                                                   ^
/Users/swayamsingal/Desktop/Programming/Kairo/KairoAssets/tests/GLBImporterTests.cpp:90:1: warning: '__COUNTER__' is a C2y extension [-Wc2y-extensions]
   90 | TEST_CASE("Static GLB importer rejects malformed and unsupported input")
      | ^
/Users/swayamsingal/Desktop/Programming/Kairo/build/dev-clang/_deps/catch2-src/src/catch2/../catch2/catch_test_macros.hpp:142:28: note: expanded from macro 'TEST_CASE'
  142 |   #define TEST_CASE( ... ) INTERNAL_CATCH_TESTCASE( __VA_ARGS__ )
      |                            ^
/Users/swayamsingal/Desktop/Programming/Kairo/build/dev-clang/_deps/catch2-src/src/catch2/../catch2/internal/catch_test_registry.hpp:89:35: note: expanded from macro 'INTERNAL_CATCH_TESTCASE'
   89 |         INTERNAL_CATCH_TESTCASE2( INTERNAL_CATCH_UNIQUE_NAME( CATCH2_INTERNAL_TEST_ ), __VA_ARGS__ )
      |                                   ^
/Users/swayamsingal/Desktop/Programming/Kairo/build/dev-clang/_deps/catch2-src/src/catch2/../catch2/internal/catch_unique_name.hpp:15:85: note: expanded from macro 'INTERNAL_CATCH_UNIQUE_NAME'
   15 | #  define INTERNAL_CATCH_UNIQUE_NAME( name ) INTERNAL_CATCH_UNIQUE_NAME_LINE( name, __COUNTER__ )
      |                                                                                     ^
/Users/swayamsingal/Desktop/Programming/Kairo/KairoAssets/tests/GLBImporterTests.cpp:90:1: warning: '__COUNTER__' is a C2y extension [-Wc2y-extensions]
/Users/swayamsingal/Desktop/Programming/Kairo/build/dev-clang/_deps/catch2-src/src/catch2/../catch2/catch_test_macros.hpp:142:28: note: expanded from macro 'TEST_CASE'
  142 |   #define TEST_CASE( ... ) INTERNAL_CATCH_TESTCASE( __VA_ARGS__ )
      |                            ^
/Users/swayamsingal/Desktop/Programming/Kairo/build/dev-clang/_deps/catch2-src/src/catch2/../catch2/internal/catch_test_registry.hpp:89:9: note: expanded from macro 'INTERNAL_CATCH_TESTCASE'
   89 |         INTERNAL_CATCH_TESTCASE2( INTERNAL_CATCH_UNIQUE_NAME( CATCH2_INTERNAL_TEST_ ), __VA_ARGS__ )
      |         ^
/Users/swayamsingal/Desktop/Programming/Kairo/build/dev-clang/_deps/catch2-src/src/catch2/../catch2/internal/catch_test_registry.hpp:85:41: note: expanded from macro 'INTERNAL_CATCH_TESTCASE2'
   85 |         namespace{ const Catch::AutoReg INTERNAL_CATCH_UNIQUE_NAME( autoRegistrar )( Catch::makeTestInvoker( &TestName ), CATCH_INTERNAL_LINEINFO, Catch::StringRef(), Catch::NameAndTags{ __VA_ARGS__ } ); } /* NOLINT */ \
      |                                         ^
/Users/swayamsingal/Desktop/Programming/Kairo/build/dev-clang/_deps/catch2-src/src/catch2/../catch2/internal/catch_unique_name.hpp:15:85: note: expanded from macro 'INTERNAL_CATCH_UNIQUE_NAME'
   15 | #  define INTERNAL_CATCH_UNIQUE_NAME( name ) INTERNAL_CATCH_UNIQUE_NAME_LINE( name, __COUNTER__ )
      |                                                                                     ^
/Users/swayamsingal/Desktop/Programming/Kairo/KairoAssets/tests/GLBImporterTests.cpp:95:63: warning: missing field 'SourcePath' initializer [-Wmissing-field-initializers]
   95 |     CHECK_THROWS(importer.Import({ {}, AssetType::Mesh, empty }));
      |                                                               ^
/Users/swayamsingal/Desktop/Programming/Kairo/KairoAssets/tests/GLBImporterTests.cpp:97:68: warning: missing field 'SourcePath' initializer [-Wmissing-field-initializers]
   97 |     CHECK_THROWS(importer.Import({ {}, AssetType::Texture2D, valid }));
      |                                                                    ^
/Users/swayamsingal/Desktop/Programming/Kairo/KairoAssets/tests/GLBImporterTests.cpp:99:91: warning: missing field 'SourcePath' initializer [-Wmissing-field-initializers]
   99 |         CHECK_THROWS(importer.Import({ {}, AssetType::Mesh, std::span(valid.data(), size) }));
      |                                                                                           ^
8 warnings generated.
[839/942] Building CXX object KairoEngineCore/_deps/KairoAssets/CMakeFiles/KairoAssetsTests.dir/tests/AuthoringCompletionTests.cpp.o
/Users/swayamsingal/Desktop/Programming/Kairo/KairoAssets/tests/AuthoringCompletionTests.cpp:35:1: warning: '__COUNTER__' is a C2y extension [-Wc2y-extensions]
   35 | TEST_CASE("edge split preserves every adjacent polygon and topology")
      | ^
/Users/swayamsingal/Desktop/Programming/Kairo/build/dev-clang/_deps/catch2-src/src/catch2/../catch2/catch_test_macros.hpp:142:28: note: expanded from macro 'TEST_CASE'
  142 |   #define TEST_CASE( ... ) INTERNAL_CATCH_TESTCASE( __VA_ARGS__ )
      |                            ^
/Users/swayamsingal/Desktop/Programming/Kairo/build/dev-clang/_deps/catch2-src/src/catch2/../catch2/internal/catch_test_registry.hpp:89:35: note: expanded from macro 'INTERNAL_CATCH_TESTCASE'
   89 |         INTERNAL_CATCH_TESTCASE2( INTERNAL_CATCH_UNIQUE_NAME( CATCH2_INTERNAL_TEST_ ), __VA_ARGS__ )
      |                                   ^
/Users/swayamsingal/Desktop/Programming/Kairo/build/dev-clang/_deps/catch2-src/src/catch2/../catch2/internal/catch_unique_name.hpp:15:85: note: expanded from macro 'INTERNAL_CATCH_UNIQUE_NAME'
   15 | #  define INTERNAL_CATCH_UNIQUE_NAME( name ) INTERNAL_CATCH_UNIQUE_NAME_LINE( name, __COUNTER__ )
      |                                                                                     ^
/Users/swayamsingal/Desktop/Programming/Kairo/KairoAssets/tests/AuthoringCompletionTests.cpp:35:1: warning: '__COUNTER__' is a C2y extension [-Wc2y-extensions]
/Users/swayamsingal/Desktop/Programming/Kairo/build/dev-clang/_deps/catch2-src/src/catch2/../catch2/catch_test_macros.hpp:142:28: note: expanded from macro 'TEST_CASE'
  142 |   #define TEST_CASE( ... ) INTERNAL_CATCH_TESTCASE( __VA_ARGS__ )
      |                            ^
/Users/swayamsingal/Desktop/Programming/Kairo/build/dev-clang/_deps/catch2-src/src/catch2/../catch2/internal/catch_test_registry.hpp:89:9: note: expanded from macro 'INTERNAL_CATCH_TESTCASE'
   89 |         INTERNAL_CATCH_TESTCASE2( INTERNAL_CATCH_UNIQUE_NAME( CATCH2_INTERNAL_TEST_ ), __VA_ARGS__ )
      |         ^
/Users/swayamsingal/Desktop/Programming/Kairo/build/dev-clang/_deps/catch2-src/src/catch2/../catch2/internal/catch_test_registry.hpp:85:41: note: expanded from macro 'INTERNAL_CATCH_TESTCASE2'
   85 |         namespace{ const Catch::AutoReg INTERNAL_CATCH_UNIQUE_NAME( autoRegistrar )( Catch::makeTestInvoker( &TestName ), CATCH_INTERNAL_LINEINFO, Catch::StringRef(), Catch::NameAndTags{ __VA_ARGS__ } ); } /* NOLINT */ \
      |                                         ^
/Users/swayamsingal/Desktop/Programming/Kairo/build/dev-clang/_deps/catch2-src/src/catch2/../catch2/internal/catch_unique_name.hpp:15:85: note: expanded from macro 'INTERNAL_CATCH_UNIQUE_NAME'
   15 | #  define INTERNAL_CATCH_UNIQUE_NAME( name ) INTERNAL_CATCH_UNIQUE_NAME_LINE( name, __COUNTER__ )
      |                                                                                     ^
/Users/swayamsingal/Desktop/Programming/Kairo/KairoAssets/tests/AuthoringCompletionTests.cpp:47:1: warning: '__COUNTER__' is a C2y extension [-Wc2y-extensions]
   47 | TEST_CASE("knife splits one polygon into two validated polygons")
      | ^
/Users/swayamsingal/Desktop/Programming/Kairo/build/dev-clang/_deps/catch2-src/src/catch2/../catch2/catch_test_macros.hpp:142:28: note: expanded from macro 'TEST_CASE'
  142 |   #define TEST_CASE( ... ) INTERNAL_CATCH_TESTCASE( __VA_ARGS__ )
      |                            ^
/Users/swayamsingal/Desktop/Programming/Kairo/build/dev-clang/_deps/catch2-src/src/catch2/../catch2/internal/catch_test_registry.hpp:89:35: note: expanded from macro 'INTERNAL_CATCH_TESTCASE'
   89 |         INTERNAL_CATCH_TESTCASE2( INTERNAL_CATCH_UNIQUE_NAME( CATCH2_INTERNAL_TEST_ ), __VA_ARGS__ )
      |                                   ^
/Users/swayamsingal/Desktop/Programming/Kairo/build/dev-clang/_deps/catch2-src/src/catch2/../catch2/internal/catch_unique_name.hpp:15:85: note: expanded from macro 'INTERNAL_CATCH_UNIQUE_NAME'
   15 | #  define INTERNAL_CATCH_UNIQUE_NAME( name ) INTERNAL_CATCH_UNIQUE_NAME_LINE( name, __COUNTER__ )
      |                                                                                     ^
/Users/swayamsingal/Desktop/Programming/Kairo/KairoAssets/tests/AuthoringCompletionTests.cpp:47:1: warning: '__COUNTER__' is a C2y extension [-Wc2y-extensions]
/Users/swayamsingal/Desktop/Programming/Kairo/build/dev-clang/_deps/catch2-src/src/catch2/../catch2/catch_test_macros.hpp:142:28: note: expanded from macro 'TEST_CASE'
  142 |   #define TEST_CASE( ... ) INTERNAL_CATCH_TESTCASE( __VA_ARGS__ )
      |                            ^
/Users/swayamsingal/Desktop/Programming/Kairo/build/dev-clang/_deps/catch2-src/src/catch2/../catch2/internal/catch_test_registry.hpp:89:9: note: expanded from macro 'INTERNAL_CATCH_TESTCASE'
   89 |         INTERNAL_CATCH_TESTCASE2( INTERNAL_CATCH_UNIQUE_NAME( CATCH2_INTERNAL_TEST_ ), __VA_ARGS__ )
      |         ^
/Users/swayamsingal/Desktop/Programming/Kairo/build/dev-clang/_deps/catch2-src/src/catch2/../catch2/internal/catch_test_registry.hpp:85:41: note: expanded from macro 'INTERNAL_CATCH_TESTCASE2'
   85 |         namespace{ const Catch::AutoReg INTERNAL_CATCH_UNIQUE_NAME( autoRegistrar )( Catch::makeTestInvoker( &TestName ), CATCH_INTERNAL_LINEINFO, Catch::StringRef(), Catch::NameAndTags{ __VA_ARGS__ } ); } /* NOLINT */ \
      |                                         ^
/Users/swayamsingal/Desktop/Programming/Kairo/build/dev-clang/_deps/catch2-src/src/catch2/../catch2/internal/catch_unique_name.hpp:15:85: note: expanded from macro 'INTERNAL_CATCH_UNIQUE_NAME'
   15 | #  define INTERNAL_CATCH_UNIQUE_NAME( name ) INTERNAL_CATCH_UNIQUE_NAME_LINE( name, __COUNTER__ )
      |                                                                                     ^
/Users/swayamsingal/Desktop/Programming/Kairo/KairoAssets/tests/AuthoringCompletionTests.cpp:62:1: warning: '__COUNTER__' is a C2y extension [-Wc2y-extensions]
   62 | TEST_CASE("triangulate duplicate and normal tools retain deterministic material slots")
      | ^
/Users/swayamsingal/Desktop/Programming/Kairo/build/dev-clang/_deps/catch2-src/src/catch2/../catch2/catch_test_macros.hpp:142:28: note: expanded from macro 'TEST_CASE'
  142 |   #define TEST_CASE( ... ) INTERNAL_CATCH_TESTCASE( __VA_ARGS__ )
      |                            ^
/Users/swayamsingal/Desktop/Programming/Kairo/build/dev-clang/_deps/catch2-src/src/catch2/../catch2/internal/catch_test_registry.hpp:89:35: note: expanded from macro 'INTERNAL_CATCH_TESTCASE'
   89 |         INTERNAL_CATCH_TESTCASE2( INTERNAL_CATCH_UNIQUE_NAME( CATCH2_INTERNAL_TEST_ ), __VA_ARGS__ )
      |                                   ^
/Users/swayamsingal/Desktop/Programming/Kairo/build/dev-clang/_deps/catch2-src/src/catch2/../catch2/internal/catch_unique_name.hpp:15:85: note: expanded from macro 'INTERNAL_CATCH_UNIQUE_NAME'
   15 | #  define INTERNAL_CATCH_UNIQUE_NAME( name ) INTERNAL_CATCH_UNIQUE_NAME_LINE( name, __COUNTER__ )
      |                                                                                     ^
/Users/swayamsingal/Desktop/Programming/Kairo/KairoAssets/tests/AuthoringCompletionTests.cpp:62:1: warning: '__COUNTER__' is a C2y extension [-Wc2y-extensions]
/Users/swayamsingal/Desktop/Programming/Kairo/build/dev-clang/_deps/catch2-src/src/catch2/../catch2/catch_test_macros.hpp:142:28: note: expanded from macro 'TEST_CASE'
  142 |   #define TEST_CASE( ... ) INTERNAL_CATCH_TESTCASE( __VA_ARGS__ )
      |                            ^
/Users/swayamsingal/Desktop/Programming/Kairo/build/dev-clang/_deps/catch2-src/src/catch2/../catch2/internal/catch_test_registry.hpp:89:9: note: expanded from macro 'INTERNAL_CATCH_TESTCASE'
   89 |         INTERNAL_CATCH_TESTCASE2( INTERNAL_CATCH_UNIQUE_NAME( CATCH2_INTERNAL_TEST_ ), __VA_ARGS__ )
      |         ^
/Users/swayamsingal/Desktop/Programming/Kairo/build/dev-clang/_deps/catch2-src/src/catch2/../catch2/internal/catch_test_registry.hpp:85:41: note: expanded from macro 'INTERNAL_CATCH_TESTCASE2'
   85 |         namespace{ const Catch::AutoReg INTERNAL_CATCH_UNIQUE_NAME( autoRegistrar )( Catch::makeTestInvoker( &TestName ), CATCH_INTERNAL_LINEINFO, Catch::StringRef(), Catch::NameAndTags{ __VA_ARGS__ } ); } /* NOLINT */ \
      |                                         ^
/Users/swayamsingal/Desktop/Programming/Kairo/build/dev-clang/_deps/catch2-src/src/catch2/../catch2/internal/catch_unique_name.hpp:15:85: note: expanded from macro 'INTERNAL_CATCH_UNIQUE_NAME'
   15 | #  define INTERNAL_CATCH_UNIQUE_NAME( name ) INTERNAL_CATCH_UNIQUE_NAME_LINE( name, __COUNTER__ )
      |                                                                                     ^
/Users/swayamsingal/Desktop/Programming/Kairo/KairoAssets/tests/AuthoringCompletionTests.cpp:80:1: warning: '__COUNTER__' is a C2y extension [-Wc2y-extensions]
   80 | TEST_CASE("bridge and fill construct a closed prism shell without non-manifold edges")
      | ^
/Users/swayamsingal/Desktop/Programming/Kairo/build/dev-clang/_deps/catch2-src/src/catch2/../catch2/catch_test_macros.hpp:142:28: note: expanded from macro 'TEST_CASE'
  142 |   #define TEST_CASE( ... ) INTERNAL_CATCH_TESTCASE( __VA_ARGS__ )
      |                            ^
/Users/swayamsingal/Desktop/Programming/Kairo/build/dev-clang/_deps/catch2-src/src/catch2/../catch2/internal/catch_test_registry.hpp:89:35: note: expanded from macro 'INTERNAL_CATCH_TESTCASE'
   89 |         INTERNAL_CATCH_TESTCASE2( INTERNAL_CATCH_UNIQUE_NAME( CATCH2_INTERNAL_TEST_ ), __VA_ARGS__ )
      |                                   ^
/Users/swayamsingal/Desktop/Programming/Kairo/build/dev-clang/_deps/catch2-src/src/catch2/../catch2/internal/catch_unique_name.hpp:15:85: note: expanded from macro 'INTERNAL_CATCH_UNIQUE_NAME'
   15 | #  define INTERNAL_CATCH_UNIQUE_NAME( name ) INTERNAL_CATCH_UNIQUE_NAME_LINE( name, __COUNTER__ )
      |                                                                                     ^
/Users/swayamsingal/Desktop/Programming/Kairo/KairoAssets/tests/AuthoringCompletionTests.cpp:80:1: warning: '__COUNTER__' is a C2y extension [-Wc2y-extensions]
/Users/swayamsingal/Desktop/Programming/Kairo/build/dev-clang/_deps/catch2-src/src/catch2/../catch2/catch_test_macros.hpp:142:28: note: expanded from macro 'TEST_CASE'
  142 |   #define TEST_CASE( ... ) INTERNAL_CATCH_TESTCASE( __VA_ARGS__ )
      |                            ^
/Users/swayamsingal/Desktop/Programming/Kairo/build/dev-clang/_deps/catch2-src/src/catch2/../catch2/internal/catch_test_registry.hpp:89:9: note: expanded from macro 'INTERNAL_CATCH_TESTCASE'
   89 |         INTERNAL_CATCH_TESTCASE2( INTERNAL_CATCH_UNIQUE_NAME( CATCH2_INTERNAL_TEST_ ), __VA_ARGS__ )
      |         ^
/Users/swayamsingal/Desktop/Programming/Kairo/build/dev-clang/_deps/catch2-src/src/catch2/../catch2/internal/catch_test_registry.hpp:85:41: note: expanded from macro 'INTERNAL_CATCH_TESTCASE2'
   85 |         namespace{ const Catch::AutoReg INTERNAL_CATCH_UNIQUE_NAME( autoRegistrar )( Catch::makeTestInvoker( &TestName ), CATCH_INTERNAL_LINEINFO, Catch::StringRef(), Catch::NameAndTags{ __VA_ARGS__ } ); } /* NOLINT */ \
      |                                         ^
/Users/swayamsingal/Desktop/Programming/Kairo/build/dev-clang/_deps/catch2-src/src/catch2/../catch2/internal/catch_unique_name.hpp:15:85: note: expanded from macro 'INTERNAL_CATCH_UNIQUE_NAME'
   15 | #  define INTERNAL_CATCH_UNIQUE_NAME( name ) INTERNAL_CATCH_UNIQUE_NAME_LINE( name, __COUNTER__ )
      |                                                                                     ^
/Users/swayamsingal/Desktop/Programming/Kairo/KairoAssets/tests/AuthoringCompletionTests.cpp:103:1: warning: '__COUNTER__' is a C2y extension [-Wc2y-extensions]
  103 | TEST_CASE("dissolve removes a shared diagonal and restores a quad")
      | ^
/Users/swayamsingal/Desktop/Programming/Kairo/build/dev-clang/_deps/catch2-src/src/catch2/../catch2/catch_test_macros.hpp:142:28: note: expanded from macro 'TEST_CASE'
  142 |   #define TEST_CASE( ... ) INTERNAL_CATCH_TESTCASE( __VA_ARGS__ )
      |                            ^
/Users/swayamsingal/Desktop/Programming/Kairo/build/dev-clang/_deps/catch2-src/src/catch2/../catch2/internal/catch_test_registry.hpp:89:35: note: expanded from macro 'INTERNAL_CATCH_TESTCASE'
   89 |         INTERNAL_CATCH_TESTCASE2( INTERNAL_CATCH_UNIQUE_NAME( CATCH2_INTERNAL_TEST_ ), __VA_ARGS__ )
      |                                   ^
/Users/swayamsingal/Desktop/Programming/Kairo/build/dev-clang/_deps/catch2-src/src/catch2/../catch2/internal/catch_unique_name.hpp:15:85: note: expanded from macro 'INTERNAL_CATCH_UNIQUE_NAME'
   15 | #  define INTERNAL_CATCH_UNIQUE_NAME( name ) INTERNAL_CATCH_UNIQUE_NAME_LINE( name, __COUNTER__ )
      |                                                                                     ^
/Users/swayamsingal/Desktop/Programming/Kairo/KairoAssets/tests/AuthoringCompletionTests.cpp:103:1: warning: '__COUNTER__' is a C2y extension [-Wc2y-extensions]
/Users/swayamsingal/Desktop/Programming/Kairo/build/dev-clang/_deps/catch2-src/src/catch2/../catch2/catch_test_macros.hpp:142:28: note: expanded from macro 'TEST_CASE'
  142 |   #define TEST_CASE( ... ) INTERNAL_CATCH_TESTCASE( __VA_ARGS__ )
      |                            ^
/Users/swayamsingal/Desktop/Programming/Kairo/build/dev-clang/_deps/catch2-src/src/catch2/../catch2/internal/catch_test_registry.hpp:89:9: note: expanded from macro 'INTERNAL_CATCH_TESTCASE'
   89 |         INTERNAL_CATCH_TESTCASE2( INTERNAL_CATCH_UNIQUE_NAME( CATCH2_INTERNAL_TEST_ ), __VA_ARGS__ )
      |         ^
/Users/swayamsingal/Desktop/Programming/Kairo/build/dev-clang/_deps/catch2-src/src/catch2/../catch2/internal/catch_test_registry.hpp:85:41: note: expanded from macro 'INTERNAL_CATCH_TESTCASE2'
   85 |         namespace{ const Catch::AutoReg INTERNAL_CATCH_UNIQUE_NAME( autoRegistrar )( Catch::makeTestInvoker( &TestName ), CATCH_INTERNAL_LINEINFO, Catch::StringRef(), Catch::NameAndTags{ __VA_ARGS__ } ); } /* NOLINT */ \
      |                                         ^
/Users/swayamsingal/Desktop/Programming/Kairo/build/dev-clang/_deps/catch2-src/src/catch2/../catch2/internal/catch_unique_name.hpp:15:85: note: expanded from macro 'INTERNAL_CATCH_UNIQUE_NAME'
   15 | #  define INTERNAL_CATCH_UNIQUE_NAME( name ) INTERNAL_CATCH_UNIQUE_NAME_LINE( name, __COUNTER__ )
      |                                                                                     ^
/Users/swayamsingal/Desktop/Programming/Kairo/KairoAssets/tests/AuthoringCompletionTests.cpp:120:1: warning: '__COUNTER__' is a C2y extension [-Wc2y-extensions]
  120 | TEST_CASE("modifier stack evaluates without mutating the authored mesh")
      | ^
/Users/swayamsingal/Desktop/Programming/Kairo/build/dev-clang/_deps/catch2-src/src/catch2/../catch2/catch_test_macros.hpp:142:28: note: expanded from macro 'TEST_CASE'
  142 |   #define TEST_CASE( ... ) INTERNAL_CATCH_TESTCASE( __VA_ARGS__ )
      |                            ^
/Users/swayamsingal/Desktop/Programming/Kairo/build/dev-clang/_deps/catch2-src/src/catch2/../catch2/internal/catch_test_registry.hpp:89:35: note: expanded from macro 'INTERNAL_CATCH_TESTCASE'
   89 |         INTERNAL_CATCH_TESTCASE2( INTERNAL_CATCH_UNIQUE_NAME( CATCH2_INTERNAL_TEST_ ), __VA_ARGS__ )
      |                                   ^
/Users/swayamsingal/Desktop/Programming/Kairo/build/dev-clang/_deps/catch2-src/src/catch2/../catch2/internal/catch_unique_name.hpp:15:85: note: expanded from macro 'INTERNAL_CATCH_UNIQUE_NAME'
   15 | #  define INTERNAL_CATCH_UNIQUE_NAME( name ) INTERNAL_CATCH_UNIQUE_NAME_LINE( name, __COUNTER__ )
      |                                                                                     ^
/Users/swayamsingal/Desktop/Programming/Kairo/KairoAssets/tests/AuthoringCompletionTests.cpp:120:1: warning: '__COUNTER__' is a C2y extension [-Wc2y-extensions]
/Users/swayamsingal/Desktop/Programming/Kairo/build/dev-clang/_deps/catch2-src/src/catch2/../catch2/catch_test_macros.hpp:142:28: note: expanded from macro 'TEST_CASE'
  142 |   #define TEST_CASE( ... ) INTERNAL_CATCH_TESTCASE( __VA_ARGS__ )
      |                            ^
/Users/swayamsingal/Desktop/Programming/Kairo/build/dev-clang/_deps/catch2-src/src/catch2/../catch2/internal/catch_test_registry.hpp:89:9: note: expanded from macro 'INTERNAL_CATCH_TESTCASE'
   89 |         INTERNAL_CATCH_TESTCASE2( INTERNAL_CATCH_UNIQUE_NAME( CATCH2_INTERNAL_TEST_ ), __VA_ARGS__ )
      |         ^
/Users/swayamsingal/Desktop/Programming/Kairo/build/dev-clang/_deps/catch2-src/src/catch2/../catch2/internal/catch_test_registry.hpp:85:41: note: expanded from macro 'INTERNAL_CATCH_TESTCASE2'
   85 |         namespace{ const Catch::AutoReg INTERNAL_CATCH_UNIQUE_NAME( autoRegistrar )( Catch::makeTestInvoker( &TestName ), CATCH_INTERNAL_LINEINFO, Catch::StringRef(), Catch::NameAndTags{ __VA_ARGS__ } ); } /* NOLINT */ \
      |                                         ^
/Users/swayamsingal/Desktop/Programming/Kairo/build/dev-clang/_deps/catch2-src/src/catch2/../catch2/internal/catch_unique_name.hpp:15:85: note: expanded from macro 'INTERNAL_CATCH_UNIQUE_NAME'
   15 | #  define INTERNAL_CATCH_UNIQUE_NAME( name ) INTERNAL_CATCH_UNIQUE_NAME_LINE( name, __COUNTER__ )
      |                                                                                     ^
12 warnings generated.
[840/942] Building CXX object KairoEngineCore/_deps/KairoAssets/CMakeFiles/KairoAssetsTests.dir/tests/AdvancedModelingOperationsTests.cpp.o
/Users/swayamsingal/Desktop/Programming/Kairo/KairoAssets/tests/AdvancedModelingOperationsTests.cpp:8:1: warning: '__COUNTER__' is a C2y extension [-Wc2y-extensions]
    8 | TEST_CASE("quad strip loop cut propagates through opposite edges")
      | ^
/Users/swayamsingal/Desktop/Programming/Kairo/build/dev-clang/_deps/catch2-src/src/catch2/../catch2/catch_test_macros.hpp:142:28: note: expanded from macro 'TEST_CASE'
  142 |   #define TEST_CASE( ... ) INTERNAL_CATCH_TESTCASE( __VA_ARGS__ )
      |                            ^
/Users/swayamsingal/Desktop/Programming/Kairo/build/dev-clang/_deps/catch2-src/src/catch2/../catch2/internal/catch_test_registry.hpp:89:35: note: expanded from macro 'INTERNAL_CATCH_TESTCASE'
   89 |         INTERNAL_CATCH_TESTCASE2( INTERNAL_CATCH_UNIQUE_NAME( CATCH2_INTERNAL_TEST_ ), __VA_ARGS__ )
      |                                   ^
/Users/swayamsingal/Desktop/Programming/Kairo/build/dev-clang/_deps/catch2-src/src/catch2/../catch2/internal/catch_unique_name.hpp:15:85: note: expanded from macro 'INTERNAL_CATCH_UNIQUE_NAME'
   15 | #  define INTERNAL_CATCH_UNIQUE_NAME( name ) INTERNAL_CATCH_UNIQUE_NAME_LINE( name, __COUNTER__ )
      |                                                                                     ^
/Users/swayamsingal/Desktop/Programming/Kairo/KairoAssets/tests/AdvancedModelingOperationsTests.cpp:8:1: warning: '__COUNTER__' is a C2y extension [-Wc2y-extensions]
/Users/swayamsingal/Desktop/Programming/Kairo/build/dev-clang/_deps/catch2-src/src/catch2/../catch2/catch_test_macros.hpp:142:28: note: expanded from macro 'TEST_CASE'
  142 |   #define TEST_CASE( ... ) INTERNAL_CATCH_TESTCASE( __VA_ARGS__ )
      |                            ^
/Users/swayamsingal/Desktop/Programming/Kairo/build/dev-clang/_deps/catch2-src/src/catch2/../catch2/internal/catch_test_registry.hpp:89:9: note: expanded from macro 'INTERNAL_CATCH_TESTCASE'
   89 |         INTERNAL_CATCH_TESTCASE2( INTERNAL_CATCH_UNIQUE_NAME( CATCH2_INTERNAL_TEST_ ), __VA_ARGS__ )
      |         ^
/Users/swayamsingal/Desktop/Programming/Kairo/build/dev-clang/_deps/catch2-src/src/catch2/../catch2/internal/catch_test_registry.hpp:85:41: note: expanded from macro 'INTERNAL_CATCH_TESTCASE2'
   85 |         namespace{ const Catch::AutoReg INTERNAL_CATCH_UNIQUE_NAME( autoRegistrar )( Catch::makeTestInvoker( &TestName ), CATCH_INTERNAL_LINEINFO, Catch::StringRef(), Catch::NameAndTags{ __VA_ARGS__ } ); } /* NOLINT */ \
      |                                         ^
/Users/swayamsingal/Desktop/Programming/Kairo/build/dev-clang/_deps/catch2-src/src/catch2/../catch2/internal/catch_unique_name.hpp:15:85: note: expanded from macro 'INTERNAL_CATCH_UNIQUE_NAME'
   15 | #  define INTERNAL_CATCH_UNIQUE_NAME( name ) INTERNAL_CATCH_UNIQUE_NAME_LINE( name, __COUNTER__ )
      |                                                                                     ^
/Users/swayamsingal/Desktop/Programming/Kairo/KairoAssets/tests/AdvancedModelingOperationsTests.cpp:29:1: warning: '__COUNTER__' is a C2y extension [-Wc2y-extensions]
   29 | TEST_CASE("face bevel creates an inset cap displaced along its normal")
      | ^
/Users/swayamsingal/Desktop/Programming/Kairo/build/dev-clang/_deps/catch2-src/src/catch2/../catch2/catch_test_macros.hpp:142:28: note: expanded from macro 'TEST_CASE'
  142 |   #define TEST_CASE( ... ) INTERNAL_CATCH_TESTCASE( __VA_ARGS__ )
      |                            ^
/Users/swayamsingal/Desktop/Programming/Kairo/build/dev-clang/_deps/catch2-src/src/catch2/../catch2/internal/catch_test_registry.hpp:89:35: note: expanded from macro 'INTERNAL_CATCH_TESTCASE'
   89 |         INTERNAL_CATCH_TESTCASE2( INTERNAL_CATCH_UNIQUE_NAME( CATCH2_INTERNAL_TEST_ ), __VA_ARGS__ )
      |                                   ^
/Users/swayamsingal/Desktop/Programming/Kairo/build/dev-clang/_deps/catch2-src/src/catch2/../catch2/internal/catch_unique_name.hpp:15:85: note: expanded from macro 'INTERNAL_CATCH_UNIQUE_NAME'
   15 | #  define INTERNAL_CATCH_UNIQUE_NAME( name ) INTERNAL_CATCH_UNIQUE_NAME_LINE( name, __COUNTER__ )
      |                                                                                     ^
/Users/swayamsingal/Desktop/Programming/Kairo/KairoAssets/tests/AdvancedModelingOperationsTests.cpp:29:1: warning: '__COUNTER__' is a C2y extension [-Wc2y-extensions]
/Users/swayamsingal/Desktop/Programming/Kairo/build/dev-clang/_deps/catch2-src/src/catch2/../catch2/catch_test_macros.hpp:142:28: note: expanded from macro 'TEST_CASE'
  142 |   #define TEST_CASE( ... ) INTERNAL_CATCH_TESTCASE( __VA_ARGS__ )
      |                            ^
/Users/swayamsingal/Desktop/Programming/Kairo/build/dev-clang/_deps/catch2-src/src/catch2/../catch2/internal/catch_test_registry.hpp:89:9: note: expanded from macro 'INTERNAL_CATCH_TESTCASE'
   89 |         INTERNAL_CATCH_TESTCASE2( INTERNAL_CATCH_UNIQUE_NAME( CATCH2_INTERNAL_TEST_ ), __VA_ARGS__ )
      |         ^
/Users/swayamsingal/Desktop/Programming/Kairo/build/dev-clang/_deps/catch2-src/src/catch2/../catch2/internal/catch_test_registry.hpp:85:41: note: expanded from macro 'INTERNAL_CATCH_TESTCASE2'
   85 |         namespace{ const Catch::AutoReg INTERNAL_CATCH_UNIQUE_NAME( autoRegistrar )( Catch::makeTestInvoker( &TestName ), CATCH_INTERNAL_LINEINFO, Catch::StringRef(), Catch::NameAndTags{ __VA_ARGS__ } ); } /* NOLINT */ \
      |                                         ^
/Users/swayamsingal/Desktop/Programming/Kairo/build/dev-clang/_deps/catch2-src/src/catch2/../catch2/internal/catch_unique_name.hpp:15:85: note: expanded from macro 'INTERNAL_CATCH_UNIQUE_NAME'
   15 | #  define INTERNAL_CATCH_UNIQUE_NAME( name ) INTERNAL_CATCH_UNIQUE_NAME_LINE( name, __COUNTER__ )
      |                                                                                     ^
/Users/swayamsingal/Desktop/Programming/Kairo/KairoAssets/tests/AdvancedModelingOperationsTests.cpp:46:1: warning: '__COUNTER__' is a C2y extension [-Wc2y-extensions]
   46 | TEST_CASE("smooth normal recalculation produces normalized shared vertex normals")
      | ^
/Users/swayamsingal/Desktop/Programming/Kairo/build/dev-clang/_deps/catch2-src/src/catch2/../catch2/catch_test_macros.hpp:142:28: note: expanded from macro 'TEST_CASE'
  142 |   #define TEST_CASE( ... ) INTERNAL_CATCH_TESTCASE( __VA_ARGS__ )
      |                            ^
/Users/swayamsingal/Desktop/Programming/Kairo/build/dev-clang/_deps/catch2-src/src/catch2/../catch2/internal/catch_test_registry.hpp:89:35: note: expanded from macro 'INTERNAL_CATCH_TESTCASE'
   89 |         INTERNAL_CATCH_TESTCASE2( INTERNAL_CATCH_UNIQUE_NAME( CATCH2_INTERNAL_TEST_ ), __VA_ARGS__ )
      |                                   ^
/Users/swayamsingal/Desktop/Programming/Kairo/build/dev-clang/_deps/catch2-src/src/catch2/../catch2/internal/catch_unique_name.hpp:15:85: note: expanded from macro 'INTERNAL_CATCH_UNIQUE_NAME'
   15 | #  define INTERNAL_CATCH_UNIQUE_NAME( name ) INTERNAL_CATCH_UNIQUE_NAME_LINE( name, __COUNTER__ )
      |                                                                                     ^
/Users/swayamsingal/Desktop/Programming/Kairo/KairoAssets/tests/AdvancedModelingOperationsTests.cpp:46:1: warning: '__COUNTER__' is a C2y extension [-Wc2y-extensions]
/Users/swayamsingal/Desktop/Programming/Kairo/build/dev-clang/_deps/catch2-src/src/catch2/../catch2/catch_test_macros.hpp:142:28: note: expanded from macro 'TEST_CASE'
  142 |   #define TEST_CASE( ... ) INTERNAL_CATCH_TESTCASE( __VA_ARGS__ )
      |                            ^
/Users/swayamsingal/Desktop/Programming/Kairo/build/dev-clang/_deps/catch2-src/src/catch2/../catch2/internal/catch_test_registry.hpp:89:9: note: expanded from macro 'INTERNAL_CATCH_TESTCASE'
   89 |         INTERNAL_CATCH_TESTCASE2( INTERNAL_CATCH_UNIQUE_NAME( CATCH2_INTERNAL_TEST_ ), __VA_ARGS__ )
      |         ^
/Users/swayamsingal/Desktop/Programming/Kairo/build/dev-clang/_deps/catch2-src/src/catch2/../catch2/internal/catch_test_registry.hpp:85:41: note: expanded from macro 'INTERNAL_CATCH_TESTCASE2'
   85 |         namespace{ const Catch::AutoReg INTERNAL_CATCH_UNIQUE_NAME( autoRegistrar )( Catch::makeTestInvoker( &TestName ), CATCH_INTERNAL_LINEINFO, Catch::StringRef(), Catch::NameAndTags{ __VA_ARGS__ } ); } /* NOLINT */ \
      |                                         ^
/Users/swayamsingal/Desktop/Programming/Kairo/build/dev-clang/_deps/catch2-src/src/catch2/../catch2/internal/catch_unique_name.hpp:15:85: note: expanded from macro 'INTERNAL_CATCH_UNIQUE_NAME'
   15 | #  define INTERNAL_CATCH_UNIQUE_NAME( name ) INTERNAL_CATCH_UNIQUE_NAME_LINE( name, __COUNTER__ )
      |                                                                                     ^
6 warnings generated.
[841/942] Building CXX object KairoEngineCore/_deps/KairoAssets/CMakeFiles/KairoAssetsTests.dir/tests/SculptProductionTests.cpp.o
/Users/swayamsingal/Desktop/Programming/Kairo/KairoAssets/tests/SculptProductionTests.cpp:22:1: warning: '__COUNTER__' is a C2y extension [-Wc2y-extensions]
   22 | TEST_CASE("production sculpt strokes return incremental viewport updates and bounded undo")
      | ^
/Users/swayamsingal/Desktop/Programming/Kairo/build/dev-clang/_deps/catch2-src/src/catch2/../catch2/catch_test_macros.hpp:142:28: note: expanded from macro 'TEST_CASE'
  142 |   #define TEST_CASE( ... ) INTERNAL_CATCH_TESTCASE( __VA_ARGS__ )
      |                            ^
/Users/swayamsingal/Desktop/Programming/Kairo/build/dev-clang/_deps/catch2-src/src/catch2/../catch2/internal/catch_test_registry.hpp:89:35: note: expanded from macro 'INTERNAL_CATCH_TESTCASE'
   89 |         INTERNAL_CATCH_TESTCASE2( INTERNAL_CATCH_UNIQUE_NAME( CATCH2_INTERNAL_TEST_ ), __VA_ARGS__ )
      |                                   ^
/Users/swayamsingal/Desktop/Programming/Kairo/build/dev-clang/_deps/catch2-src/src/catch2/../catch2/internal/catch_unique_name.hpp:15:85: note: expanded from macro 'INTERNAL_CATCH_UNIQUE_NAME'
   15 | #  define INTERNAL_CATCH_UNIQUE_NAME( name ) INTERNAL_CATCH_UNIQUE_NAME_LINE( name, __COUNTER__ )
      |                                                                                     ^
/Users/swayamsingal/Desktop/Programming/Kairo/KairoAssets/tests/SculptProductionTests.cpp:22:1: warning: '__COUNTER__' is a C2y extension [-Wc2y-extensions]
/Users/swayamsingal/Desktop/Programming/Kairo/build/dev-clang/_deps/catch2-src/src/catch2/../catch2/catch_test_macros.hpp:142:28: note: expanded from macro 'TEST_CASE'
  142 |   #define TEST_CASE( ... ) INTERNAL_CATCH_TESTCASE( __VA_ARGS__ )
      |                            ^
/Users/swayamsingal/Desktop/Programming/Kairo/build/dev-clang/_deps/catch2-src/src/catch2/../catch2/internal/catch_test_registry.hpp:89:9: note: expanded from macro 'INTERNAL_CATCH_TESTCASE'
   89 |         INTERNAL_CATCH_TESTCASE2( INTERNAL_CATCH_UNIQUE_NAME( CATCH2_INTERNAL_TEST_ ), __VA_ARGS__ )
      |         ^
/Users/swayamsingal/Desktop/Programming/Kairo/build/dev-clang/_deps/catch2-src/src/catch2/../catch2/internal/catch_test_registry.hpp:85:41: note: expanded from macro 'INTERNAL_CATCH_TESTCASE2'
   85 |         namespace{ const Catch::AutoReg INTERNAL_CATCH_UNIQUE_NAME( autoRegistrar )( Catch::makeTestInvoker( &TestName ), CATCH_INTERNAL_LINEINFO, Catch::StringRef(), Catch::NameAndTags{ __VA_ARGS__ } ); } /* NOLINT */ \
      |                                         ^
/Users/swayamsingal/Desktop/Programming/Kairo/build/dev-clang/_deps/catch2-src/src/catch2/../catch2/internal/catch_unique_name.hpp:15:85: note: expanded from macro 'INTERNAL_CATCH_UNIQUE_NAME'
   15 | #  define INTERNAL_CATCH_UNIQUE_NAME( name ) INTERNAL_CATCH_UNIQUE_NAME_LINE( name, __COUNTER__ )
      |                                                                                     ^
/Users/swayamsingal/Desktop/Programming/Kairo/KairoAssets/tests/SculptProductionTests.cpp:48:1: warning: '__COUNTER__' is a C2y extension [-Wc2y-extensions]
   48 | TEST_CASE("production sculpt rejects strokes before exceeding the vertex budget")
      | ^
/Users/swayamsingal/Desktop/Programming/Kairo/build/dev-clang/_deps/catch2-src/src/catch2/../catch2/catch_test_macros.hpp:142:28: note: expanded from macro 'TEST_CASE'
  142 |   #define TEST_CASE( ... ) INTERNAL_CATCH_TESTCASE( __VA_ARGS__ )
      |                            ^
/Users/swayamsingal/Desktop/Programming/Kairo/build/dev-clang/_deps/catch2-src/src/catch2/../catch2/internal/catch_test_registry.hpp:89:35: note: expanded from macro 'INTERNAL_CATCH_TESTCASE'
   89 |         INTERNAL_CATCH_TESTCASE2( INTERNAL_CATCH_UNIQUE_NAME( CATCH2_INTERNAL_TEST_ ), __VA_ARGS__ )
      |                                   ^
/Users/swayamsingal/Desktop/Programming/Kairo/build/dev-clang/_deps/catch2-src/src/catch2/../catch2/internal/catch_unique_name.hpp:15:85: note: expanded from macro 'INTERNAL_CATCH_UNIQUE_NAME'
   15 | #  define INTERNAL_CATCH_UNIQUE_NAME( name ) INTERNAL_CATCH_UNIQUE_NAME_LINE( name, __COUNTER__ )
      |                                                                                     ^
/Users/swayamsingal/Desktop/Programming/Kairo/KairoAssets/tests/SculptProductionTests.cpp:48:1: warning: '__COUNTER__' is a C2y extension [-Wc2y-extensions]
/Users/swayamsingal/Desktop/Programming/Kairo/build/dev-clang/_deps/catch2-src/src/catch2/../catch2/catch_test_macros.hpp:142:28: note: expanded from macro 'TEST_CASE'
  142 |   #define TEST_CASE( ... ) INTERNAL_CATCH_TESTCASE( __VA_ARGS__ )
      |                            ^
/Users/swayamsingal/Desktop/Programming/Kairo/build/dev-clang/_deps/catch2-src/src/catch2/../catch2/internal/catch_test_registry.hpp:89:9: note: expanded from macro 'INTERNAL_CATCH_TESTCASE'
   89 |         INTERNAL_CATCH_TESTCASE2( INTERNAL_CATCH_UNIQUE_NAME( CATCH2_INTERNAL_TEST_ ), __VA_ARGS__ )
      |         ^
/Users/swayamsingal/Desktop/Programming/Kairo/build/dev-clang/_deps/catch2-src/src/catch2/../catch2/internal/catch_test_registry.hpp:85:41: note: expanded from macro 'INTERNAL_CATCH_TESTCASE2'
   85 |         namespace{ const Catch::AutoReg INTERNAL_CATCH_UNIQUE_NAME( autoRegistrar )( Catch::makeTestInvoker( &TestName ), CATCH_INTERNAL_LINEINFO, Catch::StringRef(), Catch::NameAndTags{ __VA_ARGS__ } ); } /* NOLINT */ \
      |                                         ^
/Users/swayamsingal/Desktop/Programming/Kairo/build/dev-clang/_deps/catch2-src/src/catch2/../catch2/internal/catch_unique_name.hpp:15:85: note: expanded from macro 'INTERNAL_CATCH_UNIQUE_NAME'
   15 | #  define INTERNAL_CATCH_UNIQUE_NAME( name ) INTERNAL_CATCH_UNIQUE_NAME_LINE( name, __COUNTER__ )
      |                                                                                     ^
/Users/swayamsingal/Desktop/Programming/Kairo/KairoAssets/tests/SculptProductionTests.cpp:62:1: warning: '__COUNTER__' is a C2y extension [-Wc2y-extensions]
   62 | TEST_CASE("sculpt remesh raises topology detail within a hard face budget")
      | ^
/Users/swayamsingal/Desktop/Programming/Kairo/build/dev-clang/_deps/catch2-src/src/catch2/../catch2/catch_test_macros.hpp:142:28: note: expanded from macro 'TEST_CASE'
  142 |   #define TEST_CASE( ... ) INTERNAL_CATCH_TESTCASE( __VA_ARGS__ )
      |                            ^
/Users/swayamsingal/Desktop/Programming/Kairo/build/dev-clang/_deps/catch2-src/src/catch2/../catch2/internal/catch_test_registry.hpp:89:35: note: expanded from macro 'INTERNAL_CATCH_TESTCASE'
   89 |         INTERNAL_CATCH_TESTCASE2( INTERNAL_CATCH_UNIQUE_NAME( CATCH2_INTERNAL_TEST_ ), __VA_ARGS__ )
      |                                   ^
/Users/swayamsingal/Desktop/Programming/Kairo/build/dev-clang/_deps/catch2-src/src/catch2/../catch2/internal/catch_unique_name.hpp:15:85: note: expanded from macro 'INTERNAL_CATCH_UNIQUE_NAME'
   15 | #  define INTERNAL_CATCH_UNIQUE_NAME( name ) INTERNAL_CATCH_UNIQUE_NAME_LINE( name, __COUNTER__ )
      |                                                                                     ^
/Users/swayamsingal/Desktop/Programming/Kairo/KairoAssets/tests/SculptProductionTests.cpp:62:1: warning: '__COUNTER__' is a C2y extension [-Wc2y-extensions]
/Users/swayamsingal/Desktop/Programming/Kairo/build/dev-clang/_deps/catch2-src/src/catch2/../catch2/catch_test_macros.hpp:142:28: note: expanded from macro 'TEST_CASE'
  142 |   #define TEST_CASE( ... ) INTERNAL_CATCH_TESTCASE( __VA_ARGS__ )
      |                            ^
/Users/swayamsingal/Desktop/Programming/Kairo/build/dev-clang/_deps/catch2-src/src/catch2/../catch2/internal/catch_test_registry.hpp:89:9: note: expanded from macro 'INTERNAL_CATCH_TESTCASE'
   89 |         INTERNAL_CATCH_TESTCASE2( INTERNAL_CATCH_UNIQUE_NAME( CATCH2_INTERNAL_TEST_ ), __VA_ARGS__ )
      |         ^
/Users/swayamsingal/Desktop/Programming/Kairo/build/dev-clang/_deps/catch2-src/src/catch2/../catch2/internal/catch_test_registry.hpp:85:41: note: expanded from macro 'INTERNAL_CATCH_TESTCASE2'
   85 |         namespace{ const Catch::AutoReg INTERNAL_CATCH_UNIQUE_NAME( autoRegistrar )( Catch::makeTestInvoker( &TestName ), CATCH_INTERNAL_LINEINFO, Catch::StringRef(), Catch::NameAndTags{ __VA_ARGS__ } ); } /* NOLINT */ \
      |                                         ^
/Users/swayamsingal/Desktop/Programming/Kairo/build/dev-clang/_deps/catch2-src/src/catch2/../catch2/internal/catch_unique_name.hpp:15:85: note: expanded from macro 'INTERNAL_CATCH_UNIQUE_NAME'
   15 | #  define INTERNAL_CATCH_UNIQUE_NAME( name ) INTERNAL_CATCH_UNIQUE_NAME_LINE( name, __COUNTER__ )
      |                                                                                     ^
/Users/swayamsingal/Desktop/Programming/Kairo/KairoAssets/tests/SculptProductionTests.cpp:78:1: warning: '__COUNTER__' is a C2y extension [-Wc2y-extensions]
   78 | TEST_CASE("sculpt multiresolution keeps bounded independent topology levels")
      | ^
/Users/swayamsingal/Desktop/Programming/Kairo/build/dev-clang/_deps/catch2-src/src/catch2/../catch2/catch_test_macros.hpp:142:28: note: expanded from macro 'TEST_CASE'
  142 |   #define TEST_CASE( ... ) INTERNAL_CATCH_TESTCASE( __VA_ARGS__ )
      |                            ^
/Users/swayamsingal/Desktop/Programming/Kairo/build/dev-clang/_deps/catch2-src/src/catch2/../catch2/internal/catch_test_registry.hpp:89:35: note: expanded from macro 'INTERNAL_CATCH_TESTCASE'
   89 |         INTERNAL_CATCH_TESTCASE2( INTERNAL_CATCH_UNIQUE_NAME( CATCH2_INTERNAL_TEST_ ), __VA_ARGS__ )
      |                                   ^
/Users/swayamsingal/Desktop/Programming/Kairo/build/dev-clang/_deps/catch2-src/src/catch2/../catch2/internal/catch_unique_name.hpp:15:85: note: expanded from macro 'INTERNAL_CATCH_UNIQUE_NAME'
   15 | #  define INTERNAL_CATCH_UNIQUE_NAME( name ) INTERNAL_CATCH_UNIQUE_NAME_LINE( name, __COUNTER__ )
      |                                                                                     ^
/Users/swayamsingal/Desktop/Programming/Kairo/KairoAssets/tests/SculptProductionTests.cpp:78:1: warning: '__COUNTER__' is a C2y extension [-Wc2y-extensions]
/Users/swayamsingal/Desktop/Programming/Kairo/build/dev-clang/_deps/catch2-src/src/catch2/../catch2/catch_test_macros.hpp:142:28: note: expanded from macro 'TEST_CASE'
  142 |   #define TEST_CASE( ... ) INTERNAL_CATCH_TESTCASE( __VA_ARGS__ )
      |                            ^
/Users/swayamsingal/Desktop/Programming/Kairo/build/dev-clang/_deps/catch2-src/src/catch2/../catch2/internal/catch_test_registry.hpp:89:9: note: expanded from macro 'INTERNAL_CATCH_TESTCASE'
   89 |         INTERNAL_CATCH_TESTCASE2( INTERNAL_CATCH_UNIQUE_NAME( CATCH2_INTERNAL_TEST_ ), __VA_ARGS__ )
      |         ^
/Users/swayamsingal/Desktop/Programming/Kairo/build/dev-clang/_deps/catch2-src/src/catch2/../catch2/internal/catch_test_registry.hpp:85:41: note: expanded from macro 'INTERNAL_CATCH_TESTCASE2'
   85 |         namespace{ const Catch::AutoReg INTERNAL_CATCH_UNIQUE_NAME( autoRegistrar )( Catch::makeTestInvoker( &TestName ), CATCH_INTERNAL_LINEINFO, Catch::StringRef(), Catch::NameAndTags{ __VA_ARGS__ } ); } /* NOLINT */ \
      |                                         ^
/Users/swayamsingal/Desktop/Programming/Kairo/build/dev-clang/_deps/catch2-src/src/catch2/../catch2/internal/catch_unique_name.hpp:15:85: note: expanded from macro 'INTERNAL_CATCH_UNIQUE_NAME'
   15 | #  define INTERNAL_CATCH_UNIQUE_NAME( name ) INTERNAL_CATCH_UNIQUE_NAME_LINE( name, __COUNTER__ )
      |                                                                                     ^
8 warnings generated.
[842/942] Building CXX object KairoEditor/CMakeFiles/KairoEditorRendererBridge.dir/SceneRenderBridge.cppm.o
[843/942] Building CXX object Runtime/KairoPlayer/CMakeFiles/KairoPlayerRuntime.dir/RuntimePhysicsBridge.cppm.o
[844/942] Building CXX object KairoEngineCore/_deps/KairoAssets/CMakeFiles/KairoAssetsPhase2Tests.dir/tests/Phase2AssetTests.cpp.o
/Users/swayamsingal/Desktop/Programming/Kairo/KairoAssets/tests/Phase2AssetTests.cpp:56:1: warning: '__COUNTER__' is a C2y extension [-Wc2y-extensions]
   56 | TEST_CASE("Texture artifact generates canonical colour-aware mip chains")
      | ^
/Users/swayamsingal/Desktop/Programming/Kairo/build/dev-clang/_deps/catch2-src/src/catch2/../catch2/catch_test_macros.hpp:142:28: note: expanded from macro 'TEST_CASE'
  142 |   #define TEST_CASE( ... ) INTERNAL_CATCH_TESTCASE( __VA_ARGS__ )
      |                            ^
/Users/swayamsingal/Desktop/Programming/Kairo/build/dev-clang/_deps/catch2-src/src/catch2/../catch2/internal/catch_test_registry.hpp:89:35: note: expanded from macro 'INTERNAL_CATCH_TESTCASE'
   89 |         INTERNAL_CATCH_TESTCASE2( INTERNAL_CATCH_UNIQUE_NAME( CATCH2_INTERNAL_TEST_ ), __VA_ARGS__ )
      |                                   ^
/Users/swayamsingal/Desktop/Programming/Kairo/build/dev-clang/_deps/catch2-src/src/catch2/../catch2/internal/catch_unique_name.hpp:15:85: note: expanded from macro 'INTERNAL_CATCH_UNIQUE_NAME'
   15 | #  define INTERNAL_CATCH_UNIQUE_NAME( name ) INTERNAL_CATCH_UNIQUE_NAME_LINE( name, __COUNTER__ )
      |                                                                                     ^
/Users/swayamsingal/Desktop/Programming/Kairo/KairoAssets/tests/Phase2AssetTests.cpp:56:1: warning: '__COUNTER__' is a C2y extension [-Wc2y-extensions]
/Users/swayamsingal/Desktop/Programming/Kairo/build/dev-clang/_deps/catch2-src/src/catch2/../catch2/catch_test_macros.hpp:142:28: note: expanded from macro 'TEST_CASE'
  142 |   #define TEST_CASE( ... ) INTERNAL_CATCH_TESTCASE( __VA_ARGS__ )
      |                            ^
/Users/swayamsingal/Desktop/Programming/Kairo/build/dev-clang/_deps/catch2-src/src/catch2/../catch2/internal/catch_test_registry.hpp:89:9: note: expanded from macro 'INTERNAL_CATCH_TESTCASE'
   89 |         INTERNAL_CATCH_TESTCASE2( INTERNAL_CATCH_UNIQUE_NAME( CATCH2_INTERNAL_TEST_ ), __VA_ARGS__ )
      |         ^
/Users/swayamsingal/Desktop/Programming/Kairo/build/dev-clang/_deps/catch2-src/src/catch2/../catch2/internal/catch_test_registry.hpp:85:41: note: expanded from macro 'INTERNAL_CATCH_TESTCASE2'
   85 |         namespace{ const Catch::AutoReg INTERNAL_CATCH_UNIQUE_NAME( autoRegistrar )( Catch::makeTestInvoker( &TestName ), CATCH_INTERNAL_LINEINFO, Catch::StringRef(), Catch::NameAndTags{ __VA_ARGS__ } ); } /* NOLINT */ \
      |                                         ^
/Users/swayamsingal/Desktop/Programming/Kairo/build/dev-clang/_deps/catch2-src/src/catch2/../catch2/internal/catch_unique_name.hpp:15:85: note: expanded from macro 'INTERNAL_CATCH_UNIQUE_NAME'
   15 | #  define INTERNAL_CATCH_UNIQUE_NAME( name ) INTERNAL_CATCH_UNIQUE_NAME_LINE( name, __COUNTER__ )
      |                                                                                     ^
/Users/swayamsingal/Desktop/Programming/Kairo/KairoAssets/tests/Phase2AssetTests.cpp:73:1: warning: '__COUNTER__' is a C2y extension [-Wc2y-extensions]
   73 | TEST_CASE("STB texture importer decodes TGA and applies deterministic settings")
      | ^
/Users/swayamsingal/Desktop/Programming/Kairo/build/dev-clang/_deps/catch2-src/src/catch2/../catch2/catch_test_macros.hpp:142:28: note: expanded from macro 'TEST_CASE'
  142 |   #define TEST_CASE( ... ) INTERNAL_CATCH_TESTCASE( __VA_ARGS__ )
      |                            ^
/Users/swayamsingal/Desktop/Programming/Kairo/build/dev-clang/_deps/catch2-src/src/catch2/../catch2/internal/catch_test_registry.hpp:89:35: note: expanded from macro 'INTERNAL_CATCH_TESTCASE'
   89 |         INTERNAL_CATCH_TESTCASE2( INTERNAL_CATCH_UNIQUE_NAME( CATCH2_INTERNAL_TEST_ ), __VA_ARGS__ )
      |                                   ^
/Users/swayamsingal/Desktop/Programming/Kairo/build/dev-clang/_deps/catch2-src/src/catch2/../catch2/internal/catch_unique_name.hpp:15:85: note: expanded from macro 'INTERNAL_CATCH_UNIQUE_NAME'
   15 | #  define INTERNAL_CATCH_UNIQUE_NAME( name ) INTERNAL_CATCH_UNIQUE_NAME_LINE( name, __COUNTER__ )
      |                                                                                     ^
/Users/swayamsingal/Desktop/Programming/Kairo/KairoAssets/tests/Phase2AssetTests.cpp:73:1: warning: '__COUNTER__' is a C2y extension [-Wc2y-extensions]
/Users/swayamsingal/Desktop/Programming/Kairo/build/dev-clang/_deps/catch2-src/src/catch2/../catch2/catch_test_macros.hpp:142:28: note: expanded from macro 'TEST_CASE'
  142 |   #define TEST_CASE( ... ) INTERNAL_CATCH_TESTCASE( __VA_ARGS__ )
      |                            ^
/Users/swayamsingal/Desktop/Programming/Kairo/build/dev-clang/_deps/catch2-src/src/catch2/../catch2/internal/catch_test_registry.hpp:89:9: note: expanded from macro 'INTERNAL_CATCH_TESTCASE'
   89 |         INTERNAL_CATCH_TESTCASE2( INTERNAL_CATCH_UNIQUE_NAME( CATCH2_INTERNAL_TEST_ ), __VA_ARGS__ )
      |         ^
/Users/swayamsingal/Desktop/Programming/Kairo/build/dev-clang/_deps/catch2-src/src/catch2/../catch2/internal/catch_test_registry.hpp:85:41: note: expanded from macro 'INTERNAL_CATCH_TESTCASE2'
   85 |         namespace{ const Catch::AutoReg INTERNAL_CATCH_UNIQUE_NAME( autoRegistrar )( Catch::makeTestInvoker( &TestName ), CATCH_INTERNAL_LINEINFO, Catch::StringRef(), Catch::NameAndTags{ __VA_ARGS__ } ); } /* NOLINT */ \
      |                                         ^
/Users/swayamsingal/Desktop/Programming/Kairo/build/dev-clang/_deps/catch2-src/src/catch2/../catch2/internal/catch_unique_name.hpp:15:85: note: expanded from macro 'INTERNAL_CATCH_UNIQUE_NAME'
   15 | #  define INTERNAL_CATCH_UNIQUE_NAME( name ) INTERNAL_CATCH_UNIQUE_NAME_LINE( name, __COUNTER__ )
      |                                                                                     ^
/Users/swayamsingal/Desktop/Programming/Kairo/KairoAssets/tests/Phase2AssetTests.cpp:90:1: warning: '__COUNTER__' is a C2y extension [-Wc2y-extensions]
   90 | TEST_CASE("Material artifact round trips PBR factors and typed texture references")
      | ^
/Users/swayamsingal/Desktop/Programming/Kairo/build/dev-clang/_deps/catch2-src/src/catch2/../catch2/catch_test_macros.hpp:142:28: note: expanded from macro 'TEST_CASE'
  142 |   #define TEST_CASE( ... ) INTERNAL_CATCH_TESTCASE( __VA_ARGS__ )
      |                            ^
/Users/swayamsingal/Desktop/Programming/Kairo/build/dev-clang/_deps/catch2-src/src/catch2/../catch2/internal/catch_test_registry.hpp:89:35: note: expanded from macro 'INTERNAL_CATCH_TESTCASE'
   89 |         INTERNAL_CATCH_TESTCASE2( INTERNAL_CATCH_UNIQUE_NAME( CATCH2_INTERNAL_TEST_ ), __VA_ARGS__ )
      |                                   ^
/Users/swayamsingal/Desktop/Programming/Kairo/build/dev-clang/_deps/catch2-src/src/catch2/../catch2/internal/catch_unique_name.hpp:15:85: note: expanded from macro 'INTERNAL_CATCH_UNIQUE_NAME'
   15 | #  define INTERNAL_CATCH_UNIQUE_NAME( name ) INTERNAL_CATCH_UNIQUE_NAME_LINE( name, __COUNTER__ )
      |                                                                                     ^
/Users/swayamsingal/Desktop/Programming/Kairo/KairoAssets/tests/Phase2AssetTests.cpp:90:1: warning: '__COUNTER__' is a C2y extension [-Wc2y-extensions]
/Users/swayamsingal/Desktop/Programming/Kairo/build/dev-clang/_deps/catch2-src/src/catch2/../catch2/catch_test_macros.hpp:142:28: note: expanded from macro 'TEST_CASE'
  142 |   #define TEST_CASE( ... ) INTERNAL_CATCH_TESTCASE( __VA_ARGS__ )
      |                            ^
/Users/swayamsingal/Desktop/Programming/Kairo/build/dev-clang/_deps/catch2-src/src/catch2/../catch2/internal/catch_test_registry.hpp:89:9: note: expanded from macro 'INTERNAL_CATCH_TESTCASE'
   89 |         INTERNAL_CATCH_TESTCASE2( INTERNAL_CATCH_UNIQUE_NAME( CATCH2_INTERNAL_TEST_ ), __VA_ARGS__ )
      |         ^
/Users/swayamsingal/Desktop/Programming/Kairo/build/dev-clang/_deps/catch2-src/src/catch2/../catch2/internal/catch_test_registry.hpp:85:41: note: expanded from macro 'INTERNAL_CATCH_TESTCASE2'
   85 |         namespace{ const Catch::AutoReg INTERNAL_CATCH_UNIQUE_NAME( autoRegistrar )( Catch::makeTestInvoker( &TestName ), CATCH_INTERNAL_LINEINFO, Catch::StringRef(), Catch::NameAndTags{ __VA_ARGS__ } ); } /* NOLINT */ \
      |                                         ^
/Users/swayamsingal/Desktop/Programming/Kairo/build/dev-clang/_deps/catch2-src/src/catch2/../catch2/internal/catch_unique_name.hpp:15:85: note: expanded from macro 'INTERNAL_CATCH_UNIQUE_NAME'
   15 | #  define INTERNAL_CATCH_UNIQUE_NAME( name ) INTERNAL_CATCH_UNIQUE_NAME_LINE( name, __COUNTER__ )
      |                                                                                     ^
/Users/swayamsingal/Desktop/Programming/Kairo/KairoAssets/tests/Phase2AssetTests.cpp:107:1: warning: '__COUNTER__' is a C2y extension [-Wc2y-extensions]
  107 | TEST_CASE("glTF importer produces a hierarchy-preserving static scene artifact")
      | ^
/Users/swayamsingal/Desktop/Programming/Kairo/build/dev-clang/_deps/catch2-src/src/catch2/../catch2/catch_test_macros.hpp:142:28: note: expanded from macro 'TEST_CASE'
  142 |   #define TEST_CASE( ... ) INTERNAL_CATCH_TESTCASE( __VA_ARGS__ )
      |                            ^
/Users/swayamsingal/Desktop/Programming/Kairo/build/dev-clang/_deps/catch2-src/src/catch2/../catch2/internal/catch_test_registry.hpp:89:35: note: expanded from macro 'INTERNAL_CATCH_TESTCASE'
   89 |         INTERNAL_CATCH_TESTCASE2( INTERNAL_CATCH_UNIQUE_NAME( CATCH2_INTERNAL_TEST_ ), __VA_ARGS__ )
      |                                   ^
/Users/swayamsingal/Desktop/Programming/Kairo/build/dev-clang/_deps/catch2-src/src/catch2/../catch2/internal/catch_unique_name.hpp:15:85: note: expanded from macro 'INTERNAL_CATCH_UNIQUE_NAME'
   15 | #  define INTERNAL_CATCH_UNIQUE_NAME( name ) INTERNAL_CATCH_UNIQUE_NAME_LINE( name, __COUNTER__ )
      |                                                                                     ^
/Users/swayamsingal/Desktop/Programming/Kairo/KairoAssets/tests/Phase2AssetTests.cpp:107:1: warning: '__COUNTER__' is a C2y extension [-Wc2y-extensions]
/Users/swayamsingal/Desktop/Programming/Kairo/build/dev-clang/_deps/catch2-src/src/catch2/../catch2/catch_test_macros.hpp:142:28: note: expanded from macro 'TEST_CASE'
  142 |   #define TEST_CASE( ... ) INTERNAL_CATCH_TESTCASE( __VA_ARGS__ )
      |                            ^
/Users/swayamsingal/Desktop/Programming/Kairo/build/dev-clang/_deps/catch2-src/src/catch2/../catch2/internal/catch_test_registry.hpp:89:9: note: expanded from macro 'INTERNAL_CATCH_TESTCASE'
   89 |         INTERNAL_CATCH_TESTCASE2( INTERNAL_CATCH_UNIQUE_NAME( CATCH2_INTERNAL_TEST_ ), __VA_ARGS__ )
      |         ^
/Users/swayamsingal/Desktop/Programming/Kairo/build/dev-clang/_deps/catch2-src/src/catch2/../catch2/internal/catch_test_registry.hpp:85:41: note: expanded from macro 'INTERNAL_CATCH_TESTCASE2'
   85 |         namespace{ const Catch::AutoReg INTERNAL_CATCH_UNIQUE_NAME( autoRegistrar )( Catch::makeTestInvoker( &TestName ), CATCH_INTERNAL_LINEINFO, Catch::StringRef(), Catch::NameAndTags{ __VA_ARGS__ } ); } /* NOLINT */ \
      |                                         ^
/Users/swayamsingal/Desktop/Programming/Kairo/build/dev-clang/_deps/catch2-src/src/catch2/../catch2/internal/catch_unique_name.hpp:15:85: note: expanded from macro 'INTERNAL_CATCH_UNIQUE_NAME'
   15 | #  define INTERNAL_CATCH_UNIQUE_NAME( name ) INTERNAL_CATCH_UNIQUE_NAME_LINE( name, __COUNTER__ )
      |                                                                                     ^
/Users/swayamsingal/Desktop/Programming/Kairo/KairoAssets/tests/Phase2AssetTests.cpp:148:1: warning: '__COUNTER__' is a C2y extension [-Wc2y-extensions]
  148 | TEST_CASE("Built-in importer registry exposes exact reproducible identities")
      | ^
/Users/swayamsingal/Desktop/Programming/Kairo/build/dev-clang/_deps/catch2-src/src/catch2/../catch2/catch_test_macros.hpp:142:28: note: expanded from macro 'TEST_CASE'
  142 |   #define TEST_CASE( ... ) INTERNAL_CATCH_TESTCASE( __VA_ARGS__ )
      |                            ^
/Users/swayamsingal/Desktop/Programming/Kairo/build/dev-clang/_deps/catch2-src/src/catch2/../catch2/internal/catch_test_registry.hpp:89:35: note: expanded from macro 'INTERNAL_CATCH_TESTCASE'
   89 |         INTERNAL_CATCH_TESTCASE2( INTERNAL_CATCH_UNIQUE_NAME( CATCH2_INTERNAL_TEST_ ), __VA_ARGS__ )
      |                                   ^
/Users/swayamsingal/Desktop/Programming/Kairo/build/dev-clang/_deps/catch2-src/src/catch2/../catch2/internal/catch_unique_name.hpp:15:85: note: expanded from macro 'INTERNAL_CATCH_UNIQUE_NAME'
   15 | #  define INTERNAL_CATCH_UNIQUE_NAME( name ) INTERNAL_CATCH_UNIQUE_NAME_LINE( name, __COUNTER__ )
      |                                                                                     ^
/Users/swayamsingal/Desktop/Programming/Kairo/KairoAssets/tests/Phase2AssetTests.cpp:148:1: warning: '__COUNTER__' is a C2y extension [-Wc2y-extensions]
/Users/swayamsingal/Desktop/Programming/Kairo/build/dev-clang/_deps/catch2-src/src/catch2/../catch2/catch_test_macros.hpp:142:28: note: expanded from macro 'TEST_CASE'
  142 |   #define TEST_CASE( ... ) INTERNAL_CATCH_TESTCASE( __VA_ARGS__ )
      |                            ^
/Users/swayamsingal/Desktop/Programming/Kairo/build/dev-clang/_deps/catch2-src/src/catch2/../catch2/internal/catch_test_registry.hpp:89:9: note: expanded from macro 'INTERNAL_CATCH_TESTCASE'
   89 |         INTERNAL_CATCH_TESTCASE2( INTERNAL_CATCH_UNIQUE_NAME( CATCH2_INTERNAL_TEST_ ), __VA_ARGS__ )
      |         ^
/Users/swayamsingal/Desktop/Programming/Kairo/build/dev-clang/_deps/catch2-src/src/catch2/../catch2/internal/catch_test_registry.hpp:85:41: note: expanded from macro 'INTERNAL_CATCH_TESTCASE2'
   85 |         namespace{ const Catch::AutoReg INTERNAL_CATCH_UNIQUE_NAME( autoRegistrar )( Catch::makeTestInvoker( &TestName ), CATCH_INTERNAL_LINEINFO, Catch::StringRef(), Catch::NameAndTags{ __VA_ARGS__ } ); } /* NOLINT */ \
      |                                         ^
/Users/swayamsingal/Desktop/Programming/Kairo/build/dev-clang/_deps/catch2-src/src/catch2/../catch2/internal/catch_unique_name.hpp:15:85: note: expanded from macro 'INTERNAL_CATCH_UNIQUE_NAME'
   15 | #  define INTERNAL_CATCH_UNIQUE_NAME( name ) INTERNAL_CATCH_UNIQUE_NAME_LINE( name, __COUNTER__ )
      |                                                                                     ^
10 warnings generated.
[845/942] Building CXX object Runtime/KairoRenderBridge/CMakeFiles/KairoRenderBridge.dir/SceneSnapshotBridge.cppm.o
[846/942] Building CXX object KairoEngineCore/_deps/KairoAssets/CMakeFiles/KairoAssetsTests.dir/tests/AuthoringDocumentTests.cpp.o
/Users/swayamsingal/Desktop/Programming/Kairo/KairoAssets/tests/AuthoringDocumentTests.cpp:9:1: warning: '__COUNTER__' is a C2y extension [-Wc2y-extensions]
    9 | TEST_CASE("seams split UV islands and deterministic packing keeps coordinates normalized")
      | ^
/Users/swayamsingal/Desktop/Programming/Kairo/build/dev-clang/_deps/catch2-src/src/catch2/../catch2/catch_test_macros.hpp:142:28: note: expanded from macro 'TEST_CASE'
  142 |   #define TEST_CASE( ... ) INTERNAL_CATCH_TESTCASE( __VA_ARGS__ )
      |                            ^
/Users/swayamsingal/Desktop/Programming/Kairo/build/dev-clang/_deps/catch2-src/src/catch2/../catch2/internal/catch_test_registry.hpp:89:35: note: expanded from macro 'INTERNAL_CATCH_TESTCASE'
   89 |         INTERNAL_CATCH_TESTCASE2( INTERNAL_CATCH_UNIQUE_NAME( CATCH2_INTERNAL_TEST_ ), __VA_ARGS__ )
      |                                   ^
/Users/swayamsingal/Desktop/Programming/Kairo/build/dev-clang/_deps/catch2-src/src/catch2/../catch2/internal/catch_unique_name.hpp:15:85: note: expanded from macro 'INTERNAL_CATCH_UNIQUE_NAME'
   15 | #  define INTERNAL_CATCH_UNIQUE_NAME( name ) INTERNAL_CATCH_UNIQUE_NAME_LINE( name, __COUNTER__ )
      |                                                                                     ^
/Users/swayamsingal/Desktop/Programming/Kairo/KairoAssets/tests/AuthoringDocumentTests.cpp:9:1: warning: '__COUNTER__' is a C2y extension [-Wc2y-extensions]
/Users/swayamsingal/Desktop/Programming/Kairo/build/dev-clang/_deps/catch2-src/src/catch2/../catch2/catch_test_macros.hpp:142:28: note: expanded from macro 'TEST_CASE'
  142 |   #define TEST_CASE( ... ) INTERNAL_CATCH_TESTCASE( __VA_ARGS__ )
      |                            ^
/Users/swayamsingal/Desktop/Programming/Kairo/build/dev-clang/_deps/catch2-src/src/catch2/../catch2/internal/catch_test_registry.hpp:89:9: note: expanded from macro 'INTERNAL_CATCH_TESTCASE'
   89 |         INTERNAL_CATCH_TESTCASE2( INTERNAL_CATCH_UNIQUE_NAME( CATCH2_INTERNAL_TEST_ ), __VA_ARGS__ )
      |         ^
/Users/swayamsingal/Desktop/Programming/Kairo/build/dev-clang/_deps/catch2-src/src/catch2/../catch2/internal/catch_test_registry.hpp:85:41: note: expanded from macro 'INTERNAL_CATCH_TESTCASE2'
   85 |         namespace{ const Catch::AutoReg INTERNAL_CATCH_UNIQUE_NAME( autoRegistrar )( Catch::makeTestInvoker( &TestName ), CATCH_INTERNAL_LINEINFO, Catch::StringRef(), Catch::NameAndTags{ __VA_ARGS__ } ); } /* NOLINT */ \
      |                                         ^
/Users/swayamsingal/Desktop/Programming/Kairo/build/dev-clang/_deps/catch2-src/src/catch2/../catch2/internal/catch_unique_name.hpp:15:85: note: expanded from macro 'INTERNAL_CATCH_UNIQUE_NAME'
   15 | #  define INTERNAL_CATCH_UNIQUE_NAME( name ) INTERNAL_CATCH_UNIQUE_NAME_LINE( name, __COUNTER__ )
      |                                                                                     ^
/Users/swayamsingal/Desktop/Programming/Kairo/KairoAssets/tests/AuthoringDocumentTests.cpp:40:1: warning: '__COUNTER__' is a C2y extension [-Wc2y-extensions]
   40 | TEST_CASE("material authoring validates texture semantics and exposes PBR channels")
      | ^
/Users/swayamsingal/Desktop/Programming/Kairo/build/dev-clang/_deps/catch2-src/src/catch2/../catch2/catch_test_macros.hpp:142:28: note: expanded from macro 'TEST_CASE'
  142 |   #define TEST_CASE( ... ) INTERNAL_CATCH_TESTCASE( __VA_ARGS__ )
      |                            ^
/Users/swayamsingal/Desktop/Programming/Kairo/build/dev-clang/_deps/catch2-src/src/catch2/../catch2/internal/catch_test_registry.hpp:89:35: note: expanded from macro 'INTERNAL_CATCH_TESTCASE'
   89 |         INTERNAL_CATCH_TESTCASE2( INTERNAL_CATCH_UNIQUE_NAME( CATCH2_INTERNAL_TEST_ ), __VA_ARGS__ )
      |                                   ^
/Users/swayamsingal/Desktop/Programming/Kairo/build/dev-clang/_deps/catch2-src/src/catch2/../catch2/internal/catch_unique_name.hpp:15:85: note: expanded from macro 'INTERNAL_CATCH_UNIQUE_NAME'
   15 | #  define INTERNAL_CATCH_UNIQUE_NAME( name ) INTERNAL_CATCH_UNIQUE_NAME_LINE( name, __COUNTER__ )
      |                                                                                     ^
/Users/swayamsingal/Desktop/Programming/Kairo/KairoAssets/tests/AuthoringDocumentTests.cpp:40:1: warning: '__COUNTER__' is a C2y extension [-Wc2y-extensions]
/Users/swayamsingal/Desktop/Programming/Kairo/build/dev-clang/_deps/catch2-src/src/catch2/../catch2/catch_test_macros.hpp:142:28: note: expanded from macro 'TEST_CASE'
  142 |   #define TEST_CASE( ... ) INTERNAL_CATCH_TESTCASE( __VA_ARGS__ )
      |                            ^
/Users/swayamsingal/Desktop/Programming/Kairo/build/dev-clang/_deps/catch2-src/src/catch2/../catch2/internal/catch_test_registry.hpp:89:9: note: expanded from macro 'INTERNAL_CATCH_TESTCASE'
   89 |         INTERNAL_CATCH_TESTCASE2( INTERNAL_CATCH_UNIQUE_NAME( CATCH2_INTERNAL_TEST_ ), __VA_ARGS__ )
      |         ^
/Users/swayamsingal/Desktop/Programming/Kairo/build/dev-clang/_deps/catch2-src/src/catch2/../catch2/internal/catch_test_registry.hpp:85:41: note: expanded from macro 'INTERNAL_CATCH_TESTCASE2'
   85 |         namespace{ const Catch::AutoReg INTERNAL_CATCH_UNIQUE_NAME( autoRegistrar )( Catch::makeTestInvoker( &TestName ), CATCH_INTERNAL_LINEINFO, Catch::StringRef(), Catch::NameAndTags{ __VA_ARGS__ } ); } /* NOLINT */ \
      |                                         ^
/Users/swayamsingal/Desktop/Programming/Kairo/build/dev-clang/_deps/catch2-src/src/catch2/../catch2/internal/catch_unique_name.hpp:15:85: note: expanded from macro 'INTERNAL_CATCH_UNIQUE_NAME'
   15 | #  define INTERNAL_CATCH_UNIQUE_NAME( name ) INTERNAL_CATCH_UNIQUE_NAME_LINE( name, __COUNTER__ )
      |                                                                                     ^
/Users/swayamsingal/Desktop/Programming/Kairo/KairoAssets/tests/AuthoringDocumentTests.cpp:62:1: warning: '__COUNTER__' is a C2y extension [-Wc2y-extensions]
   62 | TEST_CASE("editable mesh document round trips topology UVs modifiers materials and reimport settings")
      | ^
/Users/swayamsingal/Desktop/Programming/Kairo/build/dev-clang/_deps/catch2-src/src/catch2/../catch2/catch_test_macros.hpp:142:28: note: expanded from macro 'TEST_CASE'
  142 |   #define TEST_CASE( ... ) INTERNAL_CATCH_TESTCASE( __VA_ARGS__ )
      |                            ^
/Users/swayamsingal/Desktop/Programming/Kairo/build/dev-clang/_deps/catch2-src/src/catch2/../catch2/internal/catch_test_registry.hpp:89:35: note: expanded from macro 'INTERNAL_CATCH_TESTCASE'
   89 |         INTERNAL_CATCH_TESTCASE2( INTERNAL_CATCH_UNIQUE_NAME( CATCH2_INTERNAL_TEST_ ), __VA_ARGS__ )
      |                                   ^
/Users/swayamsingal/Desktop/Programming/Kairo/build/dev-clang/_deps/catch2-src/src/catch2/../catch2/internal/catch_unique_name.hpp:15:85: note: expanded from macro 'INTERNAL_CATCH_UNIQUE_NAME'
   15 | #  define INTERNAL_CATCH_UNIQUE_NAME( name ) INTERNAL_CATCH_UNIQUE_NAME_LINE( name, __COUNTER__ )
      |                                                                                     ^
/Users/swayamsingal/Desktop/Programming/Kairo/KairoAssets/tests/AuthoringDocumentTests.cpp:62:1: warning: '__COUNTER__' is a C2y extension [-Wc2y-extensions]
/Users/swayamsingal/Desktop/Programming/Kairo/build/dev-clang/_deps/catch2-src/src/catch2/../catch2/catch_test_macros.hpp:142:28: note: expanded from macro 'TEST_CASE'
  142 |   #define TEST_CASE( ... ) INTERNAL_CATCH_TESTCASE( __VA_ARGS__ )
      |                            ^
/Users/swayamsingal/Desktop/Programming/Kairo/build/dev-clang/_deps/catch2-src/src/catch2/../catch2/internal/catch_test_registry.hpp:89:9: note: expanded from macro 'INTERNAL_CATCH_TESTCASE'
   89 |         INTERNAL_CATCH_TESTCASE2( INTERNAL_CATCH_UNIQUE_NAME( CATCH2_INTERNAL_TEST_ ), __VA_ARGS__ )
      |         ^
/Users/swayamsingal/Desktop/Programming/Kairo/build/dev-clang/_deps/catch2-src/src/catch2/../catch2/internal/catch_test_registry.hpp:85:41: note: expanded from macro 'INTERNAL_CATCH_TESTCASE2'
   85 |         namespace{ const Catch::AutoReg INTERNAL_CATCH_UNIQUE_NAME( autoRegistrar )( Catch::makeTestInvoker( &TestName ), CATCH_INTERNAL_LINEINFO, Catch::StringRef(), Catch::NameAndTags{ __VA_ARGS__ } ); } /* NOLINT */ \
      |                                         ^
/Users/swayamsingal/Desktop/Programming/Kairo/build/dev-clang/_deps/catch2-src/src/catch2/../catch2/internal/catch_unique_name.hpp:15:85: note: expanded from macro 'INTERNAL_CATCH_UNIQUE_NAME'
   15 | #  define INTERNAL_CATCH_UNIQUE_NAME( name ) INTERNAL_CATCH_UNIQUE_NAME_LINE( name, __COUNTER__ )
      |                                                                                     ^
/Users/swayamsingal/Desktop/Programming/Kairo/KairoAssets/tests/AuthoringDocumentTests.cpp:103:1: warning: '__COUNTER__' is a C2y extension [-Wc2y-extensions]
  103 | TEST_CASE("editable mesh documents save and reopen from a project path")
      | ^
/Users/swayamsingal/Desktop/Programming/Kairo/build/dev-clang/_deps/catch2-src/src/catch2/../catch2/catch_test_macros.hpp:142:28: note: expanded from macro 'TEST_CASE'
  142 |   #define TEST_CASE( ... ) INTERNAL_CATCH_TESTCASE( __VA_ARGS__ )
      |                            ^
/Users/swayamsingal/Desktop/Programming/Kairo/build/dev-clang/_deps/catch2-src/src/catch2/../catch2/internal/catch_test_registry.hpp:89:35: note: expanded from macro 'INTERNAL_CATCH_TESTCASE'
   89 |         INTERNAL_CATCH_TESTCASE2( INTERNAL_CATCH_UNIQUE_NAME( CATCH2_INTERNAL_TEST_ ), __VA_ARGS__ )
      |                                   ^
/Users/swayamsingal/Desktop/Programming/Kairo/build/dev-clang/_deps/catch2-src/src/catch2/../catch2/internal/catch_unique_name.hpp:15:85: note: expanded from macro 'INTERNAL_CATCH_UNIQUE_NAME'
   15 | #  define INTERNAL_CATCH_UNIQUE_NAME( name ) INTERNAL_CATCH_UNIQUE_NAME_LINE( name, __COUNTER__ )
      |                                                                                     ^
/Users/swayamsingal/Desktop/Programming/Kairo/KairoAssets/tests/AuthoringDocumentTests.cpp:103:1: warning: '__COUNTER__' is a C2y extension [-Wc2y-extensions]
/Users/swayamsingal/Desktop/Programming/Kairo/build/dev-clang/_deps/catch2-src/src/catch2/../catch2/catch_test_macros.hpp:142:28: note: expanded from macro 'TEST_CASE'
  142 |   #define TEST_CASE( ... ) INTERNAL_CATCH_TESTCASE( __VA_ARGS__ )
      |                            ^
/Users/swayamsingal/Desktop/Programming/Kairo/build/dev-clang/_deps/catch2-src/src/catch2/../catch2/internal/catch_test_registry.hpp:89:9: note: expanded from macro 'INTERNAL_CATCH_TESTCASE'
   89 |         INTERNAL_CATCH_TESTCASE2( INTERNAL_CATCH_UNIQUE_NAME( CATCH2_INTERNAL_TEST_ ), __VA_ARGS__ )
      |         ^
/Users/swayamsingal/Desktop/Programming/Kairo/build/dev-clang/_deps/catch2-src/src/catch2/../catch2/internal/catch_test_registry.hpp:85:41: note: expanded from macro 'INTERNAL_CATCH_TESTCASE2'
   85 |         namespace{ const Catch::AutoReg INTERNAL_CATCH_UNIQUE_NAME( autoRegistrar )( Catch::makeTestInvoker( &TestName ), CATCH_INTERNAL_LINEINFO, Catch::StringRef(), Catch::NameAndTags{ __VA_ARGS__ } ); } /* NOLINT */ \
      |                                         ^
/Users/swayamsingal/Desktop/Programming/Kairo/build/dev-clang/_deps/catch2-src/src/catch2/../catch2/internal/catch_unique_name.hpp:15:85: note: expanded from macro 'INTERNAL_CATCH_UNIQUE_NAME'
   15 | #  define INTERNAL_CATCH_UNIQUE_NAME( name ) INTERNAL_CATCH_UNIQUE_NAME_LINE( name, __COUNTER__ )
      |                                                                                     ^
8 warnings generated.
[847/942] Building CXX object KairoRenderer/CMakeFiles/KairoRendererClear.dir/examples/clear_window.cpp.o
[848/942] Building CXX object KairoEditor/CMakeFiles/KairoEditor.dir/ProjectRecovery.cppm.o
[849/942] Building CXX object KairoEditor/CMakeFiles/KairoEditorTests.dir/tests/ProductionAuthoringTests.cpp.o
FAILED: [code=1] KairoEditor/CMakeFiles/KairoEditorTests.dir/tests/ProductionAuthoringTests.cpp.o 
/opt/homebrew/opt/llvm/bin/clang++  -I/Users/swayamsingal/Desktop/Programming/Kairo/build/dev-clang/_deps/nlohmann_json-src/include -I/Users/swayamsingal/Desktop/Programming/Kairo/build/dev-clang/_deps/catch2-src/src/catch2/.. -I/Users/swayamsingal/Desktop/Programming/Kairo/build/dev-clang/_deps/catch2-build/generated-includes -g -std=c++23 -arch arm64 -Wall -Wextra -Wpedantic -Wno-unused-parameter -MD -MT KairoEditor/CMakeFiles/KairoEditorTests.dir/tests/ProductionAuthoringTests.cpp.o -MF KairoEditor/CMakeFiles/KairoEditorTests.dir/tests/ProductionAuthoringTests.cpp.o.d @KairoEditor/CMakeFiles/KairoEditorTests.dir/tests/ProductionAuthoringTests.cpp.o.modmap -o KairoEditor/CMakeFiles/KairoEditorTests.dir/tests/ProductionAuthoringTests.cpp.o -c /Users/swayamsingal/Desktop/Programming/Kairo/KairoEditor/tests/ProductionAuthoringTests.cpp
/Users/swayamsingal/Desktop/Programming/Kairo/KairoEditor/tests/ProductionAuthoringTests.cpp:8:1: warning: '__COUNTER__' is a C2y extension [-Wc2y-extensions]
    8 | TEST_CASE("Modeling workspace supports edit selection operations and undo")
      | ^
/Users/swayamsingal/Desktop/Programming/Kairo/build/dev-clang/_deps/catch2-src/src/catch2/../catch2/catch_test_macros.hpp:142:28: note: expanded from macro 'TEST_CASE'
  142 |   #define TEST_CASE( ... ) INTERNAL_CATCH_TESTCASE( __VA_ARGS__ )
      |                            ^
/Users/swayamsingal/Desktop/Programming/Kairo/build/dev-clang/_deps/catch2-src/src/catch2/../catch2/internal/catch_test_registry.hpp:89:35: note: expanded from macro 'INTERNAL_CATCH_TESTCASE'
   89 |         INTERNAL_CATCH_TESTCASE2( INTERNAL_CATCH_UNIQUE_NAME( CATCH2_INTERNAL_TEST_ ), __VA_ARGS__ )
      |                                   ^
/Users/swayamsingal/Desktop/Programming/Kairo/build/dev-clang/_deps/catch2-src/src/catch2/../catch2/internal/catch_unique_name.hpp:15:85: note: expanded from macro 'INTERNAL_CATCH_UNIQUE_NAME'
   15 | #  define INTERNAL_CATCH_UNIQUE_NAME( name ) INTERNAL_CATCH_UNIQUE_NAME_LINE( name, __COUNTER__ )
      |                                                                                     ^
/Users/swayamsingal/Desktop/Programming/Kairo/KairoEditor/tests/ProductionAuthoringTests.cpp:8:1: warning: '__COUNTER__' is a C2y extension [-Wc2y-extensions]
/Users/swayamsingal/Desktop/Programming/Kairo/build/dev-clang/_deps/catch2-src/src/catch2/../catch2/catch_test_macros.hpp:142:28: note: expanded from macro 'TEST_CASE'
  142 |   #define TEST_CASE( ... ) INTERNAL_CATCH_TESTCASE( __VA_ARGS__ )
      |                            ^
/Users/swayamsingal/Desktop/Programming/Kairo/build/dev-clang/_deps/catch2-src/src/catch2/../catch2/internal/catch_test_registry.hpp:89:9: note: expanded from macro 'INTERNAL_CATCH_TESTCASE'
   89 |         INTERNAL_CATCH_TESTCASE2( INTERNAL_CATCH_UNIQUE_NAME( CATCH2_INTERNAL_TEST_ ), __VA_ARGS__ )
      |         ^
/Users/swayamsingal/Desktop/Programming/Kairo/build/dev-clang/_deps/catch2-src/src/catch2/../catch2/internal/catch_test_registry.hpp:85:41: note: expanded from macro 'INTERNAL_CATCH_TESTCASE2'
   85 |         namespace{ const Catch::AutoReg INTERNAL_CATCH_UNIQUE_NAME( autoRegistrar )( Catch::makeTestInvoker( &TestName ), CATCH_INTERNAL_LINEINFO, Catch::StringRef(), Catch::NameAndTags{ __VA_ARGS__ } ); } /* NOLINT */ \
      |                                         ^
/Users/swayamsingal/Desktop/Programming/Kairo/build/dev-clang/_deps/catch2-src/src/catch2/../catch2/internal/catch_unique_name.hpp:15:85: note: expanded from macro 'INTERNAL_CATCH_UNIQUE_NAME'
   15 | #  define INTERNAL_CATCH_UNIQUE_NAME( name ) INTERNAL_CATCH_UNIQUE_NAME_LINE( name, __COUNTER__ )
      |                                                                                     ^
/Users/swayamsingal/Desktop/Programming/Kairo/KairoEditor/tests/ProductionAuthoringTests.cpp:31:1: warning: '__COUNTER__' is a C2y extension [-Wc2y-extensions]
   31 | TEST_CASE("UV and sculpt workspaces share the editable mesh")
      | ^
/Users/swayamsingal/Desktop/Programming/Kairo/build/dev-clang/_deps/catch2-src/src/catch2/../catch2/catch_test_macros.hpp:142:28: note: expanded from macro 'TEST_CASE'
  142 |   #define TEST_CASE( ... ) INTERNAL_CATCH_TESTCASE( __VA_ARGS__ )
      |                            ^
/Users/swayamsingal/Desktop/Programming/Kairo/build/dev-clang/_deps/catch2-src/src/catch2/../catch2/internal/catch_test_registry.hpp:89:35: note: expanded from macro 'INTERNAL_CATCH_TESTCASE'
   89 |         INTERNAL_CATCH_TESTCASE2( INTERNAL_CATCH_UNIQUE_NAME( CATCH2_INTERNAL_TEST_ ), __VA_ARGS__ )
      |                                   ^
/Users/swayamsingal/Desktop/Programming/Kairo/build/dev-clang/_deps/catch2-src/src/catch2/../catch2/internal/catch_unique_name.hpp:15:85: note: expanded from macro 'INTERNAL_CATCH_UNIQUE_NAME'
   15 | #  define INTERNAL_CATCH_UNIQUE_NAME( name ) INTERNAL_CATCH_UNIQUE_NAME_LINE( name, __COUNTER__ )
      |                                                                                     ^
/Users/swayamsingal/Desktop/Programming/Kairo/KairoEditor/tests/ProductionAuthoringTests.cpp:31:1: warning: '__COUNTER__' is a C2y extension [-Wc2y-extensions]
/Users/swayamsingal/Desktop/Programming/Kairo/build/dev-clang/_deps/catch2-src/src/catch2/../catch2/catch_test_macros.hpp:142:28: note: expanded from macro 'TEST_CASE'
  142 |   #define TEST_CASE( ... ) INTERNAL_CATCH_TESTCASE( __VA_ARGS__ )
      |                            ^
/Users/swayamsingal/Desktop/Programming/Kairo/build/dev-clang/_deps/catch2-src/src/catch2/../catch2/internal/catch_test_registry.hpp:89:9: note: expanded from macro 'INTERNAL_CATCH_TESTCASE'
   89 |         INTERNAL_CATCH_TESTCASE2( INTERNAL_CATCH_UNIQUE_NAME( CATCH2_INTERNAL_TEST_ ), __VA_ARGS__ )
      |         ^
/Users/swayamsingal/Desktop/Programming/Kairo/build/dev-clang/_deps/catch2-src/src/catch2/../catch2/internal/catch_test_registry.hpp:85:41: note: expanded from macro 'INTERNAL_CATCH_TESTCASE2'
   85 |         namespace{ const Catch::AutoReg INTERNAL_CATCH_UNIQUE_NAME( autoRegistrar )( Catch::makeTestInvoker( &TestName ), CATCH_INTERNAL_LINEINFO, Catch::StringRef(), Catch::NameAndTags{ __VA_ARGS__ } ); } /* NOLINT */ \
      |                                         ^
/Users/swayamsingal/Desktop/Programming/Kairo/build/dev-clang/_deps/catch2-src/src/catch2/../catch2/internal/catch_unique_name.hpp:15:85: note: expanded from macro 'INTERNAL_CATCH_UNIQUE_NAME'
   15 | #  define INTERNAL_CATCH_UNIQUE_NAME( name ) INTERNAL_CATCH_UNIQUE_NAME_LINE( name, __COUNTER__ )
      |                                                                                     ^
/Users/swayamsingal/Desktop/Programming/Kairo/KairoEditor/tests/ProductionAuthoringTests.cpp:42:32: error: declaration of 'EditableEdgeKey' must be imported from module 'Kairo.Assets.EditableMesh' before it is required
   42 |     uv.MarkSeam(kairo::assets::EditableEdgeKey::Canonical(a, b));
      |                                ^
/Users/swayamsingal/Desktop/Programming/Kairo/KairoAssets/EditableMesh.cppm:38:12: note: declaration here is not visible
   38 |     struct EditableEdgeKey final
      |            ^
/Users/swayamsingal/Desktop/Programming/Kairo/KairoEditor/tests/ProductionAuthoringTests.cpp:51:20: error: declaration of 'SculptBrush' must be imported from module 'Kairo.Assets.Sculpting' before it is required
   51 |     kairo::assets::SculptBrush brush;
      |                    ^
/Users/swayamsingal/Desktop/Programming/Kairo/KairoAssets/Sculpting.cppm:23:12: note: declaration here is not visible
   23 |     struct SculptBrush final
      |            ^
/Users/swayamsingal/Desktop/Programming/Kairo/KairoEditor/tests/ProductionAuthoringTests.cpp:62:1: warning: '__COUNTER__' is a C2y extension [-Wc2y-extensions]
   62 | TEST_CASE("Offline render workspace tracks progress diagnostics and output")
      | ^
/Users/swayamsingal/Desktop/Programming/Kairo/build/dev-clang/_deps/catch2-src/src/catch2/../catch2/catch_test_macros.hpp:142:28: note: expanded from macro 'TEST_CASE'
  142 |   #define TEST_CASE( ... ) INTERNAL_CATCH_TESTCASE( __VA_ARGS__ )
      |                            ^
/Users/swayamsingal/Desktop/Programming/Kairo/build/dev-clang/_deps/catch2-src/src/catch2/../catch2/internal/catch_test_registry.hpp:89:35: note: expanded from macro 'INTERNAL_CATCH_TESTCASE'
   89 |         INTERNAL_CATCH_TESTCASE2( INTERNAL_CATCH_UNIQUE_NAME( CATCH2_INTERNAL_TEST_ ), __VA_ARGS__ )
      |                                   ^
/Users/swayamsingal/Desktop/Programming/Kairo/build/dev-clang/_deps/catch2-src/src/catch2/../catch2/internal/catch_unique_name.hpp:15:85: note: expanded from macro 'INTERNAL_CATCH_UNIQUE_NAME'
   15 | #  define INTERNAL_CATCH_UNIQUE_NAME( name ) INTERNAL_CATCH_UNIQUE_NAME_LINE( name, __COUNTER__ )
      |                                                                                     ^
/Users/swayamsingal/Desktop/Programming/Kairo/KairoEditor/tests/ProductionAuthoringTests.cpp:62:1: warning: '__COUNTER__' is a C2y extension [-Wc2y-extensions]
/Users/swayamsingal/Desktop/Programming/Kairo/build/dev-clang/_deps/catch2-src/src/catch2/../catch2/catch_test_macros.hpp:142:28: note: expanded from macro 'TEST_CASE'
  142 |   #define TEST_CASE( ... ) INTERNAL_CATCH_TESTCASE( __VA_ARGS__ )
      |                            ^
/Users/swayamsingal/Desktop/Programming/Kairo/build/dev-clang/_deps/catch2-src/src/catch2/../catch2/internal/catch_test_registry.hpp:89:9: note: expanded from macro 'INTERNAL_CATCH_TESTCASE'
   89 |         INTERNAL_CATCH_TESTCASE2( INTERNAL_CATCH_UNIQUE_NAME( CATCH2_INTERNAL_TEST_ ), __VA_ARGS__ )
      |         ^
/Users/swayamsingal/Desktop/Programming/Kairo/build/dev-clang/_deps/catch2-src/src/catch2/../catch2/internal/catch_test_registry.hpp:85:41: note: expanded from macro 'INTERNAL_CATCH_TESTCASE2'
   85 |         namespace{ const Catch::AutoReg INTERNAL_CATCH_UNIQUE_NAME( autoRegistrar )( Catch::makeTestInvoker( &TestName ), CATCH_INTERNAL_LINEINFO, Catch::StringRef(), Catch::NameAndTags{ __VA_ARGS__ } ); } /* NOLINT */ \
      |                                         ^
/Users/swayamsingal/Desktop/Programming/Kairo/build/dev-clang/_deps/catch2-src/src/catch2/../catch2/internal/catch_unique_name.hpp:15:85: note: expanded from macro 'INTERNAL_CATCH_UNIQUE_NAME'
   15 | #  define INTERNAL_CATCH_UNIQUE_NAME( name ) INTERNAL_CATCH_UNIQUE_NAME_LINE( name, __COUNTER__ )
      |                                                                                     ^
6 warnings and 2 errors generated.
[850/942] Building CXX object KairoRenderer/CMakeFiles/KairoRendererPhysicsDebugTests.dir/tests/PhysicsDebugBridgeTests.cpp.o
/Users/swayamsingal/Desktop/Programming/Kairo/KairoRenderer/tests/PhysicsDebugBridgeTests.cpp:11:1: warning: '__COUNTER__' is a C2y extension [-Wc2y-extensions]
   11 | TEST_CASE("Physics debug bridge translates every collider vocabulary", "[KairoRenderer][PhysicsDebug]")
      | ^
/Users/swayamsingal/Desktop/Programming/Kairo/build/dev-clang/_deps/catch2-src/src/catch2/../catch2/catch_test_macros.hpp:142:28: note: expanded from macro 'TEST_CASE'
  142 |   #define TEST_CASE( ... ) INTERNAL_CATCH_TESTCASE( __VA_ARGS__ )
      |                            ^
/Users/swayamsingal/Desktop/Programming/Kairo/build/dev-clang/_deps/catch2-src/src/catch2/../catch2/internal/catch_test_registry.hpp:89:35: note: expanded from macro 'INTERNAL_CATCH_TESTCASE'
   89 |         INTERNAL_CATCH_TESTCASE2( INTERNAL_CATCH_UNIQUE_NAME( CATCH2_INTERNAL_TEST_ ), __VA_ARGS__ )
      |                                   ^
/Users/swayamsingal/Desktop/Programming/Kairo/build/dev-clang/_deps/catch2-src/src/catch2/../catch2/internal/catch_unique_name.hpp:15:85: note: expanded from macro 'INTERNAL_CATCH_UNIQUE_NAME'
   15 | #  define INTERNAL_CATCH_UNIQUE_NAME( name ) INTERNAL_CATCH_UNIQUE_NAME_LINE( name, __COUNTER__ )
      |                                                                                     ^
/Users/swayamsingal/Desktop/Programming/Kairo/KairoRenderer/tests/PhysicsDebugBridgeTests.cpp:11:1: warning: '__COUNTER__' is a C2y extension [-Wc2y-extensions]
/Users/swayamsingal/Desktop/Programming/Kairo/build/dev-clang/_deps/catch2-src/src/catch2/../catch2/catch_test_macros.hpp:142:28: note: expanded from macro 'TEST_CASE'
  142 |   #define TEST_CASE( ... ) INTERNAL_CATCH_TESTCASE( __VA_ARGS__ )
      |                            ^
/Users/swayamsingal/Desktop/Programming/Kairo/build/dev-clang/_deps/catch2-src/src/catch2/../catch2/internal/catch_test_registry.hpp:89:9: note: expanded from macro 'INTERNAL_CATCH_TESTCASE'
   89 |         INTERNAL_CATCH_TESTCASE2( INTERNAL_CATCH_UNIQUE_NAME( CATCH2_INTERNAL_TEST_ ), __VA_ARGS__ )
      |         ^
/Users/swayamsingal/Desktop/Programming/Kairo/build/dev-clang/_deps/catch2-src/src/catch2/../catch2/internal/catch_test_registry.hpp:85:41: note: expanded from macro 'INTERNAL_CATCH_TESTCASE2'
   85 |         namespace{ const Catch::AutoReg INTERNAL_CATCH_UNIQUE_NAME( autoRegistrar )( Catch::makeTestInvoker( &TestName ), CATCH_INTERNAL_LINEINFO, Catch::StringRef(), Catch::NameAndTags{ __VA_ARGS__ } ); } /* NOLINT */ \
      |                                         ^
/Users/swayamsingal/Desktop/Programming/Kairo/build/dev-clang/_deps/catch2-src/src/catch2/../catch2/internal/catch_unique_name.hpp:15:85: note: expanded from macro 'INTERNAL_CATCH_UNIQUE_NAME'
   15 | #  define INTERNAL_CATCH_UNIQUE_NAME( name ) INTERNAL_CATCH_UNIQUE_NAME_LINE( name, __COUNTER__ )
      |                                                                                     ^
/Users/swayamsingal/Desktop/Programming/Kairo/KairoRenderer/tests/PhysicsDebugBridgeTests.cpp:37:1: warning: '__COUNTER__' is a C2y extension [-Wc2y-extensions]
   37 | TEST_CASE("Physics debug bridge toggles bounds and contact markers", "[KairoRenderer][PhysicsDebug]")
      | ^
/Users/swayamsingal/Desktop/Programming/Kairo/build/dev-clang/_deps/catch2-src/src/catch2/../catch2/catch_test_macros.hpp:142:28: note: expanded from macro 'TEST_CASE'
  142 |   #define TEST_CASE( ... ) INTERNAL_CATCH_TESTCASE( __VA_ARGS__ )
      |                            ^
/Users/swayamsingal/Desktop/Programming/Kairo/build/dev-clang/_deps/catch2-src/src/catch2/../catch2/internal/catch_test_registry.hpp:89:35: note: expanded from macro 'INTERNAL_CATCH_TESTCASE'
   89 |         INTERNAL_CATCH_TESTCASE2( INTERNAL_CATCH_UNIQUE_NAME( CATCH2_INTERNAL_TEST_ ), __VA_ARGS__ )
      |                                   ^
/Users/swayamsingal/Desktop/Programming/Kairo/build/dev-clang/_deps/catch2-src/src/catch2/../catch2/internal/catch_unique_name.hpp:15:85: note: expanded from macro 'INTERNAL_CATCH_UNIQUE_NAME'
   15 | #  define INTERNAL_CATCH_UNIQUE_NAME( name ) INTERNAL_CATCH_UNIQUE_NAME_LINE( name, __COUNTER__ )
      |                                                                                     ^
/Users/swayamsingal/Desktop/Programming/Kairo/KairoRenderer/tests/PhysicsDebugBridgeTests.cpp:37:1: warning: '__COUNTER__' is a C2y extension [-Wc2y-extensions]
/Users/swayamsingal/Desktop/Programming/Kairo/build/dev-clang/_deps/catch2-src/src/catch2/../catch2/catch_test_macros.hpp:142:28: note: expanded from macro 'TEST_CASE'
  142 |   #define TEST_CASE( ... ) INTERNAL_CATCH_TESTCASE( __VA_ARGS__ )
      |                            ^
/Users/swayamsingal/Desktop/Programming/Kairo/build/dev-clang/_deps/catch2-src/src/catch2/../catch2/internal/catch_test_registry.hpp:89:9: note: expanded from macro 'INTERNAL_CATCH_TESTCASE'
   89 |         INTERNAL_CATCH_TESTCASE2( INTERNAL_CATCH_UNIQUE_NAME( CATCH2_INTERNAL_TEST_ ), __VA_ARGS__ )
      |         ^
/Users/swayamsingal/Desktop/Programming/Kairo/build/dev-clang/_deps/catch2-src/src/catch2/../catch2/internal/catch_test_registry.hpp:85:41: note: expanded from macro 'INTERNAL_CATCH_TESTCASE2'
   85 |         namespace{ const Catch::AutoReg INTERNAL_CATCH_UNIQUE_NAME( autoRegistrar )( Catch::makeTestInvoker( &TestName ), CATCH_INTERNAL_LINEINFO, Catch::StringRef(), Catch::NameAndTags{ __VA_ARGS__ } ); } /* NOLINT */ \
      |                                         ^
/Users/swayamsingal/Desktop/Programming/Kairo/build/dev-clang/_deps/catch2-src/src/catch2/../catch2/internal/catch_unique_name.hpp:15:85: note: expanded from macro 'INTERNAL_CATCH_UNIQUE_NAME'
   15 | #  define INTERNAL_CATCH_UNIQUE_NAME( name ) INTERNAL_CATCH_UNIQUE_NAME_LINE( name, __COUNTER__ )
      |                                                                                     ^
/Users/swayamsingal/Desktop/Programming/Kairo/KairoRenderer/tests/PhysicsDebugBridgeTests.cpp:53:1: warning: '__COUNTER__' is a C2y extension [-Wc2y-extensions]
   53 | TEST_CASE("Physics world snapshots feed the renderer bridge", "[KairoRenderer][PhysicsDebug]")
      | ^
/Users/swayamsingal/Desktop/Programming/Kairo/build/dev-clang/_deps/catch2-src/src/catch2/../catch2/catch_test_macros.hpp:142:28: note: expanded from macro 'TEST_CASE'
  142 |   #define TEST_CASE( ... ) INTERNAL_CATCH_TESTCASE( __VA_ARGS__ )
      |                            ^
/Users/swayamsingal/Desktop/Programming/Kairo/build/dev-clang/_deps/catch2-src/src/catch2/../catch2/internal/catch_test_registry.hpp:89:35: note: expanded from macro 'INTERNAL_CATCH_TESTCASE'
   89 |         INTERNAL_CATCH_TESTCASE2( INTERNAL_CATCH_UNIQUE_NAME( CATCH2_INTERNAL_TEST_ ), __VA_ARGS__ )
      |                                   ^
/Users/swayamsingal/Desktop/Programming/Kairo/build/dev-clang/_deps/catch2-src/src/catch2/../catch2/internal/catch_unique_name.hpp:15:85: note: expanded from macro 'INTERNAL_CATCH_UNIQUE_NAME'
   15 | #  define INTERNAL_CATCH_UNIQUE_NAME( name ) INTERNAL_CATCH_UNIQUE_NAME_LINE( name, __COUNTER__ )
      |                                                                                     ^
/Users/swayamsingal/Desktop/Programming/Kairo/KairoRenderer/tests/PhysicsDebugBridgeTests.cpp:53:1: warning: '__COUNTER__' is a C2y extension [-Wc2y-extensions]
/Users/swayamsingal/Desktop/Programming/Kairo/build/dev-clang/_deps/catch2-src/src/catch2/../catch2/catch_test_macros.hpp:142:28: note: expanded from macro 'TEST_CASE'
  142 |   #define TEST_CASE( ... ) INTERNAL_CATCH_TESTCASE( __VA_ARGS__ )
      |                            ^
/Users/swayamsingal/Desktop/Programming/Kairo/build/dev-clang/_deps/catch2-src/src/catch2/../catch2/internal/catch_test_registry.hpp:89:9: note: expanded from macro 'INTERNAL_CATCH_TESTCASE'
   89 |         INTERNAL_CATCH_TESTCASE2( INTERNAL_CATCH_UNIQUE_NAME( CATCH2_INTERNAL_TEST_ ), __VA_ARGS__ )
      |         ^
/Users/swayamsingal/Desktop/Programming/Kairo/build/dev-clang/_deps/catch2-src/src/catch2/../catch2/internal/catch_test_registry.hpp:85:41: note: expanded from macro 'INTERNAL_CATCH_TESTCASE2'
   85 |         namespace{ const Catch::AutoReg INTERNAL_CATCH_UNIQUE_NAME( autoRegistrar )( Catch::makeTestInvoker( &TestName ), CATCH_INTERNAL_LINEINFO, Catch::StringRef(), Catch::NameAndTags{ __VA_ARGS__ } ); } /* NOLINT */ \
      |                                         ^
/Users/swayamsingal/Desktop/Programming/Kairo/build/dev-clang/_deps/catch2-src/src/catch2/../catch2/internal/catch_unique_name.hpp:15:85: note: expanded from macro 'INTERNAL_CATCH_UNIQUE_NAME'
   15 | #  define INTERNAL_CATCH_UNIQUE_NAME( name ) INTERNAL_CATCH_UNIQUE_NAME_LINE( name, __COUNTER__ )
      |                                                                                     ^
6 warnings generated.
[851/942] Building CXX object KairoRenderer/CMakeFiles/KairoRendererTests.dir/tests/RendererTests.cpp.o
/Users/swayamsingal/Desktop/Programming/Kairo/KairoRenderer/tests/RendererTests.cpp:16:1: warning: '__COUNTER__' is a C2y extension [-Wc2y-extensions]
   16 | TEST_CASE("Renderer window descriptions validate required dimensions", "[KairoRenderer][Types]")
      | ^
/Users/swayamsingal/Desktop/Programming/Kairo/build/dev-clang/_deps/catch2-src/src/catch2/../catch2/catch_test_macros.hpp:142:28: note: expanded from macro 'TEST_CASE'
  142 |   #define TEST_CASE( ... ) INTERNAL_CATCH_TESTCASE( __VA_ARGS__ )
      |                            ^
/Users/swayamsingal/Desktop/Programming/Kairo/build/dev-clang/_deps/catch2-src/src/catch2/../catch2/internal/catch_test_registry.hpp:89:35: note: expanded from macro 'INTERNAL_CATCH_TESTCASE'
   89 |         INTERNAL_CATCH_TESTCASE2( INTERNAL_CATCH_UNIQUE_NAME( CATCH2_INTERNAL_TEST_ ), __VA_ARGS__ )
      |                                   ^
/Users/swayamsingal/Desktop/Programming/Kairo/build/dev-clang/_deps/catch2-src/src/catch2/../catch2/internal/catch_unique_name.hpp:15:85: note: expanded from macro 'INTERNAL_CATCH_UNIQUE_NAME'
   15 | #  define INTERNAL_CATCH_UNIQUE_NAME( name ) INTERNAL_CATCH_UNIQUE_NAME_LINE( name, __COUNTER__ )
      |                                                                                     ^
/Users/swayamsingal/Desktop/Programming/Kairo/KairoRenderer/tests/RendererTests.cpp:16:1: warning: '__COUNTER__' is a C2y extension [-Wc2y-extensions]
/Users/swayamsingal/Desktop/Programming/Kairo/build/dev-clang/_deps/catch2-src/src/catch2/../catch2/catch_test_macros.hpp:142:28: note: expanded from macro 'TEST_CASE'
  142 |   #define TEST_CASE( ... ) INTERNAL_CATCH_TESTCASE( __VA_ARGS__ )
      |                            ^
/Users/swayamsingal/Desktop/Programming/Kairo/build/dev-clang/_deps/catch2-src/src/catch2/../catch2/internal/catch_test_registry.hpp:89:9: note: expanded from macro 'INTERNAL_CATCH_TESTCASE'
   89 |         INTERNAL_CATCH_TESTCASE2( INTERNAL_CATCH_UNIQUE_NAME( CATCH2_INTERNAL_TEST_ ), __VA_ARGS__ )
      |         ^
/Users/swayamsingal/Desktop/Programming/Kairo/build/dev-clang/_deps/catch2-src/src/catch2/../catch2/internal/catch_test_registry.hpp:85:41: note: expanded from macro 'INTERNAL_CATCH_TESTCASE2'
   85 |         namespace{ const Catch::AutoReg INTERNAL_CATCH_UNIQUE_NAME( autoRegistrar )( Catch::makeTestInvoker( &TestName ), CATCH_INTERNAL_LINEINFO, Catch::StringRef(), Catch::NameAndTags{ __VA_ARGS__ } ); } /* NOLINT */ \
      |                                         ^
/Users/swayamsingal/Desktop/Programming/Kairo/build/dev-clang/_deps/catch2-src/src/catch2/../catch2/internal/catch_unique_name.hpp:15:85: note: expanded from macro 'INTERNAL_CATCH_UNIQUE_NAME'
   15 | #  define INTERNAL_CATCH_UNIQUE_NAME( name ) INTERNAL_CATCH_UNIQUE_NAME_LINE( name, __COUNTER__ )
      |                                                                                     ^
/Users/swayamsingal/Desktop/Programming/Kairo/KairoRenderer/tests/RendererTests.cpp:23:1: warning: '__COUNTER__' is a C2y extension [-Wc2y-extensions]
   23 | TEST_CASE("Vulkan backend snapshots reject incomplete integration handles", "[KairoRenderer][Backend]")
      | ^
/Users/swayamsingal/Desktop/Programming/Kairo/build/dev-clang/_deps/catch2-src/src/catch2/../catch2/catch_test_macros.hpp:142:28: note: expanded from macro 'TEST_CASE'
  142 |   #define TEST_CASE( ... ) INTERNAL_CATCH_TESTCASE( __VA_ARGS__ )
      |                            ^
/Users/swayamsingal/Desktop/Programming/Kairo/build/dev-clang/_deps/catch2-src/src/catch2/../catch2/internal/catch_test_registry.hpp:89:35: note: expanded from macro 'INTERNAL_CATCH_TESTCASE'
   89 |         INTERNAL_CATCH_TESTCASE2( INTERNAL_CATCH_UNIQUE_NAME( CATCH2_INTERNAL_TEST_ ), __VA_ARGS__ )
      |                                   ^
/Users/swayamsingal/Desktop/Programming/Kairo/build/dev-clang/_deps/catch2-src/src/catch2/../catch2/internal/catch_unique_name.hpp:15:85: note: expanded from macro 'INTERNAL_CATCH_UNIQUE_NAME'
   15 | #  define INTERNAL_CATCH_UNIQUE_NAME( name ) INTERNAL_CATCH_UNIQUE_NAME_LINE( name, __COUNTER__ )
      |                                                                                     ^
/Users/swayamsingal/Desktop/Programming/Kairo/KairoRenderer/tests/RendererTests.cpp:23:1: warning: '__COUNTER__' is a C2y extension [-Wc2y-extensions]
/Users/swayamsingal/Desktop/Programming/Kairo/build/dev-clang/_deps/catch2-src/src/catch2/../catch2/catch_test_macros.hpp:142:28: note: expanded from macro 'TEST_CASE'
  142 |   #define TEST_CASE( ... ) INTERNAL_CATCH_TESTCASE( __VA_ARGS__ )
      |                            ^
/Users/swayamsingal/Desktop/Programming/Kairo/build/dev-clang/_deps/catch2-src/src/catch2/../catch2/internal/catch_test_registry.hpp:89:9: note: expanded from macro 'INTERNAL_CATCH_TESTCASE'
   89 |         INTERNAL_CATCH_TESTCASE2( INTERNAL_CATCH_UNIQUE_NAME( CATCH2_INTERNAL_TEST_ ), __VA_ARGS__ )
      |         ^
/Users/swayamsingal/Desktop/Programming/Kairo/build/dev-clang/_deps/catch2-src/src/catch2/../catch2/internal/catch_test_registry.hpp:85:41: note: expanded from macro 'INTERNAL_CATCH_TESTCASE2'
   85 |         namespace{ const Catch::AutoReg INTERNAL_CATCH_UNIQUE_NAME( autoRegistrar )( Catch::makeTestInvoker( &TestName ), CATCH_INTERNAL_LINEINFO, Catch::StringRef(), Catch::NameAndTags{ __VA_ARGS__ } ); } /* NOLINT */ \
      |                                         ^
/Users/swayamsingal/Desktop/Programming/Kairo/build/dev-clang/_deps/catch2-src/src/catch2/../catch2/internal/catch_unique_name.hpp:15:85: note: expanded from macro 'INTERNAL_CATCH_UNIQUE_NAME'
   15 | #  define INTERNAL_CATCH_UNIQUE_NAME( name ) INTERNAL_CATCH_UNIQUE_NAME_LINE( name, __COUNTER__ )
      |                                                                                     ^
/Users/swayamsingal/Desktop/Programming/Kairo/KairoRenderer/tests/RendererTests.cpp:31:1: warning: '__COUNTER__' is a C2y extension [-Wc2y-extensions]
   31 | TEST_CASE("Viewport captures reject uniform and malformed pixel evidence", "[KairoRenderer][Viewport]")
      | ^
/Users/swayamsingal/Desktop/Programming/Kairo/build/dev-clang/_deps/catch2-src/src/catch2/../catch2/catch_test_macros.hpp:142:28: note: expanded from macro 'TEST_CASE'
  142 |   #define TEST_CASE( ... ) INTERNAL_CATCH_TESTCASE( __VA_ARGS__ )
      |                            ^
/Users/swayamsingal/Desktop/Programming/Kairo/build/dev-clang/_deps/catch2-src/src/catch2/../catch2/internal/catch_test_registry.hpp:89:35: note: expanded from macro 'INTERNAL_CATCH_TESTCASE'
   89 |         INTERNAL_CATCH_TESTCASE2( INTERNAL_CATCH_UNIQUE_NAME( CATCH2_INTERNAL_TEST_ ), __VA_ARGS__ )
      |                                   ^
/Users/swayamsingal/Desktop/Programming/Kairo/build/dev-clang/_deps/catch2-src/src/catch2/../catch2/internal/catch_unique_name.hpp:15:85: note: expanded from macro 'INTERNAL_CATCH_UNIQUE_NAME'
   15 | #  define INTERNAL_CATCH_UNIQUE_NAME( name ) INTERNAL_CATCH_UNIQUE_NAME_LINE( name, __COUNTER__ )
      |                                                                                     ^
/Users/swayamsingal/Desktop/Programming/Kairo/KairoRenderer/tests/RendererTests.cpp:31:1: warning: '__COUNTER__' is a C2y extension [-Wc2y-extensions]
/Users/swayamsingal/Desktop/Programming/Kairo/build/dev-clang/_deps/catch2-src/src/catch2/../catch2/catch_test_macros.hpp:142:28: note: expanded from macro 'TEST_CASE'
  142 |   #define TEST_CASE( ... ) INTERNAL_CATCH_TESTCASE( __VA_ARGS__ )
      |                            ^
/Users/swayamsingal/Desktop/Programming/Kairo/build/dev-clang/_deps/catch2-src/src/catch2/../catch2/internal/catch_test_registry.hpp:89:9: note: expanded from macro 'INTERNAL_CATCH_TESTCASE'
   89 |         INTERNAL_CATCH_TESTCASE2( INTERNAL_CATCH_UNIQUE_NAME( CATCH2_INTERNAL_TEST_ ), __VA_ARGS__ )
      |         ^
/Users/swayamsingal/Desktop/Programming/Kairo/build/dev-clang/_deps/catch2-src/src/catch2/../catch2/internal/catch_test_registry.hpp:85:41: note: expanded from macro 'INTERNAL_CATCH_TESTCASE2'
   85 |         namespace{ const Catch::AutoReg INTERNAL_CATCH_UNIQUE_NAME( autoRegistrar )( Catch::makeTestInvoker( &TestName ), CATCH_INTERNAL_LINEINFO, Catch::StringRef(), Catch::NameAndTags{ __VA_ARGS__ } ); } /* NOLINT */ \
      |                                         ^
/Users/swayamsingal/Desktop/Programming/Kairo/build/dev-clang/_deps/catch2-src/src/catch2/../catch2/internal/catch_unique_name.hpp:15:85: note: expanded from macro 'INTERNAL_CATCH_UNIQUE_NAME'
   15 | #  define INTERNAL_CATCH_UNIQUE_NAME( name ) INTERNAL_CATCH_UNIQUE_NAME_LINE( name, __COUNTER__ )
      |                                                                                     ^
/Users/swayamsingal/Desktop/Programming/Kairo/KairoRenderer/tests/RendererTests.cpp:41:1: warning: '__COUNTER__' is a C2y extension [-Wc2y-extensions]
   41 | TEST_CASE("Viewport shading modes expose stable diagnostic names", "[KairoRenderer][Viewport]")
      | ^
/Users/swayamsingal/Desktop/Programming/Kairo/build/dev-clang/_deps/catch2-src/src/catch2/../catch2/catch_test_macros.hpp:142:28: note: expanded from macro 'TEST_CASE'
  142 |   #define TEST_CASE( ... ) INTERNAL_CATCH_TESTCASE( __VA_ARGS__ )
      |                            ^
/Users/swayamsingal/Desktop/Programming/Kairo/build/dev-clang/_deps/catch2-src/src/catch2/../catch2/internal/catch_test_registry.hpp:89:35: note: expanded from macro 'INTERNAL_CATCH_TESTCASE'
   89 |         INTERNAL_CATCH_TESTCASE2( INTERNAL_CATCH_UNIQUE_NAME( CATCH2_INTERNAL_TEST_ ), __VA_ARGS__ )
      |                                   ^
/Users/swayamsingal/Desktop/Programming/Kairo/build/dev-clang/_deps/catch2-src/src/catch2/../catch2/internal/catch_unique_name.hpp:15:85: note: expanded from macro 'INTERNAL_CATCH_UNIQUE_NAME'
   15 | #  define INTERNAL_CATCH_UNIQUE_NAME( name ) INTERNAL_CATCH_UNIQUE_NAME_LINE( name, __COUNTER__ )
      |                                                                                     ^
/Users/swayamsingal/Desktop/Programming/Kairo/KairoRenderer/tests/RendererTests.cpp:41:1: warning: '__COUNTER__' is a C2y extension [-Wc2y-extensions]
/Users/swayamsingal/Desktop/Programming/Kairo/build/dev-clang/_deps/catch2-src/src/catch2/../catch2/catch_test_macros.hpp:142:28: note: expanded from macro 'TEST_CASE'
  142 |   #define TEST_CASE( ... ) INTERNAL_CATCH_TESTCASE( __VA_ARGS__ )
      |                            ^
/Users/swayamsingal/Desktop/Programming/Kairo/build/dev-clang/_deps/catch2-src/src/catch2/../catch2/internal/catch_test_registry.hpp:89:9: note: expanded from macro 'INTERNAL_CATCH_TESTCASE'
   89 |         INTERNAL_CATCH_TESTCASE2( INTERNAL_CATCH_UNIQUE_NAME( CATCH2_INTERNAL_TEST_ ), __VA_ARGS__ )
      |         ^
/Users/swayamsingal/Desktop/Programming/Kairo/build/dev-clang/_deps/catch2-src/src/catch2/../catch2/internal/catch_test_registry.hpp:85:41: note: expanded from macro 'INTERNAL_CATCH_TESTCASE2'
   85 |         namespace{ const Catch::AutoReg INTERNAL_CATCH_UNIQUE_NAME( autoRegistrar )( Catch::makeTestInvoker( &TestName ), CATCH_INTERNAL_LINEINFO, Catch::StringRef(), Catch::NameAndTags{ __VA_ARGS__ } ); } /* NOLINT */ \
      |                                         ^
/Users/swayamsingal/Desktop/Programming/Kairo/build/dev-clang/_deps/catch2-src/src/catch2/../catch2/internal/catch_unique_name.hpp:15:85: note: expanded from macro 'INTERNAL_CATCH_UNIQUE_NAME'
   15 | #  define INTERNAL_CATCH_UNIQUE_NAME( name ) INTERNAL_CATCH_UNIQUE_NAME_LINE( name, __COUNTER__ )
      |                                                                                     ^
/Users/swayamsingal/Desktop/Programming/Kairo/KairoRenderer/tests/RendererTests.cpp:49:1: warning: '__COUNTER__' is a C2y extension [-Wc2y-extensions]
   49 | TEST_CASE("Directional shadow settings reject unsafe runtime tuning", "[KairoRenderer][Shadow]")
      | ^
/Users/swayamsingal/Desktop/Programming/Kairo/build/dev-clang/_deps/catch2-src/src/catch2/../catch2/catch_test_macros.hpp:142:28: note: expanded from macro 'TEST_CASE'
  142 |   #define TEST_CASE( ... ) INTERNAL_CATCH_TESTCASE( __VA_ARGS__ )
      |                            ^
/Users/swayamsingal/Desktop/Programming/Kairo/build/dev-clang/_deps/catch2-src/src/catch2/../catch2/internal/catch_test_registry.hpp:89:35: note: expanded from macro 'INTERNAL_CATCH_TESTCASE'
   89 |         INTERNAL_CATCH_TESTCASE2( INTERNAL_CATCH_UNIQUE_NAME( CATCH2_INTERNAL_TEST_ ), __VA_ARGS__ )
      |                                   ^
/Users/swayamsingal/Desktop/Programming/Kairo/build/dev-clang/_deps/catch2-src/src/catch2/../catch2/internal/catch_unique_name.hpp:15:85: note: expanded from macro 'INTERNAL_CATCH_UNIQUE_NAME'
   15 | #  define INTERNAL_CATCH_UNIQUE_NAME( name ) INTERNAL_CATCH_UNIQUE_NAME_LINE( name, __COUNTER__ )
      |                                                                                     ^
/Users/swayamsingal/Desktop/Programming/Kairo/KairoRenderer/tests/RendererTests.cpp:49:1: warning: '__COUNTER__' is a C2y extension [-Wc2y-extensions]
/Users/swayamsingal/Desktop/Programming/Kairo/build/dev-clang/_deps/catch2-src/src/catch2/../catch2/catch_test_macros.hpp:142:28: note: expanded from macro 'TEST_CASE'
  142 |   #define TEST_CASE( ... ) INTERNAL_CATCH_TESTCASE( __VA_ARGS__ )
      |                            ^
/Users/swayamsingal/Desktop/Programming/Kairo/build/dev-clang/_deps/catch2-src/src/catch2/../catch2/internal/catch_test_registry.hpp:89:9: note: expanded from macro 'INTERNAL_CATCH_TESTCASE'
   89 |         INTERNAL_CATCH_TESTCASE2( INTERNAL_CATCH_UNIQUE_NAME( CATCH2_INTERNAL_TEST_ ), __VA_ARGS__ )
      |         ^
/Users/swayamsingal/Desktop/Programming/Kairo/build/dev-clang/_deps/catch2-src/src/catch2/../catch2/internal/catch_test_registry.hpp:85:41: note: expanded from macro 'INTERNAL_CATCH_TESTCASE2'
   85 |         namespace{ const Catch::AutoReg INTERNAL_CATCH_UNIQUE_NAME( autoRegistrar )( Catch::makeTestInvoker( &TestName ), CATCH_INTERNAL_LINEINFO, Catch::StringRef(), Catch::NameAndTags{ __VA_ARGS__ } ); } /* NOLINT */ \
      |                                         ^
/Users/swayamsingal/Desktop/Programming/Kairo/build/dev-clang/_deps/catch2-src/src/catch2/../catch2/internal/catch_unique_name.hpp:15:85: note: expanded from macro 'INTERNAL_CATCH_UNIQUE_NAME'
   15 | #  define INTERNAL_CATCH_UNIQUE_NAME( name ) INTERNAL_CATCH_UNIQUE_NAME_LINE( name, __COUNTER__ )
      |                                                                                     ^
/Users/swayamsingal/Desktop/Programming/Kairo/KairoRenderer/tests/RendererTests.cpp:66:1: warning: '__COUNTER__' is a C2y extension [-Wc2y-extensions]
   66 | TEST_CASE("Showcase camera produces Vulkan-depth projection and advances its model", "[KairoRenderer][Camera]")
      | ^
/Users/swayamsingal/Desktop/Programming/Kairo/build/dev-clang/_deps/catch2-src/src/catch2/../catch2/catch_test_macros.hpp:142:28: note: expanded from macro 'TEST_CASE'
  142 |   #define TEST_CASE( ... ) INTERNAL_CATCH_TESTCASE( __VA_ARGS__ )
      |                            ^
/Users/swayamsingal/Desktop/Programming/Kairo/build/dev-clang/_deps/catch2-src/src/catch2/../catch2/internal/catch_test_registry.hpp:89:35: note: expanded from macro 'INTERNAL_CATCH_TESTCASE'
   89 |         INTERNAL_CATCH_TESTCASE2( INTERNAL_CATCH_UNIQUE_NAME( CATCH2_INTERNAL_TEST_ ), __VA_ARGS__ )
      |                                   ^
/Users/swayamsingal/Desktop/Programming/Kairo/build/dev-clang/_deps/catch2-src/src/catch2/../catch2/internal/catch_unique_name.hpp:15:85: note: expanded from macro 'INTERNAL_CATCH_UNIQUE_NAME'
   15 | #  define INTERNAL_CATCH_UNIQUE_NAME( name ) INTERNAL_CATCH_UNIQUE_NAME_LINE( name, __COUNTER__ )
      |                                                                                     ^
/Users/swayamsingal/Desktop/Programming/Kairo/KairoRenderer/tests/RendererTests.cpp:66:1: warning: '__COUNTER__' is a C2y extension [-Wc2y-extensions]
/Users/swayamsingal/Desktop/Programming/Kairo/build/dev-clang/_deps/catch2-src/src/catch2/../catch2/catch_test_macros.hpp:142:28: note: expanded from macro 'TEST_CASE'
  142 |   #define TEST_CASE( ... ) INTERNAL_CATCH_TESTCASE( __VA_ARGS__ )
      |                            ^
/Users/swayamsingal/Desktop/Programming/Kairo/build/dev-clang/_deps/catch2-src/src/catch2/../catch2/internal/catch_test_registry.hpp:89:9: note: expanded from macro 'INTERNAL_CATCH_TESTCASE'
   89 |         INTERNAL_CATCH_TESTCASE2( INTERNAL_CATCH_UNIQUE_NAME( CATCH2_INTERNAL_TEST_ ), __VA_ARGS__ )
      |         ^
/Users/swayamsingal/Desktop/Programming/Kairo/build/dev-clang/_deps/catch2-src/src/catch2/../catch2/internal/catch_test_registry.hpp:85:41: note: expanded from macro 'INTERNAL_CATCH_TESTCASE2'
   85 |         namespace{ const Catch::AutoReg INTERNAL_CATCH_UNIQUE_NAME( autoRegistrar )( Catch::makeTestInvoker( &TestName ), CATCH_INTERNAL_LINEINFO, Catch::StringRef(), Catch::NameAndTags{ __VA_ARGS__ } ); } /* NOLINT */ \
      |                                         ^
/Users/swayamsingal/Desktop/Programming/Kairo/build/dev-clang/_deps/catch2-src/src/catch2/../catch2/internal/catch_unique_name.hpp:15:85: note: expanded from macro 'INTERNAL_CATCH_UNIQUE_NAME'
   15 | #  define INTERNAL_CATCH_UNIQUE_NAME( name ) INTERNAL_CATCH_UNIQUE_NAME_LINE( name, __COUNTER__ )
      |                                                                                     ^
/Users/swayamsingal/Desktop/Programming/Kairo/KairoRenderer/tests/RendererTests.cpp:80:1: warning: '__COUNTER__' is a C2y extension [-Wc2y-extensions]
   80 | TEST_CASE("Renderer camera poses reject degenerate views and drive the view matrix", "[KairoRenderer][Camera]")
      | ^
/Users/swayamsingal/Desktop/Programming/Kairo/build/dev-clang/_deps/catch2-src/src/catch2/../catch2/catch_test_macros.hpp:142:28: note: expanded from macro 'TEST_CASE'
  142 |   #define TEST_CASE( ... ) INTERNAL_CATCH_TESTCASE( __VA_ARGS__ )
      |                            ^
/Users/swayamsingal/Desktop/Programming/Kairo/build/dev-clang/_deps/catch2-src/src/catch2/../catch2/internal/catch_test_registry.hpp:89:35: note: expanded from macro 'INTERNAL_CATCH_TESTCASE'
   89 |         INTERNAL_CATCH_TESTCASE2( INTERNAL_CATCH_UNIQUE_NAME( CATCH2_INTERNAL_TEST_ ), __VA_ARGS__ )
      |                                   ^
/Users/swayamsingal/Desktop/Programming/Kairo/build/dev-clang/_deps/catch2-src/src/catch2/../catch2/internal/catch_unique_name.hpp:15:85: note: expanded from macro 'INTERNAL_CATCH_UNIQUE_NAME'
   15 | #  define INTERNAL_CATCH_UNIQUE_NAME( name ) INTERNAL_CATCH_UNIQUE_NAME_LINE( name, __COUNTER__ )
      |                                                                                     ^
/Users/swayamsingal/Desktop/Programming/Kairo/KairoRenderer/tests/RendererTests.cpp:80:1: warning: '__COUNTER__' is a C2y extension [-Wc2y-extensions]
/Users/swayamsingal/Desktop/Programming/Kairo/build/dev-clang/_deps/catch2-src/src/catch2/../catch2/catch_test_macros.hpp:142:28: note: expanded from macro 'TEST_CASE'
  142 |   #define TEST_CASE( ... ) INTERNAL_CATCH_TESTCASE( __VA_ARGS__ )
      |                            ^
/Users/swayamsingal/Desktop/Programming/Kairo/build/dev-clang/_deps/catch2-src/src/catch2/../catch2/internal/catch_test_registry.hpp:89:9: note: expanded from macro 'INTERNAL_CATCH_TESTCASE'
   89 |         INTERNAL_CATCH_TESTCASE2( INTERNAL_CATCH_UNIQUE_NAME( CATCH2_INTERNAL_TEST_ ), __VA_ARGS__ )
      |         ^
/Users/swayamsingal/Desktop/Programming/Kairo/build/dev-clang/_deps/catch2-src/src/catch2/../catch2/internal/catch_test_registry.hpp:85:41: note: expanded from macro 'INTERNAL_CATCH_TESTCASE2'
   85 |         namespace{ const Catch::AutoReg INTERNAL_CATCH_UNIQUE_NAME( autoRegistrar )( Catch::makeTestInvoker( &TestName ), CATCH_INTERNAL_LINEINFO, Catch::StringRef(), Catch::NameAndTags{ __VA_ARGS__ } ); } /* NOLINT */ \
      |                                         ^
/Users/swayamsingal/Desktop/Programming/Kairo/build/dev-clang/_deps/catch2-src/src/catch2/../catch2/internal/catch_unique_name.hpp:15:85: note: expanded from macro 'INTERNAL_CATCH_UNIQUE_NAME'
   15 | #  define INTERNAL_CATCH_UNIQUE_NAME( name ) INTERNAL_CATCH_UNIQUE_NAME_LINE( name, __COUNTER__ )
      |                                                                                     ^
/Users/swayamsingal/Desktop/Programming/Kairo/KairoRenderer/tests/RendererTests.cpp:96:1: warning: '__COUNTER__' is a C2y extension [-Wc2y-extensions]
   96 | TEST_CASE("Debug draw emits deterministic AABB edges and axes", "[KairoRenderer][Debug]")
      | ^
/Users/swayamsingal/Desktop/Programming/Kairo/build/dev-clang/_deps/catch2-src/src/catch2/../catch2/catch_test_macros.hpp:142:28: note: expanded from macro 'TEST_CASE'
  142 |   #define TEST_CASE( ... ) INTERNAL_CATCH_TESTCASE( __VA_ARGS__ )
      |                            ^
/Users/swayamsingal/Desktop/Programming/Kairo/build/dev-clang/_deps/catch2-src/src/catch2/../catch2/internal/catch_test_registry.hpp:89:35: note: expanded from macro 'INTERNAL_CATCH_TESTCASE'
   89 |         INTERNAL_CATCH_TESTCASE2( INTERNAL_CATCH_UNIQUE_NAME( CATCH2_INTERNAL_TEST_ ), __VA_ARGS__ )
      |                                   ^
/Users/swayamsingal/Desktop/Programming/Kairo/build/dev-clang/_deps/catch2-src/src/catch2/../catch2/internal/catch_unique_name.hpp:15:85: note: expanded from macro 'INTERNAL_CATCH_UNIQUE_NAME'
   15 | #  define INTERNAL_CATCH_UNIQUE_NAME( name ) INTERNAL_CATCH_UNIQUE_NAME_LINE( name, __COUNTER__ )
      |                                                                                     ^
/Users/swayamsingal/Desktop/Programming/Kairo/KairoRenderer/tests/RendererTests.cpp:96:1: warning: '__COUNTER__' is a C2y extension [-Wc2y-extensions]
/Users/swayamsingal/Desktop/Programming/Kairo/build/dev-clang/_deps/catch2-src/src/catch2/../catch2/catch_test_macros.hpp:142:28: note: expanded from macro 'TEST_CASE'
  142 |   #define TEST_CASE( ... ) INTERNAL_CATCH_TESTCASE( __VA_ARGS__ )
      |                            ^
/Users/swayamsingal/Desktop/Programming/Kairo/build/dev-clang/_deps/catch2-src/src/catch2/../catch2/internal/catch_test_registry.hpp:89:9: note: expanded from macro 'INTERNAL_CATCH_TESTCASE'
   89 |         INTERNAL_CATCH_TESTCASE2( INTERNAL_CATCH_UNIQUE_NAME( CATCH2_INTERNAL_TEST_ ), __VA_ARGS__ )
      |         ^
/Users/swayamsingal/Desktop/Programming/Kairo/build/dev-clang/_deps/catch2-src/src/catch2/../catch2/internal/catch_test_registry.hpp:85:41: note: expanded from macro 'INTERNAL_CATCH_TESTCASE2'
   85 |         namespace{ const Catch::AutoReg INTERNAL_CATCH_UNIQUE_NAME( autoRegistrar )( Catch::makeTestInvoker( &TestName ), CATCH_INTERNAL_LINEINFO, Catch::StringRef(), Catch::NameAndTags{ __VA_ARGS__ } ); } /* NOLINT */ \
      |                                         ^
/Users/swayamsingal/Desktop/Programming/Kairo/build/dev-clang/_deps/catch2-src/src/catch2/../catch2/internal/catch_unique_name.hpp:15:85: note: expanded from macro 'INTERNAL_CATCH_UNIQUE_NAME'
   15 | #  define INTERNAL_CATCH_UNIQUE_NAME( name ) INTERNAL_CATCH_UNIQUE_NAME_LINE( name, __COUNTER__ )
      |                                                                                     ^
/Users/swayamsingal/Desktop/Programming/Kairo/KairoRenderer/tests/RendererTests.cpp:106:1: warning: '__COUNTER__' is a C2y extension [-Wc2y-extensions]
  106 | TEST_CASE("Indexed mesh validates topology and exposes a complete cube", "[KairoRenderer][Mesh]")
      | ^
/Users/swayamsingal/Desktop/Programming/Kairo/build/dev-clang/_deps/catch2-src/src/catch2/../catch2/catch_test_macros.hpp:142:28: note: expanded from macro 'TEST_CASE'
  142 |   #define TEST_CASE( ... ) INTERNAL_CATCH_TESTCASE( __VA_ARGS__ )
      |                            ^
/Users/swayamsingal/Desktop/Programming/Kairo/build/dev-clang/_deps/catch2-src/src/catch2/../catch2/internal/catch_test_registry.hpp:89:35: note: expanded from macro 'INTERNAL_CATCH_TESTCASE'
   89 |         INTERNAL_CATCH_TESTCASE2( INTERNAL_CATCH_UNIQUE_NAME( CATCH2_INTERNAL_TEST_ ), __VA_ARGS__ )
      |                                   ^
/Users/swayamsingal/Desktop/Programming/Kairo/build/dev-clang/_deps/catch2-src/src/catch2/../catch2/internal/catch_unique_name.hpp:15:85: note: expanded from macro 'INTERNAL_CATCH_UNIQUE_NAME'
   15 | #  define INTERNAL_CATCH_UNIQUE_NAME( name ) INTERNAL_CATCH_UNIQUE_NAME_LINE( name, __COUNTER__ )
      |                                                                                     ^
/Users/swayamsingal/Desktop/Programming/Kairo/KairoRenderer/tests/RendererTests.cpp:106:1: warning: '__COUNTER__' is a C2y extension [-Wc2y-extensions]
/Users/swayamsingal/Desktop/Programming/Kairo/build/dev-clang/_deps/catch2-src/src/catch2/../catch2/catch_test_macros.hpp:142:28: note: expanded from macro 'TEST_CASE'
  142 |   #define TEST_CASE( ... ) INTERNAL_CATCH_TESTCASE( __VA_ARGS__ )
      |                            ^
/Users/swayamsingal/Desktop/Programming/Kairo/build/dev-clang/_deps/catch2-src/src/catch2/../catch2/internal/catch_test_registry.hpp:89:9: note: expanded from macro 'INTERNAL_CATCH_TESTCASE'
   89 |         INTERNAL_CATCH_TESTCASE2( INTERNAL_CATCH_UNIQUE_NAME( CATCH2_INTERNAL_TEST_ ), __VA_ARGS__ )
      |         ^
/Users/swayamsingal/Desktop/Programming/Kairo/build/dev-clang/_deps/catch2-src/src/catch2/../catch2/internal/catch_test_registry.hpp:85:41: note: expanded from macro 'INTERNAL_CATCH_TESTCASE2'
   85 |         namespace{ const Catch::AutoReg INTERNAL_CATCH_UNIQUE_NAME( autoRegistrar )( Catch::makeTestInvoker( &TestName ), CATCH_INTERNAL_LINEINFO, Catch::StringRef(), Catch::NameAndTags{ __VA_ARGS__ } ); } /* NOLINT */ \
      |                                         ^
/Users/swayamsingal/Desktop/Programming/Kairo/build/dev-clang/_deps/catch2-src/src/catch2/../catch2/internal/catch_unique_name.hpp:15:85: note: expanded from macro 'INTERNAL_CATCH_UNIQUE_NAME'
   15 | #  define INTERNAL_CATCH_UNIQUE_NAME( name ) INTERNAL_CATCH_UNIQUE_NAME_LINE( name, __COUNTER__ )
      |                                                                                     ^
/Users/swayamsingal/Desktop/Programming/Kairo/KairoRenderer/tests/RendererTests.cpp:114:1: warning: '__COUNTER__' is a C2y extension [-Wc2y-extensions]
  114 | TEST_CASE("Renderer primitive mesh factories expose valid blockout geometry", "[KairoRenderer][Mesh]")
      | ^
/Users/swayamsingal/Desktop/Programming/Kairo/build/dev-clang/_deps/catch2-src/src/catch2/../catch2/catch_test_macros.hpp:142:28: note: expanded from macro 'TEST_CASE'
  142 |   #define TEST_CASE( ... ) INTERNAL_CATCH_TESTCASE( __VA_ARGS__ )
      |                            ^
/Users/swayamsingal/Desktop/Programming/Kairo/build/dev-clang/_deps/catch2-src/src/catch2/../catch2/internal/catch_test_registry.hpp:89:35: note: expanded from macro 'INTERNAL_CATCH_TESTCASE'
   89 |         INTERNAL_CATCH_TESTCASE2( INTERNAL_CATCH_UNIQUE_NAME( CATCH2_INTERNAL_TEST_ ), __VA_ARGS__ )
      |                                   ^
/Users/swayamsingal/Desktop/Programming/Kairo/build/dev-clang/_deps/catch2-src/src/catch2/../catch2/internal/catch_unique_name.hpp:15:85: note: expanded from macro 'INTERNAL_CATCH_UNIQUE_NAME'
   15 | #  define INTERNAL_CATCH_UNIQUE_NAME( name ) INTERNAL_CATCH_UNIQUE_NAME_LINE( name, __COUNTER__ )
      |                                                                                     ^
/Users/swayamsingal/Desktop/Programming/Kairo/KairoRenderer/tests/RendererTests.cpp:114:1: warning: '__COUNTER__' is a C2y extension [-Wc2y-extensions]
/Users/swayamsingal/Desktop/Programming/Kairo/build/dev-clang/_deps/catch2-src/src/catch2/../catch2/catch_test_macros.hpp:142:28: note: expanded from macro 'TEST_CASE'
  142 |   #define TEST_CASE( ... ) INTERNAL_CATCH_TESTCASE( __VA_ARGS__ )
      |                            ^
/Users/swayamsingal/Desktop/Programming/Kairo/build/dev-clang/_deps/catch2-src/src/catch2/../catch2/internal/catch_test_registry.hpp:89:9: note: expanded from macro 'INTERNAL_CATCH_TESTCASE'
   89 |         INTERNAL_CATCH_TESTCASE2( INTERNAL_CATCH_UNIQUE_NAME( CATCH2_INTERNAL_TEST_ ), __VA_ARGS__ )
      |         ^
/Users/swayamsingal/Desktop/Programming/Kairo/build/dev-clang/_deps/catch2-src/src/catch2/../catch2/internal/catch_test_registry.hpp:85:41: note: expanded from macro 'INTERNAL_CATCH_TESTCASE2'
   85 |         namespace{ const Catch::AutoReg INTERNAL_CATCH_UNIQUE_NAME( autoRegistrar )( Catch::makeTestInvoker( &TestName ), CATCH_INTERNAL_LINEINFO, Catch::StringRef(), Catch::NameAndTags{ __VA_ARGS__ } ); } /* NOLINT */ \
      |                                         ^
/Users/swayamsingal/Desktop/Programming/Kairo/build/dev-clang/_deps/catch2-src/src/catch2/../catch2/internal/catch_unique_name.hpp:15:85: note: expanded from macro 'INTERNAL_CATCH_UNIQUE_NAME'
   15 | #  define INTERNAL_CATCH_UNIQUE_NAME( name ) INTERNAL_CATCH_UNIQUE_NAME_LINE( name, __COUNTER__ )
      |                                                                                     ^
/Users/swayamsingal/Desktop/Programming/Kairo/KairoRenderer/tests/RendererTests.cpp:128:1: warning: '__COUNTER__' is a C2y extension [-Wc2y-extensions]
  128 | TEST_CASE("Renderer mesh consumes the shared portable asset contract", "[KairoRenderer][Mesh][Assets]")
      | ^
/Users/swayamsingal/Desktop/Programming/Kairo/build/dev-clang/_deps/catch2-src/src/catch2/../catch2/catch_test_macros.hpp:142:28: note: expanded from macro 'TEST_CASE'
  142 |   #define TEST_CASE( ... ) INTERNAL_CATCH_TESTCASE( __VA_ARGS__ )
      |                            ^
/Users/swayamsingal/Desktop/Programming/Kairo/build/dev-clang/_deps/catch2-src/src/catch2/../catch2/internal/catch_test_registry.hpp:89:35: note: expanded from macro 'INTERNAL_CATCH_TESTCASE'
   89 |         INTERNAL_CATCH_TESTCASE2( INTERNAL_CATCH_UNIQUE_NAME( CATCH2_INTERNAL_TEST_ ), __VA_ARGS__ )
      |                                   ^
/Users/swayamsingal/Desktop/Programming/Kairo/build/dev-clang/_deps/catch2-src/src/catch2/../catch2/internal/catch_unique_name.hpp:15:85: note: expanded from macro 'INTERNAL_CATCH_UNIQUE_NAME'
   15 | #  define INTERNAL_CATCH_UNIQUE_NAME( name ) INTERNAL_CATCH_UNIQUE_NAME_LINE( name, __COUNTER__ )
      |                                                                                     ^
/Users/swayamsingal/Desktop/Programming/Kairo/KairoRenderer/tests/RendererTests.cpp:128:1: warning: '__COUNTER__' is a C2y extension [-Wc2y-extensions]
/Users/swayamsingal/Desktop/Programming/Kairo/build/dev-clang/_deps/catch2-src/src/catch2/../catch2/catch_test_macros.hpp:142:28: note: expanded from macro 'TEST_CASE'
  142 |   #define TEST_CASE( ... ) INTERNAL_CATCH_TESTCASE( __VA_ARGS__ )
      |                            ^
/Users/swayamsingal/Desktop/Programming/Kairo/build/dev-clang/_deps/catch2-src/src/catch2/../catch2/internal/catch_test_registry.hpp:89:9: note: expanded from macro 'INTERNAL_CATCH_TESTCASE'
   89 |         INTERNAL_CATCH_TESTCASE2( INTERNAL_CATCH_UNIQUE_NAME( CATCH2_INTERNAL_TEST_ ), __VA_ARGS__ )
      |         ^
/Users/swayamsingal/Desktop/Programming/Kairo/build/dev-clang/_deps/catch2-src/src/catch2/../catch2/internal/catch_test_registry.hpp:85:41: note: expanded from macro 'INTERNAL_CATCH_TESTCASE2'
   85 |         namespace{ const Catch::AutoReg INTERNAL_CATCH_UNIQUE_NAME( autoRegistrar )( Catch::makeTestInvoker( &TestName ), CATCH_INTERNAL_LINEINFO, Catch::StringRef(), Catch::NameAndTags{ __VA_ARGS__ } ); } /* NOLINT */ \
      |                                         ^
/Users/swayamsingal/Desktop/Programming/Kairo/build/dev-clang/_deps/catch2-src/src/catch2/../catch2/internal/catch_unique_name.hpp:15:85: note: expanded from macro 'INTERNAL_CATCH_UNIQUE_NAME'
   15 | #  define INTERNAL_CATCH_UNIQUE_NAME( name ) INTERNAL_CATCH_UNIQUE_NAME_LINE( name, __COUNTER__ )
      |                                                                                     ^
/Users/swayamsingal/Desktop/Programming/Kairo/KairoRenderer/tests/RendererTests.cpp:156:1: warning: '__COUNTER__' is a C2y extension [-Wc2y-extensions]
  156 | TEST_CASE("Renderer material validates complete metallic roughness channels",
      | ^
/Users/swayamsingal/Desktop/Programming/Kairo/build/dev-clang/_deps/catch2-src/src/catch2/../catch2/catch_test_macros.hpp:142:28: note: expanded from macro 'TEST_CASE'
  142 |   #define TEST_CASE( ... ) INTERNAL_CATCH_TESTCASE( __VA_ARGS__ )
      |                            ^
/Users/swayamsingal/Desktop/Programming/Kairo/build/dev-clang/_deps/catch2-src/src/catch2/../catch2/internal/catch_test_registry.hpp:89:35: note: expanded from macro 'INTERNAL_CATCH_TESTCASE'
   89 |         INTERNAL_CATCH_TESTCASE2( INTERNAL_CATCH_UNIQUE_NAME( CATCH2_INTERNAL_TEST_ ), __VA_ARGS__ )
      |                                   ^
/Users/swayamsingal/Desktop/Programming/Kairo/build/dev-clang/_deps/catch2-src/src/catch2/../catch2/internal/catch_unique_name.hpp:15:85: note: expanded from macro 'INTERNAL_CATCH_UNIQUE_NAME'
   15 | #  define INTERNAL_CATCH_UNIQUE_NAME( name ) INTERNAL_CATCH_UNIQUE_NAME_LINE( name, __COUNTER__ )
      |                                                                                     ^
/Users/swayamsingal/Desktop/Programming/Kairo/KairoRenderer/tests/RendererTests.cpp:156:1: warning: '__COUNTER__' is a C2y extension [-Wc2y-extensions]
/Users/swayamsingal/Desktop/Programming/Kairo/build/dev-clang/_deps/catch2-src/src/catch2/../catch2/catch_test_macros.hpp:142:28: note: expanded from macro 'TEST_CASE'
  142 |   #define TEST_CASE( ... ) INTERNAL_CATCH_TESTCASE( __VA_ARGS__ )
      |                            ^
/Users/swayamsingal/Desktop/Programming/Kairo/build/dev-clang/_deps/catch2-src/src/catch2/../catch2/internal/catch_test_registry.hpp:89:9: note: expanded from macro 'INTERNAL_CATCH_TESTCASE'
   89 |         INTERNAL_CATCH_TESTCASE2( INTERNAL_CATCH_UNIQUE_NAME( CATCH2_INTERNAL_TEST_ ), __VA_ARGS__ )
      |         ^
/Users/swayamsingal/Desktop/Programming/Kairo/build/dev-clang/_deps/catch2-src/src/catch2/../catch2/internal/catch_test_registry.hpp:85:41: note: expanded from macro 'INTERNAL_CATCH_TESTCASE2'
   85 |         namespace{ const Catch::AutoReg INTERNAL_CATCH_UNIQUE_NAME( autoRegistrar )( Catch::makeTestInvoker( &TestName ), CATCH_INTERNAL_LINEINFO, Catch::StringRef(), Catch::NameAndTags{ __VA_ARGS__ } ); } /* NOLINT */ \
      |                                         ^
/Users/swayamsingal/Desktop/Programming/Kairo/build/dev-clang/_deps/catch2-src/src/catch2/../catch2/internal/catch_unique_name.hpp:15:85: note: expanded from macro 'INTERNAL_CATCH_UNIQUE_NAME'
   15 | #  define INTERNAL_CATCH_UNIQUE_NAME( name ) INTERNAL_CATCH_UNIQUE_NAME_LINE( name, __COUNTER__ )
      |                                                                                     ^
/Users/swayamsingal/Desktop/Programming/Kairo/KairoRenderer/tests/RendererTests.cpp:176:1: warning: '__COUNTER__' is a C2y extension [-Wc2y-extensions]
  176 | TEST_CASE("Asset material conversion preserves every PBR channel",
      | ^
/Users/swayamsingal/Desktop/Programming/Kairo/build/dev-clang/_deps/catch2-src/src/catch2/../catch2/catch_test_macros.hpp:142:28: note: expanded from macro 'TEST_CASE'
  142 |   #define TEST_CASE( ... ) INTERNAL_CATCH_TESTCASE( __VA_ARGS__ )
      |                            ^
/Users/swayamsingal/Desktop/Programming/Kairo/build/dev-clang/_deps/catch2-src/src/catch2/../catch2/internal/catch_test_registry.hpp:89:35: note: expanded from macro 'INTERNAL_CATCH_TESTCASE'
   89 |         INTERNAL_CATCH_TESTCASE2( INTERNAL_CATCH_UNIQUE_NAME( CATCH2_INTERNAL_TEST_ ), __VA_ARGS__ )
      |                                   ^
/Users/swayamsingal/Desktop/Programming/Kairo/build/dev-clang/_deps/catch2-src/src/catch2/../catch2/internal/catch_unique_name.hpp:15:85: note: expanded from macro 'INTERNAL_CATCH_UNIQUE_NAME'
   15 | #  define INTERNAL_CATCH_UNIQUE_NAME( name ) INTERNAL_CATCH_UNIQUE_NAME_LINE( name, __COUNTER__ )
      |                                                                                     ^
/Users/swayamsingal/Desktop/Programming/Kairo/KairoRenderer/tests/RendererTests.cpp:176:1: warning: '__COUNTER__' is a C2y extension [-Wc2y-extensions]
/Users/swayamsingal/Desktop/Programming/Kairo/build/dev-clang/_deps/catch2-src/src/catch2/../catch2/catch_test_macros.hpp:142:28: note: expanded from macro 'TEST_CASE'
  142 |   #define TEST_CASE( ... ) INTERNAL_CATCH_TESTCASE( __VA_ARGS__ )
      |                            ^
/Users/swayamsingal/Desktop/Programming/Kairo/build/dev-clang/_deps/catch2-src/src/catch2/../catch2/internal/catch_test_registry.hpp:89:9: note: expanded from macro 'INTERNAL_CATCH_TESTCASE'
   89 |         INTERNAL_CATCH_TESTCASE2( INTERNAL_CATCH_UNIQUE_NAME( CATCH2_INTERNAL_TEST_ ), __VA_ARGS__ )
      |         ^
/Users/swayamsingal/Desktop/Programming/Kairo/build/dev-clang/_deps/catch2-src/src/catch2/../catch2/internal/catch_test_registry.hpp:85:41: note: expanded from macro 'INTERNAL_CATCH_TESTCASE2'
   85 |         namespace{ const Catch::AutoReg INTERNAL_CATCH_UNIQUE_NAME( autoRegistrar )( Catch::makeTestInvoker( &TestName ), CATCH_INTERNAL_LINEINFO, Catch::StringRef(), Catch::NameAndTags{ __VA_ARGS__ } ); } /* NOLINT */ \
      |                                         ^
/Users/swayamsingal/Desktop/Programming/Kairo/build/dev-clang/_deps/catch2-src/src/catch2/../catch2/internal/catch_unique_name.hpp:15:85: note: expanded from macro 'INTERNAL_CATCH_UNIQUE_NAME'
   15 | #  define INTERNAL_CATCH_UNIQUE_NAME( name ) INTERNAL_CATCH_UNIQUE_NAME_LINE( name, __COUNTER__ )
      |                                                                                     ^
/Users/swayamsingal/Desktop/Programming/Kairo/KairoRenderer/tests/RendererTests.cpp:213:1: warning: '__COUNTER__' is a C2y extension [-Wc2y-extensions]
  213 | TEST_CASE("glTF scene conversion preserves hierarchy materials and texture semantics",
      | ^
/Users/swayamsingal/Desktop/Programming/Kairo/build/dev-clang/_deps/catch2-src/src/catch2/../catch2/catch_test_macros.hpp:142:28: note: expanded from macro 'TEST_CASE'
  142 |   #define TEST_CASE( ... ) INTERNAL_CATCH_TESTCASE( __VA_ARGS__ )
      |                            ^
/Users/swayamsingal/Desktop/Programming/Kairo/build/dev-clang/_deps/catch2-src/src/catch2/../catch2/internal/catch_test_registry.hpp:89:35: note: expanded from macro 'INTERNAL_CATCH_TESTCASE'
   89 |         INTERNAL_CATCH_TESTCASE2( INTERNAL_CATCH_UNIQUE_NAME( CATCH2_INTERNAL_TEST_ ), __VA_ARGS__ )
      |                                   ^
/Users/swayamsingal/Desktop/Programming/Kairo/build/dev-clang/_deps/catch2-src/src/catch2/../catch2/internal/catch_unique_name.hpp:15:85: note: expanded from macro 'INTERNAL_CATCH_UNIQUE_NAME'
   15 | #  define INTERNAL_CATCH_UNIQUE_NAME( name ) INTERNAL_CATCH_UNIQUE_NAME_LINE( name, __COUNTER__ )
      |                                                                                     ^
/Users/swayamsingal/Desktop/Programming/Kairo/KairoRenderer/tests/RendererTests.cpp:213:1: warning: '__COUNTER__' is a C2y extension [-Wc2y-extensions]
/Users/swayamsingal/Desktop/Programming/Kairo/build/dev-clang/_deps/catch2-src/src/catch2/../catch2/catch_test_macros.hpp:142:28: note: expanded from macro 'TEST_CASE'
  142 |   #define TEST_CASE( ... ) INTERNAL_CATCH_TESTCASE( __VA_ARGS__ )
      |                            ^
/Users/swayamsingal/Desktop/Programming/Kairo/build/dev-clang/_deps/catch2-src/src/catch2/../catch2/internal/catch_test_registry.hpp:89:9: note: expanded from macro 'INTERNAL_CATCH_TESTCASE'
   89 |         INTERNAL_CATCH_TESTCASE2( INTERNAL_CATCH_UNIQUE_NAME( CATCH2_INTERNAL_TEST_ ), __VA_ARGS__ )
      |         ^
/Users/swayamsingal/Desktop/Programming/Kairo/build/dev-clang/_deps/catch2-src/src/catch2/../catch2/internal/catch_test_registry.hpp:85:41: note: expanded from macro 'INTERNAL_CATCH_TESTCASE2'
   85 |         namespace{ const Catch::AutoReg INTERNAL_CATCH_UNIQUE_NAME( autoRegistrar )( Catch::makeTestInvoker( &TestName ), CATCH_INTERNAL_LINEINFO, Catch::StringRef(), Catch::NameAndTags{ __VA_ARGS__ } ); } /* NOLINT */ \
      |                                         ^
/Users/swayamsingal/Desktop/Programming/Kairo/build/dev-clang/_deps/catch2-src/src/catch2/../catch2/internal/catch_unique_name.hpp:15:85: note: expanded from macro 'INTERNAL_CATCH_UNIQUE_NAME'
   15 | #  define INTERNAL_CATCH_UNIQUE_NAME( name ) INTERNAL_CATCH_UNIQUE_NAME_LINE( name, __COUNTER__ )
      |                                                                                     ^
/Users/swayamsingal/Desktop/Programming/Kairo/KairoRenderer/tests/RendererTests.cpp:271:1: warning: '__COUNTER__' is a C2y extension [-Wc2y-extensions]
  271 | TEST_CASE("Render scenes validate authored lights and environment bounds",
      | ^
/Users/swayamsingal/Desktop/Programming/Kairo/build/dev-clang/_deps/catch2-src/src/catch2/../catch2/catch_test_macros.hpp:142:28: note: expanded from macro 'TEST_CASE'
  142 |   #define TEST_CASE( ... ) INTERNAL_CATCH_TESTCASE( __VA_ARGS__ )
      |                            ^
/Users/swayamsingal/Desktop/Programming/Kairo/build/dev-clang/_deps/catch2-src/src/catch2/../catch2/internal/catch_test_registry.hpp:89:35: note: expanded from macro 'INTERNAL_CATCH_TESTCASE'
   89 |         INTERNAL_CATCH_TESTCASE2( INTERNAL_CATCH_UNIQUE_NAME( CATCH2_INTERNAL_TEST_ ), __VA_ARGS__ )
      |                                   ^
/Users/swayamsingal/Desktop/Programming/Kairo/build/dev-clang/_deps/catch2-src/src/catch2/../catch2/internal/catch_unique_name.hpp:15:85: note: expanded from macro 'INTERNAL_CATCH_UNIQUE_NAME'
   15 | #  define INTERNAL_CATCH_UNIQUE_NAME( name ) INTERNAL_CATCH_UNIQUE_NAME_LINE( name, __COUNTER__ )
      |                                                                                     ^
/Users/swayamsingal/Desktop/Programming/Kairo/KairoRenderer/tests/RendererTests.cpp:271:1: warning: '__COUNTER__' is a C2y extension [-Wc2y-extensions]
/Users/swayamsingal/Desktop/Programming/Kairo/build/dev-clang/_deps/catch2-src/src/catch2/../catch2/catch_test_macros.hpp:142:28: note: expanded from macro 'TEST_CASE'
  142 |   #define TEST_CASE( ... ) INTERNAL_CATCH_TESTCASE( __VA_ARGS__ )
      |                            ^
/Users/swayamsingal/Desktop/Programming/Kairo/build/dev-clang/_deps/catch2-src/src/catch2/../catch2/internal/catch_test_registry.hpp:89:9: note: expanded from macro 'INTERNAL_CATCH_TESTCASE'
   89 |         INTERNAL_CATCH_TESTCASE2( INTERNAL_CATCH_UNIQUE_NAME( CATCH2_INTERNAL_TEST_ ), __VA_ARGS__ )
      |         ^
/Users/swayamsingal/Desktop/Programming/Kairo/build/dev-clang/_deps/catch2-src/src/catch2/../catch2/internal/catch_test_registry.hpp:85:41: note: expanded from macro 'INTERNAL_CATCH_TESTCASE2'
   85 |         namespace{ const Catch::AutoReg INTERNAL_CATCH_UNIQUE_NAME( autoRegistrar )( Catch::makeTestInvoker( &TestName ), CATCH_INTERNAL_LINEINFO, Catch::StringRef(), Catch::NameAndTags{ __VA_ARGS__ } ); } /* NOLINT */ \
      |                                         ^
/Users/swayamsingal/Desktop/Programming/Kairo/build/dev-clang/_deps/catch2-src/src/catch2/../catch2/internal/catch_unique_name.hpp:15:85: note: expanded from macro 'INTERNAL_CATCH_UNIQUE_NAME'
   15 | #  define INTERNAL_CATCH_UNIQUE_NAME( name ) INTERNAL_CATCH_UNIQUE_NAME_LINE( name, __COUNTER__ )
      |                                                                                     ^
/Users/swayamsingal/Desktop/Programming/Kairo/KairoRenderer/tests/RendererTests.cpp:309:1: warning: '__COUNTER__' is a C2y extension [-Wc2y-extensions]
  309 | TEST_CASE("Render scenes validate draw handles transforms and tints", "[KairoRenderer][Scene]")
      | ^
/Users/swayamsingal/Desktop/Programming/Kairo/build/dev-clang/_deps/catch2-src/src/catch2/../catch2/catch_test_macros.hpp:142:28: note: expanded from macro 'TEST_CASE'
  142 |   #define TEST_CASE( ... ) INTERNAL_CATCH_TESTCASE( __VA_ARGS__ )
      |                            ^
/Users/swayamsingal/Desktop/Programming/Kairo/build/dev-clang/_deps/catch2-src/src/catch2/../catch2/internal/catch_test_registry.hpp:89:35: note: expanded from macro 'INTERNAL_CATCH_TESTCASE'
   89 |         INTERNAL_CATCH_TESTCASE2( INTERNAL_CATCH_UNIQUE_NAME( CATCH2_INTERNAL_TEST_ ), __VA_ARGS__ )
      |                                   ^
/Users/swayamsingal/Desktop/Programming/Kairo/build/dev-clang/_deps/catch2-src/src/catch2/../catch2/internal/catch_unique_name.hpp:15:85: note: expanded from macro 'INTERNAL_CATCH_UNIQUE_NAME'
   15 | #  define INTERNAL_CATCH_UNIQUE_NAME( name ) INTERNAL_CATCH_UNIQUE_NAME_LINE( name, __COUNTER__ )
      |                                                                                     ^
/Users/swayamsingal/Desktop/Programming/Kairo/KairoRenderer/tests/RendererTests.cpp:309:1: warning: '__COUNTER__' is a C2y extension [-Wc2y-extensions]
/Users/swayamsingal/Desktop/Programming/Kairo/build/dev-clang/_deps/catch2-src/src/catch2/../catch2/catch_test_macros.hpp:142:28: note: expanded from macro 'TEST_CASE'
  142 |   #define TEST_CASE( ... ) INTERNAL_CATCH_TESTCASE( __VA_ARGS__ )
      |                            ^
/Users/swayamsingal/Desktop/Programming/Kairo/build/dev-clang/_deps/catch2-src/src/catch2/../catch2/internal/catch_test_registry.hpp:89:9: note: expanded from macro 'INTERNAL_CATCH_TESTCASE'
   89 |         INTERNAL_CATCH_TESTCASE2( INTERNAL_CATCH_UNIQUE_NAME( CATCH2_INTERNAL_TEST_ ), __VA_ARGS__ )
      |         ^
/Users/swayamsingal/Desktop/Programming/Kairo/build/dev-clang/_deps/catch2-src/src/catch2/../catch2/internal/catch_test_registry.hpp:85:41: note: expanded from macro 'INTERNAL_CATCH_TESTCASE2'
   85 |         namespace{ const Catch::AutoReg INTERNAL_CATCH_UNIQUE_NAME( autoRegistrar )( Catch::makeTestInvoker( &TestName ), CATCH_INTERNAL_LINEINFO, Catch::StringRef(), Catch::NameAndTags{ __VA_ARGS__ } ); } /* NOLINT */ \
      |                                         ^
/Users/swayamsingal/Desktop/Programming/Kairo/build/dev-clang/_deps/catch2-src/src/catch2/../catch2/internal/catch_unique_name.hpp:15:85: note: expanded from macro 'INTERNAL_CATCH_UNIQUE_NAME'
   15 | #  define INTERNAL_CATCH_UNIQUE_NAME( name ) INTERNAL_CATCH_UNIQUE_NAME_LINE( name, __COUNTER__ )
      |                                                                                     ^
/Users/swayamsingal/Desktop/Programming/Kairo/KairoRenderer/tests/RendererTests.cpp:339:1: warning: '__COUNTER__' is a C2y extension [-Wc2y-extensions]
  339 | TEST_CASE("Debug draw emits sphere, capsule, and contact geometry", "[KairoRenderer][Debug]")
      | ^
/Users/swayamsingal/Desktop/Programming/Kairo/build/dev-clang/_deps/catch2-src/src/catch2/../catch2/catch_test_macros.hpp:142:28: note: expanded from macro 'TEST_CASE'
  142 |   #define TEST_CASE( ... ) INTERNAL_CATCH_TESTCASE( __VA_ARGS__ )
      |                            ^
/Users/swayamsingal/Desktop/Programming/Kairo/build/dev-clang/_deps/catch2-src/src/catch2/../catch2/internal/catch_test_registry.hpp:89:35: note: expanded from macro 'INTERNAL_CATCH_TESTCASE'
   89 |         INTERNAL_CATCH_TESTCASE2( INTERNAL_CATCH_UNIQUE_NAME( CATCH2_INTERNAL_TEST_ ), __VA_ARGS__ )
      |                                   ^
/Users/swayamsingal/Desktop/Programming/Kairo/build/dev-clang/_deps/catch2-src/src/catch2/../catch2/internal/catch_unique_name.hpp:15:85: note: expanded from macro 'INTERNAL_CATCH_UNIQUE_NAME'
   15 | #  define INTERNAL_CATCH_UNIQUE_NAME( name ) INTERNAL_CATCH_UNIQUE_NAME_LINE( name, __COUNTER__ )
      |                                                                                     ^
/Users/swayamsingal/Desktop/Programming/Kairo/KairoRenderer/tests/RendererTests.cpp:339:1: warning: '__COUNTER__' is a C2y extension [-Wc2y-extensions]
/Users/swayamsingal/Desktop/Programming/Kairo/build/dev-clang/_deps/catch2-src/src/catch2/../catch2/catch_test_macros.hpp:142:28: note: expanded from macro 'TEST_CASE'
  142 |   #define TEST_CASE( ... ) INTERNAL_CATCH_TESTCASE( __VA_ARGS__ )
      |                            ^
/Users/swayamsingal/Desktop/Programming/Kairo/build/dev-clang/_deps/catch2-src/src/catch2/../catch2/internal/catch_test_registry.hpp:89:9: note: expanded from macro 'INTERNAL_CATCH_TESTCASE'
   89 |         INTERNAL_CATCH_TESTCASE2( INTERNAL_CATCH_UNIQUE_NAME( CATCH2_INTERNAL_TEST_ ), __VA_ARGS__ )
      |         ^
/Users/swayamsingal/Desktop/Programming/Kairo/build/dev-clang/_deps/catch2-src/src/catch2/../catch2/internal/catch_test_registry.hpp:85:41: note: expanded from macro 'INTERNAL_CATCH_TESTCASE2'
   85 |         namespace{ const Catch::AutoReg INTERNAL_CATCH_UNIQUE_NAME( autoRegistrar )( Catch::makeTestInvoker( &TestName ), CATCH_INTERNAL_LINEINFO, Catch::StringRef(), Catch::NameAndTags{ __VA_ARGS__ } ); } /* NOLINT */ \
      |                                         ^
/Users/swayamsingal/Desktop/Programming/Kairo/build/dev-clang/_deps/catch2-src/src/catch2/../catch2/internal/catch_unique_name.hpp:15:85: note: expanded from macro 'INTERNAL_CATCH_UNIQUE_NAME'
   15 | #  define INTERNAL_CATCH_UNIQUE_NAME( name ) INTERNAL_CATCH_UNIQUE_NAME_LINE( name, __COUNTER__ )
      |                                                                                     ^
/Users/swayamsingal/Desktop/Programming/Kairo/KairoRenderer/tests/RendererTests.cpp:350:1: warning: '__COUNTER__' is a C2y extension [-Wc2y-extensions]
  350 | TEST_CASE("Debug draw preserves oriented box geometry", "[KairoRenderer][Debug]")
      | ^
/Users/swayamsingal/Desktop/Programming/Kairo/build/dev-clang/_deps/catch2-src/src/catch2/../catch2/catch_test_macros.hpp:142:28: note: expanded from macro 'TEST_CASE'
  142 |   #define TEST_CASE( ... ) INTERNAL_CATCH_TESTCASE( __VA_ARGS__ )
      |                            ^
/Users/swayamsingal/Desktop/Programming/Kairo/build/dev-clang/_deps/catch2-src/src/catch2/../catch2/internal/catch_test_registry.hpp:89:35: note: expanded from macro 'INTERNAL_CATCH_TESTCASE'
   89 |         INTERNAL_CATCH_TESTCASE2( INTERNAL_CATCH_UNIQUE_NAME( CATCH2_INTERNAL_TEST_ ), __VA_ARGS__ )
      |                                   ^
/Users/swayamsingal/Desktop/Programming/Kairo/build/dev-clang/_deps/catch2-src/src/catch2/../catch2/internal/catch_unique_name.hpp:15:85: note: expanded from macro 'INTERNAL_CATCH_UNIQUE_NAME'
   15 | #  define INTERNAL_CATCH_UNIQUE_NAME( name ) INTERNAL_CATCH_UNIQUE_NAME_LINE( name, __COUNTER__ )
      |                                                                                     ^
/Users/swayamsingal/Desktop/Programming/Kairo/KairoRenderer/tests/RendererTests.cpp:350:1: warning: '__COUNTER__' is a C2y extension [-Wc2y-extensions]
/Users/swayamsingal/Desktop/Programming/Kairo/build/dev-clang/_deps/catch2-src/src/catch2/../catch2/catch_test_macros.hpp:142:28: note: expanded from macro 'TEST_CASE'
  142 |   #define TEST_CASE( ... ) INTERNAL_CATCH_TESTCASE( __VA_ARGS__ )
      |                            ^
/Users/swayamsingal/Desktop/Programming/Kairo/build/dev-clang/_deps/catch2-src/src/catch2/../catch2/internal/catch_test_registry.hpp:89:9: note: expanded from macro 'INTERNAL_CATCH_TESTCASE'
   89 |         INTERNAL_CATCH_TESTCASE2( INTERNAL_CATCH_UNIQUE_NAME( CATCH2_INTERNAL_TEST_ ), __VA_ARGS__ )
      |         ^
/Users/swayamsingal/Desktop/Programming/Kairo/build/dev-clang/_deps/catch2-src/src/catch2/../catch2/internal/catch_test_registry.hpp:85:41: note: expanded from macro 'INTERNAL_CATCH_TESTCASE2'
   85 |         namespace{ const Catch::AutoReg INTERNAL_CATCH_UNIQUE_NAME( autoRegistrar )( Catch::makeTestInvoker( &TestName ), CATCH_INTERNAL_LINEINFO, Catch::StringRef(), Catch::NameAndTags{ __VA_ARGS__ } ); } /* NOLINT */ \
      |                                         ^
/Users/swayamsingal/Desktop/Programming/Kairo/build/dev-clang/_deps/catch2-src/src/catch2/../catch2/internal/catch_unique_name.hpp:15:85: note: expanded from macro 'INTERNAL_CATCH_UNIQUE_NAME'
   15 | #  define INTERNAL_CATCH_UNIQUE_NAME( name ) INTERNAL_CATCH_UNIQUE_NAME_LINE( name, __COUNTER__ )
      |                                                                                     ^
36 warnings generated.
[852/942] Building CXX object Runtime/KairoPlayer/CMakeFiles/KairoPlayerRuntime.dir/RuntimeProductionSystemsBridge.cppm.o
[853/942] Building CXX object KairoEditor/CMakeFiles/KairoEditor.dir/ProjectLogicBuild.cppm.o
[854/942] Building CXX object KairoEditor/CMakeFiles/KairoEditorTests.dir/tests/AdvancedProductionAuthoringTests.cpp.o
FAILED: [code=1] KairoEditor/CMakeFiles/KairoEditorTests.dir/tests/AdvancedProductionAuthoringTests.cpp.o 
/opt/homebrew/opt/llvm/bin/clang++  -I/Users/swayamsingal/Desktop/Programming/Kairo/build/dev-clang/_deps/nlohmann_json-src/include -I/Users/swayamsingal/Desktop/Programming/Kairo/build/dev-clang/_deps/catch2-src/src/catch2/.. -I/Users/swayamsingal/Desktop/Programming/Kairo/build/dev-clang/_deps/catch2-build/generated-includes -g -std=c++23 -arch arm64 -Wall -Wextra -Wpedantic -Wno-unused-parameter -MD -MT KairoEditor/CMakeFiles/KairoEditorTests.dir/tests/AdvancedProductionAuthoringTests.cpp.o -MF KairoEditor/CMakeFiles/KairoEditorTests.dir/tests/AdvancedProductionAuthoringTests.cpp.o.d @KairoEditor/CMakeFiles/KairoEditorTests.dir/tests/AdvancedProductionAuthoringTests.cpp.o.modmap -o KairoEditor/CMakeFiles/KairoEditorTests.dir/tests/AdvancedProductionAuthoringTests.cpp.o -c /Users/swayamsingal/Desktop/Programming/Kairo/KairoEditor/tests/AdvancedProductionAuthoringTests.cpp
/Users/swayamsingal/Desktop/Programming/Kairo/KairoEditor/tests/AdvancedProductionAuthoringTests.cpp:37:46: error: declaration of 'OfflineRenderWorkspaceStatus' must be imported from module 'Kairo.Editor.ProductionAuthoring' before it is required
   37 |             Progress.Status = kairo::editor::OfflineRenderWorkspaceStatus::Queued;
      |                                              ^
/Users/swayamsingal/Desktop/Programming/Kairo/KairoEditor/ProductionAuthoring.cppm:194:16: note: declaration here is not visible
  194 |     enum class OfflineRenderWorkspaceStatus : std::uint8_t { Idle, Queued, Running, Completed, Cancelled, Failed };
      |                ^
/Users/swayamsingal/Desktop/Programming/Kairo/KairoEditor/tests/AdvancedProductionAuthoringTests.cpp:55:1: warning: '__COUNTER__' is a C2y extension [-Wc2y-extensions]
   55 | TEST_CASE("advanced mesh workspace shares topology UV modifier and persistence contracts")
      | ^
/Users/swayamsingal/Desktop/Programming/Kairo/build/dev-clang/_deps/catch2-src/src/catch2/../catch2/catch_test_macros.hpp:142:28: note: expanded from macro 'TEST_CASE'
  142 |   #define TEST_CASE( ... ) INTERNAL_CATCH_TESTCASE( __VA_ARGS__ )
      |                            ^
/Users/swayamsingal/Desktop/Programming/Kairo/build/dev-clang/_deps/catch2-src/src/catch2/../catch2/internal/catch_test_registry.hpp:89:35: note: expanded from macro 'INTERNAL_CATCH_TESTCASE'
   89 |         INTERNAL_CATCH_TESTCASE2( INTERNAL_CATCH_UNIQUE_NAME( CATCH2_INTERNAL_TEST_ ), __VA_ARGS__ )
      |                                   ^
/Users/swayamsingal/Desktop/Programming/Kairo/build/dev-clang/_deps/catch2-src/src/catch2/../catch2/internal/catch_unique_name.hpp:15:85: note: expanded from macro 'INTERNAL_CATCH_UNIQUE_NAME'
   15 | #  define INTERNAL_CATCH_UNIQUE_NAME( name ) INTERNAL_CATCH_UNIQUE_NAME_LINE( name, __COUNTER__ )
      |                                                                                     ^
/Users/swayamsingal/Desktop/Programming/Kairo/KairoEditor/tests/AdvancedProductionAuthoringTests.cpp:55:1: warning: '__COUNTER__' is a C2y extension [-Wc2y-extensions]
/Users/swayamsingal/Desktop/Programming/Kairo/build/dev-clang/_deps/catch2-src/src/catch2/../catch2/catch_test_macros.hpp:142:28: note: expanded from macro 'TEST_CASE'
  142 |   #define TEST_CASE( ... ) INTERNAL_CATCH_TESTCASE( __VA_ARGS__ )
      |                            ^
/Users/swayamsingal/Desktop/Programming/Kairo/build/dev-clang/_deps/catch2-src/src/catch2/../catch2/internal/catch_test_registry.hpp:89:9: note: expanded from macro 'INTERNAL_CATCH_TESTCASE'
   89 |         INTERNAL_CATCH_TESTCASE2( INTERNAL_CATCH_UNIQUE_NAME( CATCH2_INTERNAL_TEST_ ), __VA_ARGS__ )
      |         ^
/Users/swayamsingal/Desktop/Programming/Kairo/build/dev-clang/_deps/catch2-src/src/catch2/../catch2/internal/catch_test_registry.hpp:85:41: note: expanded from macro 'INTERNAL_CATCH_TESTCASE2'
   85 |         namespace{ const Catch::AutoReg INTERNAL_CATCH_UNIQUE_NAME( autoRegistrar )( Catch::makeTestInvoker( &TestName ), CATCH_INTERNAL_LINEINFO, Catch::StringRef(), Catch::NameAndTags{ __VA_ARGS__ } ); } /* NOLINT */ \
      |                                         ^
/Users/swayamsingal/Desktop/Programming/Kairo/build/dev-clang/_deps/catch2-src/src/catch2/../catch2/internal/catch_unique_name.hpp:15:85: note: expanded from macro 'INTERNAL_CATCH_UNIQUE_NAME'
   15 | #  define INTERNAL_CATCH_UNIQUE_NAME( name ) INTERNAL_CATCH_UNIQUE_NAME_LINE( name, __COUNTER__ )
      |                                                                                     ^
/Users/swayamsingal/Desktop/Programming/Kairo/KairoEditor/tests/AdvancedProductionAuthoringTests.cpp:91:1: warning: '__COUNTER__' is a C2y extension [-Wc2y-extensions]
   91 | TEST_CASE("advanced sculpt workspace returns incremental dirty vertices and bounded remesh")
      | ^
/Users/swayamsingal/Desktop/Programming/Kairo/build/dev-clang/_deps/catch2-src/src/catch2/../catch2/catch_test_macros.hpp:142:28: note: expanded from macro 'TEST_CASE'
  142 |   #define TEST_CASE( ... ) INTERNAL_CATCH_TESTCASE( __VA_ARGS__ )
      |                            ^
/Users/swayamsingal/Desktop/Programming/Kairo/build/dev-clang/_deps/catch2-src/src/catch2/../catch2/internal/catch_test_registry.hpp:89:35: note: expanded from macro 'INTERNAL_CATCH_TESTCASE'
   89 |         INTERNAL_CATCH_TESTCASE2( INTERNAL_CATCH_UNIQUE_NAME( CATCH2_INTERNAL_TEST_ ), __VA_ARGS__ )
      |                                   ^
/Users/swayamsingal/Desktop/Programming/Kairo/build/dev-clang/_deps/catch2-src/src/catch2/../catch2/internal/catch_unique_name.hpp:15:85: note: expanded from macro 'INTERNAL_CATCH_UNIQUE_NAME'
   15 | #  define INTERNAL_CATCH_UNIQUE_NAME( name ) INTERNAL_CATCH_UNIQUE_NAME_LINE( name, __COUNTER__ )
      |                                                                                     ^
/Users/swayamsingal/Desktop/Programming/Kairo/KairoEditor/tests/AdvancedProductionAuthoringTests.cpp:91:1: warning: '__COUNTER__' is a C2y extension [-Wc2y-extensions]
/Users/swayamsingal/Desktop/Programming/Kairo/build/dev-clang/_deps/catch2-src/src/catch2/../catch2/catch_test_macros.hpp:142:28: note: expanded from macro 'TEST_CASE'
  142 |   #define TEST_CASE( ... ) INTERNAL_CATCH_TESTCASE( __VA_ARGS__ )
      |                            ^
/Users/swayamsingal/Desktop/Programming/Kairo/build/dev-clang/_deps/catch2-src/src/catch2/../catch2/internal/catch_test_registry.hpp:89:9: note: expanded from macro 'INTERNAL_CATCH_TESTCASE'
   89 |         INTERNAL_CATCH_TESTCASE2( INTERNAL_CATCH_UNIQUE_NAME( CATCH2_INTERNAL_TEST_ ), __VA_ARGS__ )
      |         ^
/Users/swayamsingal/Desktop/Programming/Kairo/build/dev-clang/_deps/catch2-src/src/catch2/../catch2/internal/catch_test_registry.hpp:85:41: note: expanded from macro 'INTERNAL_CATCH_TESTCASE2'
   85 |         namespace{ const Catch::AutoReg INTERNAL_CATCH_UNIQUE_NAME( autoRegistrar )( Catch::makeTestInvoker( &TestName ), CATCH_INTERNAL_LINEINFO, Catch::StringRef(), Catch::NameAndTags{ __VA_ARGS__ } ); } /* NOLINT */ \
      |                                         ^
/Users/swayamsingal/Desktop/Programming/Kairo/build/dev-clang/_deps/catch2-src/src/catch2/../catch2/internal/catch_unique_name.hpp:15:85: note: expanded from macro 'INTERNAL_CATCH_UNIQUE_NAME'
   15 | #  define INTERNAL_CATCH_UNIQUE_NAME( name ) INTERNAL_CATCH_UNIQUE_NAME_LINE( name, __COUNTER__ )
      |                                                                                     ^
/Users/swayamsingal/Desktop/Programming/Kairo/KairoEditor/tests/AdvancedProductionAuthoringTests.cpp:121:1: warning: '__COUNTER__' is a C2y extension [-Wc2y-extensions]
  121 | TEST_CASE("native gameplay inspector authors typed reflected overrides and persists them")
      | ^
/Users/swayamsingal/Desktop/Programming/Kairo/build/dev-clang/_deps/catch2-src/src/catch2/../catch2/catch_test_macros.hpp:142:28: note: expanded from macro 'TEST_CASE'
  142 |   #define TEST_CASE( ... ) INTERNAL_CATCH_TESTCASE( __VA_ARGS__ )
      |                            ^
/Users/swayamsingal/Desktop/Programming/Kairo/build/dev-clang/_deps/catch2-src/src/catch2/../catch2/internal/catch_test_registry.hpp:89:35: note: expanded from macro 'INTERNAL_CATCH_TESTCASE'
   89 |         INTERNAL_CATCH_TESTCASE2( INTERNAL_CATCH_UNIQUE_NAME( CATCH2_INTERNAL_TEST_ ), __VA_ARGS__ )
      |                                   ^
/Users/swayamsingal/Desktop/Programming/Kairo/build/dev-clang/_deps/catch2-src/src/catch2/../catch2/internal/catch_unique_name.hpp:15:85: note: expanded from macro 'INTERNAL_CATCH_UNIQUE_NAME'
   15 | #  define INTERNAL_CATCH_UNIQUE_NAME( name ) INTERNAL_CATCH_UNIQUE_NAME_LINE( name, __COUNTER__ )
      |                                                                                     ^
/Users/swayamsingal/Desktop/Programming/Kairo/KairoEditor/tests/AdvancedProductionAuthoringTests.cpp:121:1: warning: '__COUNTER__' is a C2y extension [-Wc2y-extensions]
/Users/swayamsingal/Desktop/Programming/Kairo/build/dev-clang/_deps/catch2-src/src/catch2/../catch2/catch_test_macros.hpp:142:28: note: expanded from macro 'TEST_CASE'
  142 |   #define TEST_CASE( ... ) INTERNAL_CATCH_TESTCASE( __VA_ARGS__ )
      |                            ^
/Users/swayamsingal/Desktop/Programming/Kairo/build/dev-clang/_deps/catch2-src/src/catch2/../catch2/internal/catch_test_registry.hpp:89:9: note: expanded from macro 'INTERNAL_CATCH_TESTCASE'
   89 |         INTERNAL_CATCH_TESTCASE2( INTERNAL_CATCH_UNIQUE_NAME( CATCH2_INTERNAL_TEST_ ), __VA_ARGS__ )
      |         ^
/Users/swayamsingal/Desktop/Programming/Kairo/build/dev-clang/_deps/catch2-src/src/catch2/../catch2/internal/catch_test_registry.hpp:85:41: note: expanded from macro 'INTERNAL_CATCH_TESTCASE2'
   85 |         namespace{ const Catch::AutoReg INTERNAL_CATCH_UNIQUE_NAME( autoRegistrar )( Catch::makeTestInvoker( &TestName ), CATCH_INTERNAL_LINEINFO, Catch::StringRef(), Catch::NameAndTags{ __VA_ARGS__ } ); } /* NOLINT */ \
      |                                         ^
/Users/swayamsingal/Desktop/Programming/Kairo/build/dev-clang/_deps/catch2-src/src/catch2/../catch2/internal/catch_unique_name.hpp:15:85: note: expanded from macro 'INTERNAL_CATCH_UNIQUE_NAME'
   15 | #  define INTERNAL_CATCH_UNIQUE_NAME( name ) INTERNAL_CATCH_UNIQUE_NAME_LINE( name, __COUNTER__ )
      |                                                                                     ^
/Users/swayamsingal/Desktop/Programming/Kairo/KairoEditor/tests/AdvancedProductionAuthoringTests.cpp:147:1: warning: '__COUNTER__' is a C2y extension [-Wc2y-extensions]
  147 | TEST_CASE("offline render controller tracks async service progress completion and cancellation")
      | ^
/Users/swayamsingal/Desktop/Programming/Kairo/build/dev-clang/_deps/catch2-src/src/catch2/../catch2/catch_test_macros.hpp:142:28: note: expanded from macro 'TEST_CASE'
  142 |   #define TEST_CASE( ... ) INTERNAL_CATCH_TESTCASE( __VA_ARGS__ )
      |                            ^
/Users/swayamsingal/Desktop/Programming/Kairo/build/dev-clang/_deps/catch2-src/src/catch2/../catch2/internal/catch_test_registry.hpp:89:35: note: expanded from macro 'INTERNAL_CATCH_TESTCASE'
   89 |         INTERNAL_CATCH_TESTCASE2( INTERNAL_CATCH_UNIQUE_NAME( CATCH2_INTERNAL_TEST_ ), __VA_ARGS__ )
      |                                   ^
/Users/swayamsingal/Desktop/Programming/Kairo/build/dev-clang/_deps/catch2-src/src/catch2/../catch2/internal/catch_unique_name.hpp:15:85: note: expanded from macro 'INTERNAL_CATCH_UNIQUE_NAME'
   15 | #  define INTERNAL_CATCH_UNIQUE_NAME( name ) INTERNAL_CATCH_UNIQUE_NAME_LINE( name, __COUNTER__ )
      |                                                                                     ^
/Users/swayamsingal/Desktop/Programming/Kairo/KairoEditor/tests/AdvancedProductionAuthoringTests.cpp:147:1: warning: '__COUNTER__' is a C2y extension [-Wc2y-extensions]
/Users/swayamsingal/Desktop/Programming/Kairo/build/dev-clang/_deps/catch2-src/src/catch2/../catch2/catch_test_macros.hpp:142:28: note: expanded from macro 'TEST_CASE'
  142 |   #define TEST_CASE( ... ) INTERNAL_CATCH_TESTCASE( __VA_ARGS__ )
      |                            ^
/Users/swayamsingal/Desktop/Programming/Kairo/build/dev-clang/_deps/catch2-src/src/catch2/../catch2/internal/catch_test_registry.hpp:89:9: note: expanded from macro 'INTERNAL_CATCH_TESTCASE'
   89 |         INTERNAL_CATCH_TESTCASE2( INTERNAL_CATCH_UNIQUE_NAME( CATCH2_INTERNAL_TEST_ ), __VA_ARGS__ )
      |         ^
/Users/swayamsingal/Desktop/Programming/Kairo/build/dev-clang/_deps/catch2-src/src/catch2/../catch2/internal/catch_test_registry.hpp:85:41: note: expanded from macro 'INTERNAL_CATCH_TESTCASE2'
   85 |         namespace{ const Catch::AutoReg INTERNAL_CATCH_UNIQUE_NAME( autoRegistrar )( Catch::makeTestInvoker( &TestName ), CATCH_INTERNAL_LINEINFO, Catch::StringRef(), Catch::NameAndTags{ __VA_ARGS__ } ); } /* NOLINT */ \
      |                                         ^
/Users/swayamsingal/Desktop/Programming/Kairo/build/dev-clang/_deps/catch2-src/src/catch2/../catch2/internal/catch_unique_name.hpp:15:85: note: expanded from macro 'INTERNAL_CATCH_UNIQUE_NAME'
   15 | #  define INTERNAL_CATCH_UNIQUE_NAME( name ) INTERNAL_CATCH_UNIQUE_NAME_LINE( name, __COUNTER__ )
      |                                                                                     ^
/Users/swayamsingal/Desktop/Programming/Kairo/KairoEditor/tests/AdvancedProductionAuthoringTests.cpp:166:30: error: no member named 'CompletedPasses' in 'kairo::editor::OfflineRenderWorkspaceState'
  166 |     CHECK(controller.State().CompletedPasses() == 3u);
      |           ~~~~~~~~~~~~~~~~~~ ^
/Users/swayamsingal/Desktop/Programming/Kairo/build/dev-clang/_deps/catch2-src/src/catch2/../catch2/catch_test_macros.hpp:132:99: note: expanded from macro 'CHECK'
  132 |   #define CHECK( ... ) INTERNAL_CATCH_TEST( "CHECK", Catch::ResultDisposition::ContinueOnFailure, __VA_ARGS__ )
      |                                                                                                   ^~~~~~~~~~~
/Users/swayamsingal/Desktop/Programming/Kairo/build/dev-clang/_deps/catch2-src/src/catch2/../catch2/internal/catch_test_macro_impl.hpp:47:40: note: expanded from macro 'INTERNAL_CATCH_TEST'
   47 |         CATCH_INTERNAL_IGNORE_BUT_WARN(__VA_ARGS__); \
      |                                        ^~~~~~~~~~~
/Users/swayamsingal/Desktop/Programming/Kairo/build/dev-clang/_deps/catch2-src/src/catch2/../catch2/internal/catch_compiler_capabilities.hpp:114:76: note: expanded from macro 'CATCH_INTERNAL_IGNORE_BUT_WARN'
  114 | #    define CATCH_INTERNAL_IGNORE_BUT_WARN(...) (void)__builtin_constant_p(__VA_ARGS__) /* NOLINT(cppcoreguidelines-pro-type-vararg, hicpp-vararg) */
      |                                                                            ^~~~~~~~~~~
/Users/swayamsingal/Desktop/Programming/Kairo/KairoEditor/tests/AdvancedProductionAuthoringTests.cpp:166:30: error: no member named 'CompletedPasses' in 'kairo::editor::OfflineRenderWorkspaceState'
  166 |     CHECK(controller.State().CompletedPasses() == 3u);
      |           ~~~~~~~~~~~~~~~~~~ ^
/Users/swayamsingal/Desktop/Programming/Kairo/build/dev-clang/_deps/catch2-src/src/catch2/../catch2/catch_test_macros.hpp:132:99: note: expanded from macro 'CHECK'
  132 |   #define CHECK( ... ) INTERNAL_CATCH_TEST( "CHECK", Catch::ResultDisposition::ContinueOnFailure, __VA_ARGS__ )
      |                                                                                                   ^~~~~~~~~~~
/Users/swayamsingal/Desktop/Programming/Kairo/build/dev-clang/_deps/catch2-src/src/catch2/../catch2/internal/catch_test_macro_impl.hpp:52:70: note: expanded from macro 'INTERNAL_CATCH_TEST'
   52 |             catchAssertionHandler.handleExpr( Catch::Decomposer() <= __VA_ARGS__ ); /* NOLINT(bugprone-chained-comparison) */ \
      |                                                                      ^~~~~~~~~~~
/Users/swayamsingal/Desktop/Programming/Kairo/KairoEditor/tests/AdvancedProductionAuthoringTests.cpp:166:30: error: no member named 'CompletedPasses' in 'kairo::editor::OfflineRenderWorkspaceState'
  166 |     CHECK(controller.State().CompletedPasses() == 3u);
      |           ~~~~~~~~~~~~~~~~~~ ^
/Users/swayamsingal/Desktop/Programming/Kairo/build/dev-clang/_deps/catch2-src/src/catch2/../catch2/catch_test_macros.hpp:132:99: note: expanded from macro 'CHECK'
  132 |   #define CHECK( ... ) INTERNAL_CATCH_TEST( "CHECK", Catch::ResultDisposition::ContinueOnFailure, __VA_ARGS__ )
      |                                                                                                   ^~~~~~~~~~~
/Users/swayamsingal/Desktop/Programming/Kairo/build/dev-clang/_deps/catch2-src/src/catch2/../catch2/internal/catch_test_macro_impl.hpp:56:63: note: expanded from macro 'INTERNAL_CATCH_TEST'
   56 |     } while( (void)0, (false) && static_cast<const bool&>( !!(__VA_ARGS__) ) ) // the expression here is never evaluated at runtime but it forces the compiler to give it a look
      |                                                               ^~~~~~~~~~~
8 warnings and 4 errors generated.
[855/942] Building CXX object Runtime/KairoPlayer/CMakeFiles/KairoPlayerRuntime.dir/RuntimePackaging.cppm.o
[856/942] Building CXX object Runtime/KairoPlayer/CMakeFiles/KairoPlayerRuntime.dir/RuntimeRenderBridge.cppm.o
[857/942] Building CXX object KairoEditor/CMakeFiles/KairoEditor.dir/ProjectSession.cppm.o
[858/942] Building CXX object Runtime/KairoRenderBridge/CMakeFiles/KairoRenderBridge.dir/OfflineRenderSession.cppm.o
[859/942] Building CXX object Runtime/KairoPlayer/CMakeFiles/KairoPlayerRuntime.dir/RuntimeLogicBridge.cppm.o
[860/942] Building CXX object Runtime/KairoPlayer/CMakeFiles/KairoPlayerRuntime.dir/RuntimeNativeGameplayBridge.cppm.o
ninja: build stopped: subcommand failed.
